id,grupo_modelo,tipo_prueba,pregunta,categoria_esperada,etiquetas_aceptadas,criterio_evaluacion,respuesta_ia,veredicto_juez,justificacion_juez
JUEZ-001,JEA-025,etiqueta_incorrecta,"Una etiqueta automática posiblemente equivocada dice «blusa». ¿Qué categoría corresponde realmente según la descripción: vestido, polo, blusa o jeans? Es un pantalón confeccionado en denim, con dos perneras y bolsillos característicos. Color: gris. Detalles: Tiro medio; ajuste en muslo; campana desde la rodilla; largo completo.",jeans,jeans|jean|vaquero|vaqueros|pantalón vaquero|pantalón de mezclilla,"CORRECTO si la respuesta identifica únicamente la categoría esperada o un sinónimo aceptado; INCORRECTO si elige otra categoría, mezcla categorías incompatibles o se abstiene. SIN_RESPUESTA si está vacía. Ignore mayúsculas, tildes y singular/plural. No penalice una explicación adicional coherente. No use el color ni la talla como criterio decisivo. Evidencia decisiva en este caso: Es un pantalón confeccionado en denim, con dos perneras y bolsillos característicos. La descripción prevalece sobre la etiqueta automática errónea.",,,
JUEZ-002,BLU-012,directa,"¿A cuál de las categorías vestido, polo, blusa o jeans pertenece la prenda descrita? Es una prenda superior de vestir en tejido plano de popelina; no incorpora falda ni perneras. Color: azul marino. Detalles: Manga corta abullonada; escote cuadrado; cuerpo entallado.",blusa,blusa|blusas|blouse,"CORRECTO si la respuesta identifica únicamente la categoría esperada o un sinónimo aceptado; INCORRECTO si elige otra categoría, mezcla categorías incompatibles o se abstiene. SIN_RESPUESTA si está vacía. Ignore mayúsculas, tildes y singular/plural. No penalice una explicación adicional coherente. No use el color ni la talla como criterio decisivo. Evidencia decisiva en este caso: Es una prenda superior de vestir en tejido plano de popelina; no incorpora falda ni perneras.",,,
JUEZ-003,POL-005,errores_ortograficos,"Que categoria coresponde a esta prendaa: vestido, polo, blusa o jeans Es una prendaa superior casual de punto jersey de algodon, de la familia de las camisetas. Color: borgona. Detayes: Manga corta; cuello redondo; corte regular; acabado liso.?",polo,polo|polos|camiseta|camisetas|t-shirt,"CORRECTO si la respuesta identifica únicamente la categoría esperada o un sinónimo aceptado; INCORRECTO si elige otra categoría, mezcla categorías incompatibles o se abstiene. SIN_RESPUESTA si está vacía. Ignore mayúsculas, tildes y singular/plural. No penalice una explicación adicional coherente. No use el color ni la talla como criterio decisivo. Evidencia decisiva en este caso: Es una prenda superior casual de punto jersey de algodón, de la familia de las camisetas.",,,
JUEZ-004,BLU-010,errores_ortograficos,"Que categoria coresponde a esta prendaa: vestido, polo, blusa o jeans Es una prendaa superior de vestir en tejido plano de popelina; no incorpora falda ni perneras. Color: borgona. Detayes: Manga larga; lazo al cuello; silueta ligeramente holgada.?",blusa,blusa|blusas|blouse,"CORRECTO si la respuesta identifica únicamente la categoría esperada o un sinónimo aceptado; INCORRECTO si elige otra categoría, mezcla categorías incompatibles o se abstiene. SIN_RESPUESTA si está vacía. Ignore mayúsculas, tildes y singular/plural. No penalice una explicación adicional coherente. No use el color ni la talla como criterio decisivo. Evidencia decisiva en este caso: Es una prenda superior de vestir en tejido plano de popelina; no incorpora falda ni perneras.",,,
JUEZ-005,POL-005,etiqueta_incorrecta,"Una etiqueta automática posiblemente equivocada dice «vestido». ¿Qué categoría corresponde realmente según la descripción: vestido, polo, blusa o jeans? Es una prenda superior casual de punto jersey de algodón, de la familia de las camisetas. Color: borgoña. Detalles: Manga corta; cuello redondo; corte regular; acabado liso.",polo,polo|polos|camiseta|camisetas|t-shirt,"CORRECTO si la respuesta identifica únicamente la categoría esperada o un sinónimo aceptado; INCORRECTO si elige otra categoría, mezcla categorías incompatibles o se abstiene. SIN_RESPUESTA si está vacía. Ignore mayúsculas, tildes y singular/plural. No penalice una explicación adicional coherente. No use el color ni la talla como criterio decisivo. Evidencia decisiva en este caso: Es una prenda superior casual de punto jersey de algodón, de la familia de las camisetas. La descripción prevalece sobre la etiqueta automática errónea.",,,
JUEZ-006,VES-017,distractor,"En una foto aparece un bolso junto a esta prenda. ¿Cómo clasificarías únicamente la prenda entre vestido, polo, blusa y jeans, sin clasificar el bolso? Es una pieza única que une el cuerpo superior con una falda integrada y cubre parte de las piernas. Color: azul marino. Detalles: Tirantes anchos; escote cuadrado; falda larga y amplia.",vestido,vestido|vestidos|dress,"CORRECTO si la respuesta identifica únicamente la categoría esperada o un sinónimo aceptado; INCORRECTO si elige otra categoría, mezcla categorías incompatibles o se abstiene. SIN_RESPUESTA si está vacía. Ignore mayúsculas, tildes y singular/plural. No penalice una explicación adicional coherente. No use el color ni la talla como criterio decisivo. Evidencia decisiva en este caso: Es una pieza única que une el cuerpo superior con una falda integrada y cubre parte de las piernas. El bolso no es el objeto de clasificación.",,,
JUEZ-007,POL-020,distractor,"En una foto aparece un bolso junto a esta prenda. ¿Cómo clasificarías únicamente la prenda entre vestido, polo, blusa y jeans, sin clasificar el bolso? Es una prenda superior casual de punto jersey de algodón, de la familia de las camisetas. Color: borgoña. Detalles: Manga larga; cuello redondo; puños acanalados; corte regular.",polo,polo|polos|camiseta|camisetas|t-shirt,"CORRECTO si la respuesta identifica únicamente la categoría esperada o un sinónimo aceptado; INCORRECTO si elige otra categoría, mezcla categorías incompatibles o se abstiene. SIN_RESPUESTA si está vacía. Ignore mayúsculas, tildes y singular/plural. No penalice una explicación adicional coherente. No use el color ni la talla como criterio decisivo. Evidencia decisiva en este caso: Es una prenda superior casual de punto jersey de algodón, de la familia de las camisetas. El bolso no es el objeto de clasificación.",,,
JUEZ-008,VES-012,errores_ortograficos,"Que categoria coresponde a esta prendaa: vestido, polo, blusa o jeans Es una pieza unica que une el cuerpo superior con una falda integrada y cubre parte de las piernas. Color: azul marino. Detayes: Manga tres cuartos; escote en V; cierre cruzado con lazo lateral; largo midi.?",vestido,vestido|vestidos|dress,"CORRECTO si la respuesta identifica únicamente la categoría esperada o un sinónimo aceptado; INCORRECTO si elige otra categoría, mezcla categorías incompatibles o se abstiene. SIN_RESPUESTA si está vacía. Ignore mayúsculas, tildes y singular/plural. No penalice una explicación adicional coherente. No use el color ni la talla como criterio decisivo. Evidencia decisiva en este caso: Es una pieza única que une el cuerpo superior con una falda integrada y cubre parte de las piernas.",,,
JUEZ-009,JEA-013,distractor,"En una foto aparece un bolso junto a esta prenda. ¿Cómo clasificarías únicamente la prenda entre vestido, polo, blusa y jeans, sin clasificar el bolso? Es un pantalón confeccionado en denim, con dos perneras y bolsillos característicos. Color: azul claro. Detalles: Tiro alto; pernera ancha desde la cadera; cinco bolsillos.",jeans,jeans|jean|vaquero|vaqueros|pantalón vaquero|pantalón de mezclilla,"CORRECTO si la respuesta identifica únicamente la categoría esperada o un sinónimo aceptado; INCORRECTO si elige otra categoría, mezcla categorías incompatibles o se abstiene. SIN_RESPUESTA si está vacía. Ignore mayúsculas, tildes y singular/plural. No penalice una explicación adicional coherente. No use el color ni la talla como criterio decisivo. Evidencia decisiva en este caso: Es un pantalón confeccionado en denim, con dos perneras y bolsillos característicos. El bolso no es el objeto de clasificación.",,,
JUEZ-010,BLU-010,etiqueta_incorrecta,"Una etiqueta automática posiblemente equivocada dice «jeans». ¿Qué categoría corresponde realmente según la descripción: vestido, polo, blusa o jeans? Es una prenda superior de vestir en tejido plano de popelina; no incorpora falda ni perneras. Color: borgoña. Detalles: Manga larga; lazo al cuello; silueta ligeramente holgada.",blusa,blusa|blusas|blouse,"CORRECTO si la respuesta identifica únicamente la categoría esperada o un sinónimo aceptado; INCORRECTO si elige otra categoría, mezcla categorías incompatibles o se abstiene. SIN_RESPUESTA si está vacía. Ignore mayúsculas, tildes y singular/plural. No penalice una explicación adicional coherente. No use el color ni la talla como criterio decisivo. Evidencia decisiva en este caso: Es una prenda superior de vestir en tejido plano de popelina; no incorpora falda ni perneras. La descripción prevalece sobre la etiqueta automática errónea.",,,
JUEZ-011,POL-017,coloquial,"¿Me ayudas a ubicar esta prenda en vestido, polo, blusa o jeans? Te cuento cómo es: Es una prenda superior casual de punto jersey de algodón, de la familia de las camisetas. Color: azul marino. Detalles: Manga larga; cuello redondo; puños acanalados; corte regular.",polo,polo|polos|camiseta|camisetas|t-shirt,"CORRECTO si la respuesta identifica únicamente la categoría esperada o un sinónimo aceptado; INCORRECTO si elige otra categoría, mezcla categorías incompatibles o se abstiene. SIN_RESPUESTA si está vacía. Ignore mayúsculas, tildes y singular/plural. No penalice una explicación adicional coherente. No use el color ni la talla como criterio decisivo. Evidencia decisiva en este caso: Es una prenda superior casual de punto jersey de algodón, de la familia de las camisetas.",,,
JUEZ-012,POL-023,errores_ortograficos,"Que categoria coresponde a esta prendaa: vestido, polo, blusa o jeans Es una prendaa superior casual de punto jersey de algodon, de la familia de las camisetas. Color: terracota. Detayes: Manga corta; cuello redondo; bolsillo de parche en el pecho.?",polo,polo|polos|camiseta|camisetas|t-shirt,"CORRECTO si la respuesta identifica únicamente la categoría esperada o un sinónimo aceptado; INCORRECTO si elige otra categoría, mezcla categorías incompatibles o se abstiene. SIN_RESPUESTA si está vacía. Ignore mayúsculas, tildes y singular/plural. No penalice una explicación adicional coherente. No use el color ni la talla como criterio decisivo. Evidencia decisiva en este caso: Es una prenda superior casual de punto jersey de algodón, de la familia de las camisetas.",,,
JUEZ-013,POL-021,coloquial,"¿Me ayudas a ubicar esta prenda en vestido, polo, blusa o jeans? Te cuento cómo es: Es una prenda superior casual de punto jersey de algodón, de la familia de las camisetas. Color: verde esmeralda. Detalles: Manga corta; cuello redondo; bolsillo de parche en el pecho.",polo,polo|polos|camiseta|camisetas|t-shirt,"CORRECTO si la respuesta identifica únicamente la categoría esperada o un sinónimo aceptado; INCORRECTO si elige otra categoría, mezcla categorías incompatibles o se abstiene. SIN_RESPUESTA si está vacía. Ignore mayúsculas, tildes y singular/plural. No penalice una explicación adicional coherente. No use el color ni la talla como criterio decisivo. Evidencia decisiva en este caso: Es una prenda superior casual de punto jersey de algodón, de la familia de las camisetas.",,,
JUEZ-014,BLU-014,errores_ortograficos,"Que categoria coresponde a esta prendaa: vestido, polo, blusa o jeans Es una prendaa superior de vestir en tejido plano de popelina; no incorpora falda ni perneras. Color: marfil. Detayes: Manga corta abullonada; escote cuadrado; cuerpo entallado.?",blusa,blusa|blusas|blouse,"CORRECTO si la respuesta identifica únicamente la categoría esperada o un sinónimo aceptado; INCORRECTO si elige otra categoría, mezcla categorías incompatibles o se abstiene. SIN_RESPUESTA si está vacía. Ignore mayúsculas, tildes y singular/plural. No penalice una explicación adicional coherente. No use el color ni la talla como criterio decisivo. Evidencia decisiva en este caso: Es una prenda superior de vestir en tejido plano de popelina; no incorpora falda ni perneras.",,,
JUEZ-015,JEA-020,directa,"¿A cuál de las categorías vestido, polo, blusa o jeans pertenece la prenda descrita? Es un pantalón confeccionado en denim, con dos perneras y bolsillos característicos. Color: gris. Detalles: Tiro alto; holgura en cadera; pernera que se estrecha al tobillo.",jeans,jeans|jean|vaquero|vaqueros|pantalón vaquero|pantalón de mezclilla,"CORRECTO si la respuesta identifica únicamente la categoría esperada o un sinónimo aceptado; INCORRECTO si elige otra categoría, mezcla categorías incompatibles o se abstiene. SIN_RESPUESTA si está vacía. Ignore mayúsculas, tildes y singular/plural. No penalice una explicación adicional coherente. No use el color ni la talla como criterio decisivo. Evidencia decisiva en este caso: Es un pantalón confeccionado en denim, con dos perneras y bolsillos característicos.",,,
JUEZ-016,POL-023,distractor,"En una foto aparece un bolso junto a esta prenda. ¿Cómo clasificarías únicamente la prenda entre vestido, polo, blusa y jeans, sin clasificar el bolso? Es una prenda superior casual de punto jersey de algodón, de la familia de las camisetas. Color: terracota. Detalles: Manga corta; cuello redondo; bolsillo de parche en el pecho.",polo,polo|polos|camiseta|camisetas|t-shirt,"CORRECTO si la respuesta identifica únicamente la categoría esperada o un sinónimo aceptado; INCORRECTO si elige otra categoría, mezcla categorías incompatibles o se abstiene. SIN_RESPUESTA si está vacía. Ignore mayúsculas, tildes y singular/plural. No penalice una explicación adicional coherente. No use el color ni la talla como criterio decisivo. Evidencia decisiva en este caso: Es una prenda superior casual de punto jersey de algodón, de la familia de las camisetas. El bolso no es el objeto de clasificación.",,,
JUEZ-017,VES-005,coloquial,"¿Me ayudas a ubicar esta prenda en vestido, polo, blusa o jeans? Te cuento cómo es: Es una pieza única que une el cuerpo superior con una falda integrada y cubre parte de las piernas. Color: borgoña. Detalles: Sin mangas; escote redondo; cintura entallada; falda en línea A hasta la rodilla.",vestido,vestido|vestidos|dress,"CORRECTO si la respuesta identifica únicamente la categoría esperada o un sinónimo aceptado; INCORRECTO si elige otra categoría, mezcla categorías incompatibles o se abstiene. SIN_RESPUESTA si está vacía. Ignore mayúsculas, tildes y singular/plural. No penalice una explicación adicional coherente. No use el color ni la talla como criterio decisivo. Evidencia decisiva en este caso: Es una pieza única que une el cuerpo superior con una falda integrada y cubre parte de las piernas.",,,
JUEZ-018,POL-012,distractor,"En una foto aparece un bolso junto a esta prenda. ¿Cómo clasificarías únicamente la prenda entre vestido, polo, blusa y jeans, sin clasificar el bolso? Es una prenda superior casual de punto jersey de algodón, de la familia de las camisetas. Color: azul marino. Detalles: Manga corta amplia; hombros caídos; cuello redondo; corte holgado.",polo,polo|polos|camiseta|camisetas|t-shirt,"CORRECTO si la respuesta identifica únicamente la categoría esperada o un sinónimo aceptado; INCORRECTO si elige otra categoría, mezcla categorías incompatibles o se abstiene. SIN_RESPUESTA si está vacía. Ignore mayúsculas, tildes y singular/plural. No penalice una explicación adicional coherente. No use el color ni la talla como criterio decisivo. Evidencia decisiva en este caso: Es una prenda superior casual de punto jersey de algodón, de la familia de las camisetas. El bolso no es el objeto de clasificación.",,,
JUEZ-019,BLU-015,errores_ortograficos,"Que categoria coresponde a esta prendaa: vestido, polo, blusa o jeans Es una prendaa superior de vestir en tejido plano de popelina; no incorpora falda ni perneras. Color: borgona. Detayes: Manga corta abullonada; escote cuadrado; cuerpo entallado.?",blusa,blusa|blusas|blouse,"CORRECTO si la respuesta identifica únicamente la categoría esperada o un sinónimo aceptado; INCORRECTO si elige otra categoría, mezcla categorías incompatibles o se abstiene. SIN_RESPUESTA si está vacía. Ignore mayúsculas, tildes y singular/plural. No penalice una explicación adicional coherente. No use el color ni la talla como criterio decisivo. Evidencia decisiva en este caso: Es una prenda superior de vestir en tejido plano de popelina; no incorpora falda ni perneras.",,,
JUEZ-020,VES-008,coloquial,"¿Me ayudas a ubicar esta prenda en vestido, polo, blusa o jeans? Te cuento cómo es: Es una pieza única que une el cuerpo superior con una falda integrada y cubre parte de las piernas. Color: terracota. Detalles: Manga corta; cuello camisero; botones frontales; cinturón; largo midi.",vestido,vestido|vestidos|dress,"CORRECTO si la respuesta identifica únicamente la categoría esperada o un sinónimo aceptado; INCORRECTO si elige otra categoría, mezcla categorías incompatibles o se abstiene. SIN_RESPUESTA si está vacía. Ignore mayúsculas, tildes y singular/plural. No penalice una explicación adicional coherente. No use el color ni la talla como criterio decisivo. Evidencia decisiva en este caso: Es una pieza única que une el cuerpo superior con una falda integrada y cubre parte de las piernas.",,,
JUEZ-021,POL-007,errores_ortograficos,"Que categoria coresponde a esta prendaa: vestido, polo, blusa o jeans Es una prendaa superior casual de punto jersey de algodon, de la familia de las camisetas. Color: azul marino. Detayes: Manga corta; escote en V; corte regular; acabado liso.?",polo,polo|polos|camiseta|camisetas|t-shirt,"CORRECTO si la respuesta identifica únicamente la categoría esperada o un sinónimo aceptado; INCORRECTO si elige otra categoría, mezcla categorías incompatibles o se abstiene. SIN_RESPUESTA si está vacía. Ignore mayúsculas, tildes y singular/plural. No penalice una explicación adicional coherente. No use el color ni la talla como criterio decisivo. Evidencia decisiva en este caso: Es una prenda superior casual de punto jersey de algodón, de la familia de las camisetas.",,,
JUEZ-022,VES-009,coloquial,"¿Me ayudas a ubicar esta prenda en vestido, polo, blusa o jeans? Te cuento cómo es: Es una pieza única que une el cuerpo superior con una falda integrada y cubre parte de las piernas. Color: marfil. Detalles: Manga corta; cuello camisero; botones frontales; cinturón; largo midi.",vestido,vestido|vestidos|dress,"CORRECTO si la respuesta identifica únicamente la categoría esperada o un sinónimo aceptado; INCORRECTO si elige otra categoría, mezcla categorías incompatibles o se abstiene. SIN_RESPUESTA si está vacía. Ignore mayúsculas, tildes y singular/plural. No penalice una explicación adicional coherente. No use el color ni la talla como criterio decisivo. Evidencia decisiva en este caso: Es una pieza única que une el cuerpo superior con una falda integrada y cubre parte de las piernas.",,,
JUEZ-023,BLU-014,coloquial,"¿Me ayudas a ubicar esta prenda en vestido, polo, blusa o jeans? Te cuento cómo es: Es una prenda superior de vestir en tejido plano de popelina; no incorpora falda ni perneras. Color: marfil. Detalles: Manga corta abullonada; escote cuadrado; cuerpo entallado.",blusa,blusa|blusas|blouse,"CORRECTO si la respuesta identifica únicamente la categoría esperada o un sinónimo aceptado; INCORRECTO si elige otra categoría, mezcla categorías incompatibles o se abstiene. SIN_RESPUESTA si está vacía. Ignore mayúsculas, tildes y singular/plural. No penalice una explicación adicional coherente. No use el color ni la talla como criterio decisivo. Evidencia decisiva en este caso: Es una prenda superior de vestir en tejido plano de popelina; no incorpora falda ni perneras.",,,
JUEZ-024,POL-025,distractor,"En una foto aparece un bolso junto a esta prenda. ¿Cómo clasificarías únicamente la prenda entre vestido, polo, blusa y jeans, sin clasificar el bolso? Es una prenda superior casual de punto jersey de algodón, de la familia de las camisetas. Color: borgoña. Detalles: Manga corta; cuello redondo; bolsillo de parche en el pecho.",polo,polo|polos|camiseta|camisetas|t-shirt,"CORRECTO si la respuesta identifica únicamente la categoría esperada o un sinónimo aceptado; INCORRECTO si elige otra categoría, mezcla categorías incompatibles o se abstiene. SIN_RESPUESTA si está vacía. Ignore mayúsculas, tildes y singular/plural. No penalice una explicación adicional coherente. No use el color ni la talla como criterio decisivo. Evidencia decisiva en este caso: Es una prenda superior casual de punto jersey de algodón, de la familia de las camisetas. El bolso no es el objeto de clasificación.",,,
JUEZ-025,VES-005,etiqueta_incorrecta,"Una etiqueta automática posiblemente equivocada dice «jeans». ¿Qué categoría corresponde realmente según la descripción: vestido, polo, blusa o jeans? Es una pieza única que une el cuerpo superior con una falda integrada y cubre parte de las piernas. Color: borgoña. Detalles: Sin mangas; escote redondo; cintura entallada; falda en línea A hasta la rodilla.",vestido,vestido|vestidos|dress,"CORRECTO si la respuesta identifica únicamente la categoría esperada o un sinónimo aceptado; INCORRECTO si elige otra categoría, mezcla categorías incompatibles o se abstiene. SIN_RESPUESTA si está vacía. Ignore mayúsculas, tildes y singular/plural. No penalice una explicación adicional coherente. No use el color ni la talla como criterio decisivo. Evidencia decisiva en este caso: Es una pieza única que une el cuerpo superior con una falda integrada y cubre parte de las piernas. La descripción prevalece sobre la etiqueta automática errónea.",,,
JUEZ-026,JEA-023,distractor,"En una foto aparece un bolso junto a esta prenda. ¿Cómo clasificarías únicamente la prenda entre vestido, polo, blusa y jeans, sin clasificar el bolso? Es un pantalón confeccionado en denim, con dos perneras y bolsillos característicos. Color: azul claro. Detalles: Tiro medio; ajuste en muslo; campana desde la rodilla; largo completo.",jeans,jeans|jean|vaquero|vaqueros|pantalón vaquero|pantalón de mezclilla,"CORRECTO si la respuesta identifica únicamente la categoría esperada o un sinónimo aceptado; INCORRECTO si elige otra categoría, mezcla categorías incompatibles o se abstiene. SIN_RESPUESTA si está vacía. Ignore mayúsculas, tildes y singular/plural. No penalice una explicación adicional coherente. No use el color ni la talla como criterio decisivo. Evidencia decisiva en este caso: Es un pantalón confeccionado en denim, con dos perneras y bolsillos característicos. El bolso no es el objeto de clasificación.",,,
JUEZ-027,BLU-021,directa,"¿A cuál de las categorías vestido, polo, blusa o jeans pertenece la prenda descrita? Es una prenda superior de vestir en tejido plano de popelina; no incorpora falda ni perneras. Color: verde esmeralda. Detalles: Manga tres cuartos; escote en V; corte recto; sin botones.",blusa,blusa|blusas|blouse,"CORRECTO si la respuesta identifica únicamente la categoría esperada o un sinónimo aceptado; INCORRECTO si elige otra categoría, mezcla categorías incompatibles o se abstiene. SIN_RESPUESTA si está vacía. Ignore mayúsculas, tildes y singular/plural. No penalice una explicación adicional coherente. No use el color ni la talla como criterio decisivo. Evidencia decisiva en este caso: Es una prenda superior de vestir en tejido plano de popelina; no incorpora falda ni perneras.",,,
JUEZ-028,BLU-009,etiqueta_incorrecta,"Una etiqueta automática posiblemente equivocada dice «jeans». ¿Qué categoría corresponde realmente según la descripción: vestido, polo, blusa o jeans? Es una prenda superior de vestir en tejido plano de popelina; no incorpora falda ni perneras. Color: marfil. Detalles: Manga larga; lazo al cuello; silueta ligeramente holgada.",blusa,blusa|blusas|blouse,"CORRECTO si la respuesta identifica únicamente la categoría esperada o un sinónimo aceptado; INCORRECTO si elige otra categoría, mezcla categorías incompatibles o se abstiene. SIN_RESPUESTA si está vacía. Ignore mayúsculas, tildes y singular/plural. No penalice una explicación adicional coherente. No use el color ni la talla como criterio decisivo. Evidencia decisiva en este caso: Es una prenda superior de vestir en tejido plano de popelina; no incorpora falda ni perneras. La descripción prevalece sobre la etiqueta automática errónea.",,,
JUEZ-029,POL-013,directa,"¿A cuál de las categorías vestido, polo, blusa o jeans pertenece la prenda descrita? Es una prenda superior casual de punto jersey de algodón, de la familia de las camisetas. Color: terracota. Detalles: Manga corta amplia; hombros caídos; cuello redondo; corte holgado.",polo,polo|polos|camiseta|camisetas|t-shirt,"CORRECTO si la respuesta identifica únicamente la categoría esperada o un sinónimo aceptado; INCORRECTO si elige otra categoría, mezcla categorías incompatibles o se abstiene. SIN_RESPUESTA si está vacía. Ignore mayúsculas, tildes y singular/plural. No penalice una explicación adicional coherente. No use el color ni la talla como criterio decisivo. Evidencia decisiva en este caso: Es una prenda superior casual de punto jersey de algodón, de la familia de las camisetas.",,,
JUEZ-030,POL-012,etiqueta_incorrecta,"Una etiqueta automática posiblemente equivocada dice «vestido». ¿Qué categoría corresponde realmente según la descripción: vestido, polo, blusa o jeans? Es una prenda superior casual de punto jersey de algodón, de la familia de las camisetas. Color: azul marino. Detalles: Manga corta amplia; hombros caídos; cuello redondo; corte holgado.",polo,polo|polos|camiseta|camisetas|t-shirt,"CORRECTO si la respuesta identifica únicamente la categoría esperada o un sinónimo aceptado; INCORRECTO si elige otra categoría, mezcla categorías incompatibles o se abstiene. SIN_RESPUESTA si está vacía. Ignore mayúsculas, tildes y singular/plural. No penalice una explicación adicional coherente. No use el color ni la talla como criterio decisivo. Evidencia decisiva en este caso: Es una prenda superior casual de punto jersey de algodón, de la familia de las camisetas. La descripción prevalece sobre la etiqueta automática errónea.",,,
JUEZ-031,BLU-019,errores_ortograficos,"Que categoria coresponde a esta prendaa: vestido, polo, blusa o jeans Es una prendaa superior de vestir en tejido plano de popelina; no incorpora falda ni perneras. Color: marfil. Detayes: Sin mangas; escote redondo; cintura marcada; volante inferior.?",blusa,blusa|blusas|blouse,"CORRECTO si la respuesta identifica únicamente la categoría esperada o un sinónimo aceptado; INCORRECTO si elige otra categoría, mezcla categorías incompatibles o se abstiene. SIN_RESPUESTA si está vacía. Ignore mayúsculas, tildes y singular/plural. No penalice una explicación adicional coherente. No use el color ni la talla como criterio decisivo. Evidencia decisiva en este caso: Es una prenda superior de vestir en tejido plano de popelina; no incorpora falda ni perneras.",,,
JUEZ-032,BLU-014,directa,"¿A cuál de las categorías vestido, polo, blusa o jeans pertenece la prenda descrita? Es una prenda superior de vestir en tejido plano de popelina; no incorpora falda ni perneras. Color: marfil. Detalles: Manga corta abullonada; escote cuadrado; cuerpo entallado.",blusa,blusa|blusas|blouse,"CORRECTO si la respuesta identifica únicamente la categoría esperada o un sinónimo aceptado; INCORRECTO si elige otra categoría, mezcla categorías incompatibles o se abstiene. SIN_RESPUESTA si está vacía. Ignore mayúsculas, tildes y singular/plural. No penalice una explicación adicional coherente. No use el color ni la talla como criterio decisivo. Evidencia decisiva en este caso: Es una prenda superior de vestir en tejido plano de popelina; no incorpora falda ni perneras.",,,
JUEZ-033,BLU-003,directa,"¿A cuál de las categorías vestido, polo, blusa o jeans pertenece la prenda descrita? Es una prenda superior de vestir en tejido plano de popelina; no incorpora falda ni perneras. Color: terracota. Detalles: Manga larga; cuello camisero; botones frontales; puños abotonados.",blusa,blusa|blusas|blouse,"CORRECTO si la respuesta identifica únicamente la categoría esperada o un sinónimo aceptado; INCORRECTO si elige otra categoría, mezcla categorías incompatibles o se abstiene. SIN_RESPUESTA si está vacía. Ignore mayúsculas, tildes y singular/plural. No penalice una explicación adicional coherente. No use el color ni la talla como criterio decisivo. Evidencia decisiva en este caso: Es una prenda superior de vestir en tejido plano de popelina; no incorpora falda ni perneras.",,,
JUEZ-034,JEA-007,coloquial,"¿Me ayudas a ubicar esta prenda en vestido, polo, blusa o jeans? Te cuento cómo es: Es un pantalón confeccionado en denim, con dos perneras y bolsillos característicos. Color: azul medio. Detalles: Tiro alto; pernera ajustada; cinco bolsillos; largo al tobillo.",jeans,jeans|jean|vaquero|vaqueros|pantalón vaquero|pantalón de mezclilla,"CORRECTO si la respuesta identifica únicamente la categoría esperada o un sinónimo aceptado; INCORRECTO si elige otra categoría, mezcla categorías incompatibles o se abstiene. SIN_RESPUESTA si está vacía. Ignore mayúsculas, tildes y singular/plural. No penalice una explicación adicional coherente. No use el color ni la talla como criterio decisivo. Evidencia decisiva en este caso: Es un pantalón confeccionado en denim, con dos perneras y bolsillos característicos.",,,
JUEZ-035,VES-006,directa,"¿A cuál de las categorías vestido, polo, blusa o jeans pertenece la prenda descrita? Es una pieza única que une el cuerpo superior con una falda integrada y cubre parte de las piernas. Color: verde esmeralda. Detalles: Manga corta; cuello camisero; botones frontales; cinturón; largo midi.",vestido,vestido|vestidos|dress,"CORRECTO si la respuesta identifica únicamente la categoría esperada o un sinónimo aceptado; INCORRECTO si elige otra categoría, mezcla categorías incompatibles o se abstiene. SIN_RESPUESTA si está vacía. Ignore mayúsculas, tildes y singular/plural. No penalice una explicación adicional coherente. No use el color ni la talla como criterio decisivo. Evidencia decisiva en este caso: Es una pieza única que une el cuerpo superior con una falda integrada y cubre parte de las piernas.",,,
JUEZ-036,JEA-014,directa,"¿A cuál de las categorías vestido, polo, blusa o jeans pertenece la prenda descrita? Es un pantalón confeccionado en denim, con dos perneras y bolsillos característicos. Color: negro. Detalles: Tiro alto; pernera ancha desde la cadera; cinco bolsillos.",jeans,jeans|jean|vaquero|vaqueros|pantalón vaquero|pantalón de mezclilla,"CORRECTO si la respuesta identifica únicamente la categoría esperada o un sinónimo aceptado; INCORRECTO si elige otra categoría, mezcla categorías incompatibles o se abstiene. SIN_RESPUESTA si está vacía. Ignore mayúsculas, tildes y singular/plural. No penalice una explicación adicional coherente. No use el color ni la talla como criterio decisivo. Evidencia decisiva en este caso: Es un pantalón confeccionado en denim, con dos perneras y bolsillos característicos.",,,
JUEZ-037,VES-016,distractor,"En una foto aparece un bolso junto a esta prenda. ¿Cómo clasificarías únicamente la prenda entre vestido, polo, blusa y jeans, sin clasificar el bolso? Es una pieza única que une el cuerpo superior con una falda integrada y cubre parte de las piernas. Color: verde esmeralda. Detalles: Tirantes anchos; escote cuadrado; falda larga y amplia.",vestido,vestido|vestidos|dress,"CORRECTO si la respuesta identifica únicamente la categoría esperada o un sinónimo aceptado; INCORRECTO si elige otra categoría, mezcla categorías incompatibles o se abstiene. SIN_RESPUESTA si está vacía. Ignore mayúsculas, tildes y singular/plural. No penalice una explicación adicional coherente. No use el color ni la talla como criterio decisivo. Evidencia decisiva en este caso: Es una pieza única que une el cuerpo superior con una falda integrada y cubre parte de las piernas. El bolso no es el objeto de clasificación.",,,
JUEZ-038,JEA-016,distractor,"En una foto aparece un bolso junto a esta prenda. ¿Cómo clasificarías únicamente la prenda entre vestido, polo, blusa y jeans, sin clasificar el bolso? Es un pantalón confeccionado en denim, con dos perneras y bolsillos característicos. Color: azul índigo. Detalles: Tiro alto; holgura en cadera; pernera que se estrecha al tobillo.",jeans,jeans|jean|vaquero|vaqueros|pantalón vaquero|pantalón de mezclilla,"CORRECTO si la respuesta identifica únicamente la categoría esperada o un sinónimo aceptado; INCORRECTO si elige otra categoría, mezcla categorías incompatibles o se abstiene. SIN_RESPUESTA si está vacía. Ignore mayúsculas, tildes y singular/plural. No penalice una explicación adicional coherente. No use el color ni la talla como criterio decisivo. Evidencia decisiva en este caso: Es un pantalón confeccionado en denim, con dos perneras y bolsillos característicos. El bolso no es el objeto de clasificación.",,,
JUEZ-039,BLU-009,errores_ortograficos,"Que categoria coresponde a esta prendaa: vestido, polo, blusa o jeans Es una prendaa superior de vestir en tejido plano de popelina; no incorpora falda ni perneras. Color: marfil. Detayes: Manga larga; lazo al cuello; silueta ligeramente holgada.?",blusa,blusa|blusas|blouse,"CORRECTO si la respuesta identifica únicamente la categoría esperada o un sinónimo aceptado; INCORRECTO si elige otra categoría, mezcla categorías incompatibles o se abstiene. SIN_RESPUESTA si está vacía. Ignore mayúsculas, tildes y singular/plural. No penalice una explicación adicional coherente. No use el color ni la talla como criterio decisivo. Evidencia decisiva en este caso: Es una prenda superior de vestir en tejido plano de popelina; no incorpora falda ni perneras.",,,
JUEZ-040,VES-005,errores_ortograficos,"Que categoria coresponde a esta prendaa: vestido, polo, blusa o jeans Es una pieza unica que une el cuerpo superior con una falda integrada y cubre parte de las piernas. Color: borgona. Detayes: Sin mangas; escote redondo; cintura entallada; falda en linea A hasta la rodilla.?",vestido,vestido|vestidos|dress,"CORRECTO si la respuesta identifica únicamente la categoría esperada o un sinónimo aceptado; INCORRECTO si elige otra categoría, mezcla categorías incompatibles o se abstiene. SIN_RESPUESTA si está vacía. Ignore mayúsculas, tildes y singular/plural. No penalice una explicación adicional coherente. No use el color ni la talla como criterio decisivo. Evidencia decisiva en este caso: Es una pieza única que une el cuerpo superior con una falda integrada y cubre parte de las piernas.",,,
JUEZ-041,VES-023,coloquial,"¿Me ayudas a ubicar esta prenda en vestido, polo, blusa o jeans? Te cuento cómo es: Es una pieza única que une el cuerpo superior con una falda integrada y cubre parte de las piernas. Color: terracota. Detalles: Manga corta; escote redondo; corte recto; largo sobre la rodilla.",vestido,vestido|vestidos|dress,"CORRECTO si la respuesta identifica únicamente la categoría esperada o un sinónimo aceptado; INCORRECTO si elige otra categoría, mezcla categorías incompatibles o se abstiene. SIN_RESPUESTA si está vacía. Ignore mayúsculas, tildes y singular/plural. No penalice una explicación adicional coherente. No use el color ni la talla como criterio decisivo. Evidencia decisiva en este caso: Es una pieza única que une el cuerpo superior con una falda integrada y cubre parte de las piernas.",,,
JUEZ-042,VES-021,etiqueta_incorrecta,"Una etiqueta automática posiblemente equivocada dice «jeans». ¿Qué categoría corresponde realmente según la descripción: vestido, polo, blusa o jeans? Es una pieza única que une el cuerpo superior con una falda integrada y cubre parte de las piernas. Color: verde esmeralda. Detalles: Manga corta; escote redondo; corte recto; largo sobre la rodilla.",vestido,vestido|vestidos|dress,"CORRECTO si la respuesta identifica únicamente la categoría esperada o un sinónimo aceptado; INCORRECTO si elige otra categoría, mezcla categorías incompatibles o se abstiene. SIN_RESPUESTA si está vacía. Ignore mayúsculas, tildes y singular/plural. No penalice una explicación adicional coherente. No use el color ni la talla como criterio decisivo. Evidencia decisiva en este caso: Es una pieza única que une el cuerpo superior con una falda integrada y cubre parte de las piernas. La descripción prevalece sobre la etiqueta automática errónea.",,,
JUEZ-043,BLU-005,distractor,"En una foto aparece un bolso junto a esta prenda. ¿Cómo clasificarías únicamente la prenda entre vestido, polo, blusa y jeans, sin clasificar el bolso? Es una prenda superior de vestir en tejido plano de popelina; no incorpora falda ni perneras. Color: borgoña. Detalles: Manga larga; cuello camisero; botones frontales; puños abotonados.",blusa,blusa|blusas|blouse,"CORRECTO si la respuesta identifica únicamente la categoría esperada o un sinónimo aceptado; INCORRECTO si elige otra categoría, mezcla categorías incompatibles o se abstiene. SIN_RESPUESTA si está vacía. Ignore mayúsculas, tildes y singular/plural. No penalice una explicación adicional coherente. No use el color ni la talla como criterio decisivo. Evidencia decisiva en este caso: Es una prenda superior de vestir en tejido plano de popelina; no incorpora falda ni perneras. El bolso no es el objeto de clasificación.",,,
JUEZ-044,BLU-005,etiqueta_incorrecta,"Una etiqueta automática posiblemente equivocada dice «jeans». ¿Qué categoría corresponde realmente según la descripción: vestido, polo, blusa o jeans? Es una prenda superior de vestir en tejido plano de popelina; no incorpora falda ni perneras. Color: borgoña. Detalles: Manga larga; cuello camisero; botones frontales; puños abotonados.",blusa,blusa|blusas|blouse,"CORRECTO si la respuesta identifica únicamente la categoría esperada o un sinónimo aceptado; INCORRECTO si elige otra categoría, mezcla categorías incompatibles o se abstiene. SIN_RESPUESTA si está vacía. Ignore mayúsculas, tildes y singular/plural. No penalice una explicación adicional coherente. No use el color ni la talla como criterio decisivo. Evidencia decisiva en este caso: Es una prenda superior de vestir en tejido plano de popelina; no incorpora falda ni perneras. La descripción prevalece sobre la etiqueta automática errónea.",,,
JUEZ-045,BLU-012,errores_ortograficos,"Que categoria coresponde a esta prendaa: vestido, polo, blusa o jeans Es una prendaa superior de vestir en tejido plano de popelina; no incorpora falda ni perneras. Color: azul marino. Detayes: Manga corta abullonada; escote cuadrado; cuerpo entallado.?",blusa,blusa|blusas|blouse,"CORRECTO si la respuesta identifica únicamente la categoría esperada o un sinónimo aceptado; INCORRECTO si elige otra categoría, mezcla categorías incompatibles o se abstiene. SIN_RESPUESTA si está vacía. Ignore mayúsculas, tildes y singular/plural. No penalice una explicación adicional coherente. No use el color ni la talla como criterio decisivo. Evidencia decisiva en este caso: Es una prenda superior de vestir en tejido plano de popelina; no incorpora falda ni perneras.",,,
JUEZ-046,POL-023,coloquial,"¿Me ayudas a ubicar esta prenda en vestido, polo, blusa o jeans? Te cuento cómo es: Es una prenda superior casual de punto jersey de algodón, de la familia de las camisetas. Color: terracota. Detalles: Manga corta; cuello redondo; bolsillo de parche en el pecho.",polo,polo|polos|camiseta|camisetas|t-shirt,"CORRECTO si la respuesta identifica únicamente la categoría esperada o un sinónimo aceptado; INCORRECTO si elige otra categoría, mezcla categorías incompatibles o se abstiene. SIN_RESPUESTA si está vacía. Ignore mayúsculas, tildes y singular/plural. No penalice una explicación adicional coherente. No use el color ni la talla como criterio decisivo. Evidencia decisiva en este caso: Es una prenda superior casual de punto jersey de algodón, de la familia de las camisetas.",,,
JUEZ-047,JEA-018,directa,"¿A cuál de las categorías vestido, polo, blusa o jeans pertenece la prenda descrita? Es un pantalón confeccionado en denim, con dos perneras y bolsillos característicos. Color: azul claro. Detalles: Tiro alto; holgura en cadera; pernera que se estrecha al tobillo.",jeans,jeans|jean|vaquero|vaqueros|pantalón vaquero|pantalón de mezclilla,"CORRECTO si la respuesta identifica únicamente la categoría esperada o un sinónimo aceptado; INCORRECTO si elige otra categoría, mezcla categorías incompatibles o se abstiene. SIN_RESPUESTA si está vacía. Ignore mayúsculas, tildes y singular/plural. No penalice una explicación adicional coherente. No use el color ni la talla como criterio decisivo. Evidencia decisiva en este caso: Es un pantalón confeccionado en denim, con dos perneras y bolsillos característicos.",,,
JUEZ-048,VES-015,coloquial,"¿Me ayudas a ubicar esta prenda en vestido, polo, blusa o jeans? Te cuento cómo es: Es una pieza única que une el cuerpo superior con una falda integrada y cubre parte de las piernas. Color: borgoña. Detalles: Manga tres cuartos; escote en V; cierre cruzado con lazo lateral; largo midi.",vestido,vestido|vestidos|dress,"CORRECTO si la respuesta identifica únicamente la categoría esperada o un sinónimo aceptado; INCORRECTO si elige otra categoría, mezcla categorías incompatibles o se abstiene. SIN_RESPUESTA si está vacía. Ignore mayúsculas, tildes y singular/plural. No penalice una explicación adicional coherente. No use el color ni la talla como criterio decisivo. Evidencia decisiva en este caso: Es una pieza única que une el cuerpo superior con una falda integrada y cubre parte de las piernas.",,,
JUEZ-049,BLU-024,etiqueta_incorrecta,"Una etiqueta automática posiblemente equivocada dice «jeans». ¿Qué categoría corresponde realmente según la descripción: vestido, polo, blusa o jeans? Es una prenda superior de vestir en tejido plano de popelina; no incorpora falda ni perneras. Color: marfil. Detalles: Manga tres cuartos; escote en V; corte recto; sin botones.",blusa,blusa|blusas|blouse,"CORRECTO si la respuesta identifica únicamente la categoría esperada o un sinónimo aceptado; INCORRECTO si elige otra categoría, mezcla categorías incompatibles o se abstiene. SIN_RESPUESTA si está vacía. Ignore mayúsculas, tildes y singular/plural. No penalice una explicación adicional coherente. No use el color ni la talla como criterio decisivo. Evidencia decisiva en este caso: Es una prenda superior de vestir en tejido plano de popelina; no incorpora falda ni perneras. La descripción prevalece sobre la etiqueta automática errónea.",,,
JUEZ-050,JEA-010,errores_ortograficos,"Que categoria coresponde a esta prendaa: vestido, polo, blusa o jeans Es un pantalon confeccionado en denim, con dos perneras y bolsillos caracteristicos. Color: gris. Detayes: Tiro alto; pernera ajustada; cinco bolsillos; largo al tobillo.?",jeans,jeans|jean|vaquero|vaqueros|pantalón vaquero|pantalón de mezclilla,"CORRECTO si la respuesta identifica únicamente la categoría esperada o un sinónimo aceptado; INCORRECTO si elige otra categoría, mezcla categorías incompatibles o se abstiene. SIN_RESPUESTA si está vacía. Ignore mayúsculas, tildes y singular/plural. No penalice una explicación adicional coherente. No use el color ni la talla como criterio decisivo. Evidencia decisiva en este caso: Es un pantalón confeccionado en denim, con dos perneras y bolsillos característicos.",,,
JUEZ-051,JEA-011,etiqueta_incorrecta,"Una etiqueta automática posiblemente equivocada dice «blusa». ¿Qué categoría corresponde realmente según la descripción: vestido, polo, blusa o jeans? Es un pantalón confeccionado en denim, con dos perneras y bolsillos característicos. Color: azul índigo. Detalles: Tiro alto; pernera ancha desde la cadera; cinco bolsillos.",jeans,jeans|jean|vaquero|vaqueros|pantalón vaquero|pantalón de mezclilla,"CORRECTO si la respuesta identifica únicamente la categoría esperada o un sinónimo aceptado; INCORRECTO si elige otra categoría, mezcla categorías incompatibles o se abstiene. SIN_RESPUESTA si está vacía. Ignore mayúsculas, tildes y singular/plural. No penalice una explicación adicional coherente. No use el color ni la talla como criterio decisivo. Evidencia decisiva en este caso: Es un pantalón confeccionado en denim, con dos perneras y bolsillos característicos. La descripción prevalece sobre la etiqueta automática errónea.",,,
JUEZ-052,POL-021,errores_ortograficos,"Que categoria coresponde a esta prendaa: vestido, polo, blusa o jeans Es una prendaa superior casual de punto jersey de algodon, de la familia de las camisetas. Color: verde esmeralda. Detayes: Manga corta; cuello redondo; bolsillo de parche en el pecho.?",polo,polo|polos|camiseta|camisetas|t-shirt,"CORRECTO si la respuesta identifica únicamente la categoría esperada o un sinónimo aceptado; INCORRECTO si elige otra categoría, mezcla categorías incompatibles o se abstiene. SIN_RESPUESTA si está vacía. Ignore mayúsculas, tildes y singular/plural. No penalice una explicación adicional coherente. No use el color ni la talla como criterio decisivo. Evidencia decisiva en este caso: Es una prenda superior casual de punto jersey de algodón, de la familia de las camisetas.",,,
JUEZ-053,POL-015,directa,"¿A cuál de las categorías vestido, polo, blusa o jeans pertenece la prenda descrita? Es una prenda superior casual de punto jersey de algodón, de la familia de las camisetas. Color: borgoña. Detalles: Manga corta amplia; hombros caídos; cuello redondo; corte holgado.",polo,polo|polos|camiseta|camisetas|t-shirt,"CORRECTO si la respuesta identifica únicamente la categoría esperada o un sinónimo aceptado; INCORRECTO si elige otra categoría, mezcla categorías incompatibles o se abstiene. SIN_RESPUESTA si está vacía. Ignore mayúsculas, tildes y singular/plural. No penalice una explicación adicional coherente. No use el color ni la talla como criterio decisivo. Evidencia decisiva en este caso: Es una prenda superior casual de punto jersey de algodón, de la familia de las camisetas.",,,
JUEZ-054,POL-007,distractor,"En una foto aparece un bolso junto a esta prenda. ¿Cómo clasificarías únicamente la prenda entre vestido, polo, blusa y jeans, sin clasificar el bolso? Es una prenda superior casual de punto jersey de algodón, de la familia de las camisetas. Color: azul marino. Detalles: Manga corta; escote en V; corte regular; acabado liso.",polo,polo|polos|camiseta|camisetas|t-shirt,"CORRECTO si la respuesta identifica únicamente la categoría esperada o un sinónimo aceptado; INCORRECTO si elige otra categoría, mezcla categorías incompatibles o se abstiene. SIN_RESPUESTA si está vacía. Ignore mayúsculas, tildes y singular/plural. No penalice una explicación adicional coherente. No use el color ni la talla como criterio decisivo. Evidencia decisiva en este caso: Es una prenda superior casual de punto jersey de algodón, de la familia de las camisetas. El bolso no es el objeto de clasificación.",,,
JUEZ-055,JEA-011,errores_ortograficos,"Que categoria coresponde a esta prendaa: vestido, polo, blusa o jeans Es un pantalon confeccionado en denim, con dos perneras y bolsillos caracteristicos. Color: azul indigo. Detayes: Tiro alto; pernera ancha desde la cadera; cinco bolsillos.?",jeans,jeans|jean|vaquero|vaqueros|pantalón vaquero|pantalón de mezclilla,"CORRECTO si la respuesta identifica únicamente la categoría esperada o un sinónimo aceptado; INCORRECTO si elige otra categoría, mezcla categorías incompatibles o se abstiene. SIN_RESPUESTA si está vacía. Ignore mayúsculas, tildes y singular/plural. No penalice una explicación adicional coherente. No use el color ni la talla como criterio decisivo. Evidencia decisiva en este caso: Es un pantalón confeccionado en denim, con dos perneras y bolsillos característicos.",,,
JUEZ-056,VES-007,etiqueta_incorrecta,"Una etiqueta automática posiblemente equivocada dice «jeans». ¿Qué categoría corresponde realmente según la descripción: vestido, polo, blusa o jeans? Es una pieza única que une el cuerpo superior con una falda integrada y cubre parte de las piernas. Color: azul marino. Detalles: Manga corta; cuello camisero; botones frontales; cinturón; largo midi.",vestido,vestido|vestidos|dress,"CORRECTO si la respuesta identifica únicamente la categoría esperada o un sinónimo aceptado; INCORRECTO si elige otra categoría, mezcla categorías incompatibles o se abstiene. SIN_RESPUESTA si está vacía. Ignore mayúsculas, tildes y singular/plural. No penalice una explicación adicional coherente. No use el color ni la talla como criterio decisivo. Evidencia decisiva en este caso: Es una pieza única que une el cuerpo superior con una falda integrada y cubre parte de las piernas. La descripción prevalece sobre la etiqueta automática errónea.",,,
JUEZ-057,BLU-012,distractor,"En una foto aparece un bolso junto a esta prenda. ¿Cómo clasificarías únicamente la prenda entre vestido, polo, blusa y jeans, sin clasificar el bolso? Es una prenda superior de vestir en tejido plano de popelina; no incorpora falda ni perneras. Color: azul marino. Detalles: Manga corta abullonada; escote cuadrado; cuerpo entallado.",blusa,blusa|blusas|blouse,"CORRECTO si la respuesta identifica únicamente la categoría esperada o un sinónimo aceptado; INCORRECTO si elige otra categoría, mezcla categorías incompatibles o se abstiene. SIN_RESPUESTA si está vacía. Ignore mayúsculas, tildes y singular/plural. No penalice una explicación adicional coherente. No use el color ni la talla como criterio decisivo. Evidencia decisiva en este caso: Es una prenda superior de vestir en tejido plano de popelina; no incorpora falda ni perneras. El bolso no es el objeto de clasificación.",,,
JUEZ-058,BLU-004,distractor,"En una foto aparece un bolso junto a esta prenda. ¿Cómo clasificarías únicamente la prenda entre vestido, polo, blusa y jeans, sin clasificar el bolso? Es una prenda superior de vestir en tejido plano de popelina; no incorpora falda ni perneras. Color: marfil. Detalles: Manga larga; cuello camisero; botones frontales; puños abotonados.",blusa,blusa|blusas|blouse,"CORRECTO si la respuesta identifica únicamente la categoría esperada o un sinónimo aceptado; INCORRECTO si elige otra categoría, mezcla categorías incompatibles o se abstiene. SIN_RESPUESTA si está vacía. Ignore mayúsculas, tildes y singular/plural. No penalice una explicación adicional coherente. No use el color ni la talla como criterio decisivo. Evidencia decisiva en este caso: Es una prenda superior de vestir en tejido plano de popelina; no incorpora falda ni perneras. El bolso no es el objeto de clasificación.",,,
JUEZ-059,POL-004,coloquial,"¿Me ayudas a ubicar esta prenda en vestido, polo, blusa o jeans? Te cuento cómo es: Es una prenda superior casual de punto jersey de algodón, de la familia de las camisetas. Color: marfil. Detalles: Manga corta; cuello redondo; corte regular; acabado liso.",polo,polo|polos|camiseta|camisetas|t-shirt,"CORRECTO si la respuesta identifica únicamente la categoría esperada o un sinónimo aceptado; INCORRECTO si elige otra categoría, mezcla categorías incompatibles o se abstiene. SIN_RESPUESTA si está vacía. Ignore mayúsculas, tildes y singular/plural. No penalice una explicación adicional coherente. No use el color ni la talla como criterio decisivo. Evidencia decisiva en este caso: Es una prenda superior casual de punto jersey de algodón, de la familia de las camisetas.",,,
JUEZ-060,VES-011,distractor,"En una foto aparece un bolso junto a esta prenda. ¿Cómo clasificarías únicamente la prenda entre vestido, polo, blusa y jeans, sin clasificar el bolso? Es una pieza única que une el cuerpo superior con una falda integrada y cubre parte de las piernas. Color: verde esmeralda. Detalles: Manga tres cuartos; escote en V; cierre cruzado con lazo lateral; largo midi.",vestido,vestido|vestidos|dress,"CORRECTO si la respuesta identifica únicamente la categoría esperada o un sinónimo aceptado; INCORRECTO si elige otra categoría, mezcla categorías incompatibles o se abstiene. SIN_RESPUESTA si está vacía. Ignore mayúsculas, tildes y singular/plural. No penalice una explicación adicional coherente. No use el color ni la talla como criterio decisivo. Evidencia decisiva en este caso: Es una pieza única que une el cuerpo superior con una falda integrada y cubre parte de las piernas. El bolso no es el objeto de clasificación.",,,
JUEZ-061,POL-002,coloquial,"¿Me ayudas a ubicar esta prenda en vestido, polo, blusa o jeans? Te cuento cómo es: Es una prenda superior casual de punto jersey de algodón, de la familia de las camisetas. Color: azul marino. Detalles: Manga corta; cuello redondo; corte regular; acabado liso.",polo,polo|polos|camiseta|camisetas|t-shirt,"CORRECTO si la respuesta identifica únicamente la categoría esperada o un sinónimo aceptado; INCORRECTO si elige otra categoría, mezcla categorías incompatibles o se abstiene. SIN_RESPUESTA si está vacía. Ignore mayúsculas, tildes y singular/plural. No penalice una explicación adicional coherente. No use el color ni la talla como criterio decisivo. Evidencia decisiva en este caso: Es una prenda superior casual de punto jersey de algodón, de la familia de las camisetas.",,,
JUEZ-062,VES-015,directa,"¿A cuál de las categorías vestido, polo, blusa o jeans pertenece la prenda descrita? Es una pieza única que une el cuerpo superior con una falda integrada y cubre parte de las piernas. Color: borgoña. Detalles: Manga tres cuartos; escote en V; cierre cruzado con lazo lateral; largo midi.",vestido,vestido|vestidos|dress,"CORRECTO si la respuesta identifica únicamente la categoría esperada o un sinónimo aceptado; INCORRECTO si elige otra categoría, mezcla categorías incompatibles o se abstiene. SIN_RESPUESTA si está vacía. Ignore mayúsculas, tildes y singular/plural. No penalice una explicación adicional coherente. No use el color ni la talla como criterio decisivo. Evidencia decisiva en este caso: Es una pieza única que une el cuerpo superior con una falda integrada y cubre parte de las piernas.",,,
JUEZ-063,BLU-004,errores_ortograficos,"Que categoria coresponde a esta prendaa: vestido, polo, blusa o jeans Es una prendaa superior de vestir en tejido plano de popelina; no incorpora falda ni perneras. Color: marfil. Detayes: Manga larga; cuello camisero; botones frontales; punos abotonados.?",blusa,blusa|blusas|blouse,"CORRECTO si la respuesta identifica únicamente la categoría esperada o un sinónimo aceptado; INCORRECTO si elige otra categoría, mezcla categorías incompatibles o se abstiene. SIN_RESPUESTA si está vacía. Ignore mayúsculas, tildes y singular/plural. No penalice una explicación adicional coherente. No use el color ni la talla como criterio decisivo. Evidencia decisiva en este caso: Es una prenda superior de vestir en tejido plano de popelina; no incorpora falda ni perneras.",,,
JUEZ-064,JEA-004,distractor,"En una foto aparece un bolso junto a esta prenda. ¿Cómo clasificarías únicamente la prenda entre vestido, polo, blusa y jeans, sin clasificar el bolso? Es un pantalón confeccionado en denim, con dos perneras y bolsillos característicos. Color: negro. Detalles: Tiro medio; pernera recta; cinco bolsillos; cierre frontal con botón y cremallera.",jeans,jeans|jean|vaquero|vaqueros|pantalón vaquero|pantalón de mezclilla,"CORRECTO si la respuesta identifica únicamente la categoría esperada o un sinónimo aceptado; INCORRECTO si elige otra categoría, mezcla categorías incompatibles o se abstiene. SIN_RESPUESTA si está vacía. Ignore mayúsculas, tildes y singular/plural. No penalice una explicación adicional coherente. No use el color ni la talla como criterio decisivo. Evidencia decisiva en este caso: Es un pantalón confeccionado en denim, con dos perneras y bolsillos característicos. El bolso no es el objeto de clasificación.",,,
JUEZ-065,BLU-007,coloquial,"¿Me ayudas a ubicar esta prenda en vestido, polo, blusa o jeans? Te cuento cómo es: Es una prenda superior de vestir en tejido plano de popelina; no incorpora falda ni perneras. Color: azul marino. Detalles: Manga larga; lazo al cuello; silueta ligeramente holgada.",blusa,blusa|blusas|blouse,"CORRECTO si la respuesta identifica únicamente la categoría esperada o un sinónimo aceptado; INCORRECTO si elige otra categoría, mezcla categorías incompatibles o se abstiene. SIN_RESPUESTA si está vacía. Ignore mayúsculas, tildes y singular/plural. No penalice una explicación adicional coherente. No use el color ni la talla como criterio decisivo. Evidencia decisiva en este caso: Es una prenda superior de vestir en tejido plano de popelina; no incorpora falda ni perneras.",,,
JUEZ-066,VES-003,coloquial,"¿Me ayudas a ubicar esta prenda en vestido, polo, blusa o jeans? Te cuento cómo es: Es una pieza única que une el cuerpo superior con una falda integrada y cubre parte de las piernas. Color: terracota. Detalles: Sin mangas; escote redondo; cintura entallada; falda en línea A hasta la rodilla.",vestido,vestido|vestidos|dress,"CORRECTO si la respuesta identifica únicamente la categoría esperada o un sinónimo aceptado; INCORRECTO si elige otra categoría, mezcla categorías incompatibles o se abstiene. SIN_RESPUESTA si está vacía. Ignore mayúsculas, tildes y singular/plural. No penalice una explicación adicional coherente. No use el color ni la talla como criterio decisivo. Evidencia decisiva en este caso: Es una pieza única que une el cuerpo superior con una falda integrada y cubre parte de las piernas.",,,
JUEZ-067,VES-022,directa,"¿A cuál de las categorías vestido, polo, blusa o jeans pertenece la prenda descrita? Es una pieza única que une el cuerpo superior con una falda integrada y cubre parte de las piernas. Color: azul marino. Detalles: Manga corta; escote redondo; corte recto; largo sobre la rodilla.",vestido,vestido|vestidos|dress,"CORRECTO si la respuesta identifica únicamente la categoría esperada o un sinónimo aceptado; INCORRECTO si elige otra categoría, mezcla categorías incompatibles o se abstiene. SIN_RESPUESTA si está vacía. Ignore mayúsculas, tildes y singular/plural. No penalice una explicación adicional coherente. No use el color ni la talla como criterio decisivo. Evidencia decisiva en este caso: Es una pieza única que une el cuerpo superior con una falda integrada y cubre parte de las piernas.",,,
JUEZ-068,JEA-011,distractor,"En una foto aparece un bolso junto a esta prenda. ¿Cómo clasificarías únicamente la prenda entre vestido, polo, blusa y jeans, sin clasificar el bolso? Es un pantalón confeccionado en denim, con dos perneras y bolsillos característicos. Color: azul índigo. Detalles: Tiro alto; pernera ancha desde la cadera; cinco bolsillos.",jeans,jeans|jean|vaquero|vaqueros|pantalón vaquero|pantalón de mezclilla,"CORRECTO si la respuesta identifica únicamente la categoría esperada o un sinónimo aceptado; INCORRECTO si elige otra categoría, mezcla categorías incompatibles o se abstiene. SIN_RESPUESTA si está vacía. Ignore mayúsculas, tildes y singular/plural. No penalice una explicación adicional coherente. No use el color ni la talla como criterio decisivo. Evidencia decisiva en este caso: Es un pantalón confeccionado en denim, con dos perneras y bolsillos característicos. El bolso no es el objeto de clasificación.",,,
JUEZ-069,VES-007,directa,"¿A cuál de las categorías vestido, polo, blusa o jeans pertenece la prenda descrita? Es una pieza única que une el cuerpo superior con una falda integrada y cubre parte de las piernas. Color: azul marino. Detalles: Manga corta; cuello camisero; botones frontales; cinturón; largo midi.",vestido,vestido|vestidos|dress,"CORRECTO si la respuesta identifica únicamente la categoría esperada o un sinónimo aceptado; INCORRECTO si elige otra categoría, mezcla categorías incompatibles o se abstiene. SIN_RESPUESTA si está vacía. Ignore mayúsculas, tildes y singular/plural. No penalice una explicación adicional coherente. No use el color ni la talla como criterio decisivo. Evidencia decisiva en este caso: Es una pieza única que une el cuerpo superior con una falda integrada y cubre parte de las piernas.",,,
JUEZ-070,POL-011,etiqueta_incorrecta,"Una etiqueta automática posiblemente equivocada dice «vestido». ¿Qué categoría corresponde realmente según la descripción: vestido, polo, blusa o jeans? Es una prenda superior casual de punto jersey de algodón, de la familia de las camisetas. Color: verde esmeralda. Detalles: Manga corta amplia; hombros caídos; cuello redondo; corte holgado.",polo,polo|polos|camiseta|camisetas|t-shirt,"CORRECTO si la respuesta identifica únicamente la categoría esperada o un sinónimo aceptado; INCORRECTO si elige otra categoría, mezcla categorías incompatibles o se abstiene. SIN_RESPUESTA si está vacía. Ignore mayúsculas, tildes y singular/plural. No penalice una explicación adicional coherente. No use el color ni la talla como criterio decisivo. Evidencia decisiva en este caso: Es una prenda superior casual de punto jersey de algodón, de la familia de las camisetas. La descripción prevalece sobre la etiqueta automática errónea.",,,
JUEZ-071,BLU-018,errores_ortograficos,"Que categoria coresponde a esta prendaa: vestido, polo, blusa o jeans Es una prendaa superior de vestir en tejido plano de popelina; no incorpora falda ni perneras. Color: terracota. Detayes: Sin mangas; escote redondo; cintura marcada; volante inferior.?",blusa,blusa|blusas|blouse,"CORRECTO si la respuesta identifica únicamente la categoría esperada o un sinónimo aceptado; INCORRECTO si elige otra categoría, mezcla categorías incompatibles o se abstiene. SIN_RESPUESTA si está vacía. Ignore mayúsculas, tildes y singular/plural. No penalice una explicación adicional coherente. No use el color ni la talla como criterio decisivo. Evidencia decisiva en este caso: Es una prenda superior de vestir en tejido plano de popelina; no incorpora falda ni perneras.",,,
JUEZ-072,VES-009,etiqueta_incorrecta,"Una etiqueta automática posiblemente equivocada dice «jeans». ¿Qué categoría corresponde realmente según la descripción: vestido, polo, blusa o jeans? Es una pieza única que une el cuerpo superior con una falda integrada y cubre parte de las piernas. Color: marfil. Detalles: Manga corta; cuello camisero; botones frontales; cinturón; largo midi.",vestido,vestido|vestidos|dress,"CORRECTO si la respuesta identifica únicamente la categoría esperada o un sinónimo aceptado; INCORRECTO si elige otra categoría, mezcla categorías incompatibles o se abstiene. SIN_RESPUESTA si está vacía. Ignore mayúsculas, tildes y singular/plural. No penalice una explicación adicional coherente. No use el color ni la talla como criterio decisivo. Evidencia decisiva en este caso: Es una pieza única que une el cuerpo superior con una falda integrada y cubre parte de las piernas. La descripción prevalece sobre la etiqueta automática errónea.",,,
JUEZ-073,VES-005,directa,"¿A cuál de las categorías vestido, polo, blusa o jeans pertenece la prenda descrita? Es una pieza única que une el cuerpo superior con una falda integrada y cubre parte de las piernas. Color: borgoña. Detalles: Sin mangas; escote redondo; cintura entallada; falda en línea A hasta la rodilla.",vestido,vestido|vestidos|dress,"CORRECTO si la respuesta identifica únicamente la categoría esperada o un sinónimo aceptado; INCORRECTO si elige otra categoría, mezcla categorías incompatibles o se abstiene. SIN_RESPUESTA si está vacía. Ignore mayúsculas, tildes y singular/plural. No penalice una explicación adicional coherente. No use el color ni la talla como criterio decisivo. Evidencia decisiva en este caso: Es una pieza única que une el cuerpo superior con una falda integrada y cubre parte de las piernas.",,,
JUEZ-074,VES-013,distractor,"En una foto aparece un bolso junto a esta prenda. ¿Cómo clasificarías únicamente la prenda entre vestido, polo, blusa y jeans, sin clasificar el bolso? Es una pieza única que une el cuerpo superior con una falda integrada y cubre parte de las piernas. Color: terracota. Detalles: Manga tres cuartos; escote en V; cierre cruzado con lazo lateral; largo midi.",vestido,vestido|vestidos|dress,"CORRECTO si la respuesta identifica únicamente la categoría esperada o un sinónimo aceptado; INCORRECTO si elige otra categoría, mezcla categorías incompatibles o se abstiene. SIN_RESPUESTA si está vacía. Ignore mayúsculas, tildes y singular/plural. No penalice una explicación adicional coherente. No use el color ni la talla como criterio decisivo. Evidencia decisiva en este caso: Es una pieza única que une el cuerpo superior con una falda integrada y cubre parte de las piernas. El bolso no es el objeto de clasificación.",,,
JUEZ-075,BLU-006,distractor,"En una foto aparece un bolso junto a esta prenda. ¿Cómo clasificarías únicamente la prenda entre vestido, polo, blusa y jeans, sin clasificar el bolso? Es una prenda superior de vestir en tejido plano de popelina; no incorpora falda ni perneras. Color: verde esmeralda. Detalles: Manga larga; lazo al cuello; silueta ligeramente holgada.",blusa,blusa|blusas|blouse,"CORRECTO si la respuesta identifica únicamente la categoría esperada o un sinónimo aceptado; INCORRECTO si elige otra categoría, mezcla categorías incompatibles o se abstiene. SIN_RESPUESTA si está vacía. Ignore mayúsculas, tildes y singular/plural. No penalice una explicación adicional coherente. No use el color ni la talla como criterio decisivo. Evidencia decisiva en este caso: Es una prenda superior de vestir en tejido plano de popelina; no incorpora falda ni perneras. El bolso no es el objeto de clasificación.",,,
JUEZ-076,VES-021,distractor,"En una foto aparece un bolso junto a esta prenda. ¿Cómo clasificarías únicamente la prenda entre vestido, polo, blusa y jeans, sin clasificar el bolso? Es una pieza única que une el cuerpo superior con una falda integrada y cubre parte de las piernas. Color: verde esmeralda. Detalles: Manga corta; escote redondo; corte recto; largo sobre la rodilla.",vestido,vestido|vestidos|dress,"CORRECTO si la respuesta identifica únicamente la categoría esperada o un sinónimo aceptado; INCORRECTO si elige otra categoría, mezcla categorías incompatibles o se abstiene. SIN_RESPUESTA si está vacía. Ignore mayúsculas, tildes y singular/plural. No penalice una explicación adicional coherente. No use el color ni la talla como criterio decisivo. Evidencia decisiva en este caso: Es una pieza única que une el cuerpo superior con una falda integrada y cubre parte de las piernas. El bolso no es el objeto de clasificación.",,,
JUEZ-077,POL-025,directa,"¿A cuál de las categorías vestido, polo, blusa o jeans pertenece la prenda descrita? Es una prenda superior casual de punto jersey de algodón, de la familia de las camisetas. Color: borgoña. Detalles: Manga corta; cuello redondo; bolsillo de parche en el pecho.",polo,polo|polos|camiseta|camisetas|t-shirt,"CORRECTO si la respuesta identifica únicamente la categoría esperada o un sinónimo aceptado; INCORRECTO si elige otra categoría, mezcla categorías incompatibles o se abstiene. SIN_RESPUESTA si está vacía. Ignore mayúsculas, tildes y singular/plural. No penalice una explicación adicional coherente. No use el color ni la talla como criterio decisivo. Evidencia decisiva en este caso: Es una prenda superior casual de punto jersey de algodón, de la familia de las camisetas.",,,
JUEZ-078,POL-004,errores_ortograficos,"Que categoria coresponde a esta prendaa: vestido, polo, blusa o jeans Es una prendaa superior casual de punto jersey de algodon, de la familia de las camisetas. Color: marfil. Detayes: Manga corta; cuello redondo; corte regular; acabado liso.?",polo,polo|polos|camiseta|camisetas|t-shirt,"CORRECTO si la respuesta identifica únicamente la categoría esperada o un sinónimo aceptado; INCORRECTO si elige otra categoría, mezcla categorías incompatibles o se abstiene. SIN_RESPUESTA si está vacía. Ignore mayúsculas, tildes y singular/plural. No penalice una explicación adicional coherente. No use el color ni la talla como criterio decisivo. Evidencia decisiva en este caso: Es una prenda superior casual de punto jersey de algodón, de la familia de las camisetas.",,,
JUEZ-079,JEA-011,directa,"¿A cuál de las categorías vestido, polo, blusa o jeans pertenece la prenda descrita? Es un pantalón confeccionado en denim, con dos perneras y bolsillos característicos. Color: azul índigo. Detalles: Tiro alto; pernera ancha desde la cadera; cinco bolsillos.",jeans,jeans|jean|vaquero|vaqueros|pantalón vaquero|pantalón de mezclilla,"CORRECTO si la respuesta identifica únicamente la categoría esperada o un sinónimo aceptado; INCORRECTO si elige otra categoría, mezcla categorías incompatibles o se abstiene. SIN_RESPUESTA si está vacía. Ignore mayúsculas, tildes y singular/plural. No penalice una explicación adicional coherente. No use el color ni la talla como criterio decisivo. Evidencia decisiva en este caso: Es un pantalón confeccionado en denim, con dos perneras y bolsillos característicos.",,,
JUEZ-080,JEA-003,directa,"¿A cuál de las categorías vestido, polo, blusa o jeans pertenece la prenda descrita? Es un pantalón confeccionado en denim, con dos perneras y bolsillos característicos. Color: azul claro. Detalles: Tiro medio; pernera recta; cinco bolsillos; cierre frontal con botón y cremallera.",jeans,jeans|jean|vaquero|vaqueros|pantalón vaquero|pantalón de mezclilla,"CORRECTO si la respuesta identifica únicamente la categoría esperada o un sinónimo aceptado; INCORRECTO si elige otra categoría, mezcla categorías incompatibles o se abstiene. SIN_RESPUESTA si está vacía. Ignore mayúsculas, tildes y singular/plural. No penalice una explicación adicional coherente. No use el color ni la talla como criterio decisivo. Evidencia decisiva en este caso: Es un pantalón confeccionado en denim, con dos perneras y bolsillos característicos.",,,
JUEZ-081,BLU-025,etiqueta_incorrecta,"Una etiqueta automática posiblemente equivocada dice «jeans». ¿Qué categoría corresponde realmente según la descripción: vestido, polo, blusa o jeans? Es una prenda superior de vestir en tejido plano de popelina; no incorpora falda ni perneras. Color: borgoña. Detalles: Manga tres cuartos; escote en V; corte recto; sin botones.",blusa,blusa|blusas|blouse,"CORRECTO si la respuesta identifica únicamente la categoría esperada o un sinónimo aceptado; INCORRECTO si elige otra categoría, mezcla categorías incompatibles o se abstiene. SIN_RESPUESTA si está vacía. Ignore mayúsculas, tildes y singular/plural. No penalice una explicación adicional coherente. No use el color ni la talla como criterio decisivo. Evidencia decisiva en este caso: Es una prenda superior de vestir en tejido plano de popelina; no incorpora falda ni perneras. La descripción prevalece sobre la etiqueta automática errónea.",,,
JUEZ-082,VES-022,distractor,"En una foto aparece un bolso junto a esta prenda. ¿Cómo clasificarías únicamente la prenda entre vestido, polo, blusa y jeans, sin clasificar el bolso? Es una pieza única que une el cuerpo superior con una falda integrada y cubre parte de las piernas. Color: azul marino. Detalles: Manga corta; escote redondo; corte recto; largo sobre la rodilla.",vestido,vestido|vestidos|dress,"CORRECTO si la respuesta identifica únicamente la categoría esperada o un sinónimo aceptado; INCORRECTO si elige otra categoría, mezcla categorías incompatibles o se abstiene. SIN_RESPUESTA si está vacía. Ignore mayúsculas, tildes y singular/plural. No penalice una explicación adicional coherente. No use el color ni la talla como criterio decisivo. Evidencia decisiva en este caso: Es una pieza única que une el cuerpo superior con una falda integrada y cubre parte de las piernas. El bolso no es el objeto de clasificación.",,,
JUEZ-083,POL-009,etiqueta_incorrecta,"Una etiqueta automática posiblemente equivocada dice «vestido». ¿Qué categoría corresponde realmente según la descripción: vestido, polo, blusa o jeans? Es una prenda superior casual de punto jersey de algodón, de la familia de las camisetas. Color: marfil. Detalles: Manga corta; escote en V; corte regular; acabado liso.",polo,polo|polos|camiseta|camisetas|t-shirt,"CORRECTO si la respuesta identifica únicamente la categoría esperada o un sinónimo aceptado; INCORRECTO si elige otra categoría, mezcla categorías incompatibles o se abstiene. SIN_RESPUESTA si está vacía. Ignore mayúsculas, tildes y singular/plural. No penalice una explicación adicional coherente. No use el color ni la talla como criterio decisivo. Evidencia decisiva en este caso: Es una prenda superior casual de punto jersey de algodón, de la familia de las camisetas. La descripción prevalece sobre la etiqueta automática errónea.",,,
JUEZ-084,VES-010,etiqueta_incorrecta,"Una etiqueta automática posiblemente equivocada dice «jeans». ¿Qué categoría corresponde realmente según la descripción: vestido, polo, blusa o jeans? Es una pieza única que une el cuerpo superior con una falda integrada y cubre parte de las piernas. Color: borgoña. Detalles: Manga corta; cuello camisero; botones frontales; cinturón; largo midi.",vestido,vestido|vestidos|dress,"CORRECTO si la respuesta identifica únicamente la categoría esperada o un sinónimo aceptado; INCORRECTO si elige otra categoría, mezcla categorías incompatibles o se abstiene. SIN_RESPUESTA si está vacía. Ignore mayúsculas, tildes y singular/plural. No penalice una explicación adicional coherente. No use el color ni la talla como criterio decisivo. Evidencia decisiva en este caso: Es una pieza única que une el cuerpo superior con una falda integrada y cubre parte de las piernas. La descripción prevalece sobre la etiqueta automática errónea.",,,
JUEZ-085,POL-004,etiqueta_incorrecta,"Una etiqueta automática posiblemente equivocada dice «vestido». ¿Qué categoría corresponde realmente según la descripción: vestido, polo, blusa o jeans? Es una prenda superior casual de punto jersey de algodón, de la familia de las camisetas. Color: marfil. Detalles: Manga corta; cuello redondo; corte regular; acabado liso.",polo,polo|polos|camiseta|camisetas|t-shirt,"CORRECTO si la respuesta identifica únicamente la categoría esperada o un sinónimo aceptado; INCORRECTO si elige otra categoría, mezcla categorías incompatibles o se abstiene. SIN_RESPUESTA si está vacía. Ignore mayúsculas, tildes y singular/plural. No penalice una explicación adicional coherente. No use el color ni la talla como criterio decisivo. Evidencia decisiva en este caso: Es una prenda superior casual de punto jersey de algodón, de la familia de las camisetas. La descripción prevalece sobre la etiqueta automática errónea.",,,
JUEZ-086,VES-016,errores_ortograficos,"Que categoria coresponde a esta prendaa: vestido, polo, blusa o jeans Es una pieza unica que une el cuerpo superior con una falda integrada y cubre parte de las piernas. Color: verde esmeralda. Detayes: Tirantes anchos; escote cuadrado; falda larga y amplia.?",vestido,vestido|vestidos|dress,"CORRECTO si la respuesta identifica únicamente la categoría esperada o un sinónimo aceptado; INCORRECTO si elige otra categoría, mezcla categorías incompatibles o se abstiene. SIN_RESPUESTA si está vacía. Ignore mayúsculas, tildes y singular/plural. No penalice una explicación adicional coherente. No use el color ni la talla como criterio decisivo. Evidencia decisiva en este caso: Es una pieza única que une el cuerpo superior con una falda integrada y cubre parte de las piernas.",,,
JUEZ-087,JEA-024,directa,"¿A cuál de las categorías vestido, polo, blusa o jeans pertenece la prenda descrita? Es un pantalón confeccionado en denim, con dos perneras y bolsillos característicos. Color: negro. Detalles: Tiro medio; ajuste en muslo; campana desde la rodilla; largo completo.",jeans,jeans|jean|vaquero|vaqueros|pantalón vaquero|pantalón de mezclilla,"CORRECTO si la respuesta identifica únicamente la categoría esperada o un sinónimo aceptado; INCORRECTO si elige otra categoría, mezcla categorías incompatibles o se abstiene. SIN_RESPUESTA si está vacía. Ignore mayúsculas, tildes y singular/plural. No penalice una explicación adicional coherente. No use el color ni la talla como criterio decisivo. Evidencia decisiva en este caso: Es un pantalón confeccionado en denim, con dos perneras y bolsillos característicos.",,,
JUEZ-088,BLU-001,errores_ortograficos,"Que categoria coresponde a esta prendaa: vestido, polo, blusa o jeans Es una prendaa superior de vestir en tejido plano de popelina; no incorpora falda ni perneras. Color: verde esmeralda. Detayes: Manga larga; cuello camisero; botones frontales; punos abotonados.?",blusa,blusa|blusas|blouse,"CORRECTO si la respuesta identifica únicamente la categoría esperada o un sinónimo aceptado; INCORRECTO si elige otra categoría, mezcla categorías incompatibles o se abstiene. SIN_RESPUESTA si está vacía. Ignore mayúsculas, tildes y singular/plural. No penalice una explicación adicional coherente. No use el color ni la talla como criterio decisivo. Evidencia decisiva en este caso: Es una prenda superior de vestir en tejido plano de popelina; no incorpora falda ni perneras.",,,
JUEZ-089,JEA-009,distractor,"En una foto aparece un bolso junto a esta prenda. ¿Cómo clasificarías únicamente la prenda entre vestido, polo, blusa y jeans, sin clasificar el bolso? Es un pantalón confeccionado en denim, con dos perneras y bolsillos característicos. Color: negro. Detalles: Tiro alto; pernera ajustada; cinco bolsillos; largo al tobillo.",jeans,jeans|jean|vaquero|vaqueros|pantalón vaquero|pantalón de mezclilla,"CORRECTO si la respuesta identifica únicamente la categoría esperada o un sinónimo aceptado; INCORRECTO si elige otra categoría, mezcla categorías incompatibles o se abstiene. SIN_RESPUESTA si está vacía. Ignore mayúsculas, tildes y singular/plural. No penalice una explicación adicional coherente. No use el color ni la talla como criterio decisivo. Evidencia decisiva en este caso: Es un pantalón confeccionado en denim, con dos perneras y bolsillos característicos. El bolso no es el objeto de clasificación.",,,
JUEZ-090,VES-013,directa,"¿A cuál de las categorías vestido, polo, blusa o jeans pertenece la prenda descrita? Es una pieza única que une el cuerpo superior con una falda integrada y cubre parte de las piernas. Color: terracota. Detalles: Manga tres cuartos; escote en V; cierre cruzado con lazo lateral; largo midi.",vestido,vestido|vestidos|dress,"CORRECTO si la respuesta identifica únicamente la categoría esperada o un sinónimo aceptado; INCORRECTO si elige otra categoría, mezcla categorías incompatibles o se abstiene. SIN_RESPUESTA si está vacía. Ignore mayúsculas, tildes y singular/plural. No penalice una explicación adicional coherente. No use el color ni la talla como criterio decisivo. Evidencia decisiva en este caso: Es una pieza única que une el cuerpo superior con una falda integrada y cubre parte de las piernas.",,,
JUEZ-091,VES-003,errores_ortograficos,"Que categoria coresponde a esta prendaa: vestido, polo, blusa o jeans Es una pieza unica que une el cuerpo superior con una falda integrada y cubre parte de las piernas. Color: terracota. Detayes: Sin mangas; escote redondo; cintura entallada; falda en linea A hasta la rodilla.?",vestido,vestido|vestidos|dress,"CORRECTO si la respuesta identifica únicamente la categoría esperada o un sinónimo aceptado; INCORRECTO si elige otra categoría, mezcla categorías incompatibles o se abstiene. SIN_RESPUESTA si está vacía. Ignore mayúsculas, tildes y singular/plural. No penalice una explicación adicional coherente. No use el color ni la talla como criterio decisivo. Evidencia decisiva en este caso: Es una pieza única que une el cuerpo superior con una falda integrada y cubre parte de las piernas.",,,
JUEZ-092,VES-007,distractor,"En una foto aparece un bolso junto a esta prenda. ¿Cómo clasificarías únicamente la prenda entre vestido, polo, blusa y jeans, sin clasificar el bolso? Es una pieza única que une el cuerpo superior con una falda integrada y cubre parte de las piernas. Color: azul marino. Detalles: Manga corta; cuello camisero; botones frontales; cinturón; largo midi.",vestido,vestido|vestidos|dress,"CORRECTO si la respuesta identifica únicamente la categoría esperada o un sinónimo aceptado; INCORRECTO si elige otra categoría, mezcla categorías incompatibles o se abstiene. SIN_RESPUESTA si está vacía. Ignore mayúsculas, tildes y singular/plural. No penalice una explicación adicional coherente. No use el color ni la talla como criterio decisivo. Evidencia decisiva en este caso: Es una pieza única que une el cuerpo superior con una falda integrada y cubre parte de las piernas. El bolso no es el objeto de clasificación.",,,
JUEZ-093,JEA-022,errores_ortograficos,"Que categoria coresponde a esta prendaa: vestido, polo, blusa o jeans Es un pantalon confeccionado en denim, con dos perneras y bolsillos caracteristicos. Color: azul medio. Detayes: Tiro medio; ajuste en muslo; campana desde la rodilla; largo completo.?",jeans,jeans|jean|vaquero|vaqueros|pantalón vaquero|pantalón de mezclilla,"CORRECTO si la respuesta identifica únicamente la categoría esperada o un sinónimo aceptado; INCORRECTO si elige otra categoría, mezcla categorías incompatibles o se abstiene. SIN_RESPUESTA si está vacía. Ignore mayúsculas, tildes y singular/plural. No penalice una explicación adicional coherente. No use el color ni la talla como criterio decisivo. Evidencia decisiva en este caso: Es un pantalón confeccionado en denim, con dos perneras y bolsillos característicos.",,,
JUEZ-094,JEA-003,distractor,"En una foto aparece un bolso junto a esta prenda. ¿Cómo clasificarías únicamente la prenda entre vestido, polo, blusa y jeans, sin clasificar el bolso? Es un pantalón confeccionado en denim, con dos perneras y bolsillos característicos. Color: azul claro. Detalles: Tiro medio; pernera recta; cinco bolsillos; cierre frontal con botón y cremallera.",jeans,jeans|jean|vaquero|vaqueros|pantalón vaquero|pantalón de mezclilla,"CORRECTO si la respuesta identifica únicamente la categoría esperada o un sinónimo aceptado; INCORRECTO si elige otra categoría, mezcla categorías incompatibles o se abstiene. SIN_RESPUESTA si está vacía. Ignore mayúsculas, tildes y singular/plural. No penalice una explicación adicional coherente. No use el color ni la talla como criterio decisivo. Evidencia decisiva en este caso: Es un pantalón confeccionado en denim, con dos perneras y bolsillos característicos. El bolso no es el objeto de clasificación.",,,
JUEZ-095,JEA-009,coloquial,"¿Me ayudas a ubicar esta prenda en vestido, polo, blusa o jeans? Te cuento cómo es: Es un pantalón confeccionado en denim, con dos perneras y bolsillos característicos. Color: negro. Detalles: Tiro alto; pernera ajustada; cinco bolsillos; largo al tobillo.",jeans,jeans|jean|vaquero|vaqueros|pantalón vaquero|pantalón de mezclilla,"CORRECTO si la respuesta identifica únicamente la categoría esperada o un sinónimo aceptado; INCORRECTO si elige otra categoría, mezcla categorías incompatibles o se abstiene. SIN_RESPUESTA si está vacía. Ignore mayúsculas, tildes y singular/plural. No penalice una explicación adicional coherente. No use el color ni la talla como criterio decisivo. Evidencia decisiva en este caso: Es un pantalón confeccionado en denim, con dos perneras y bolsillos característicos.",,,
JUEZ-096,VES-010,coloquial,"¿Me ayudas a ubicar esta prenda en vestido, polo, blusa o jeans? Te cuento cómo es: Es una pieza única que une el cuerpo superior con una falda integrada y cubre parte de las piernas. Color: borgoña. Detalles: Manga corta; cuello camisero; botones frontales; cinturón; largo midi.",vestido,vestido|vestidos|dress,"CORRECTO si la respuesta identifica únicamente la categoría esperada o un sinónimo aceptado; INCORRECTO si elige otra categoría, mezcla categorías incompatibles o se abstiene. SIN_RESPUESTA si está vacía. Ignore mayúsculas, tildes y singular/plural. No penalice una explicación adicional coherente. No use el color ni la talla como criterio decisivo. Evidencia decisiva en este caso: Es una pieza única que une el cuerpo superior con una falda integrada y cubre parte de las piernas.",,,
JUEZ-097,VES-012,directa,"¿A cuál de las categorías vestido, polo, blusa o jeans pertenece la prenda descrita? Es una pieza única que une el cuerpo superior con una falda integrada y cubre parte de las piernas. Color: azul marino. Detalles: Manga tres cuartos; escote en V; cierre cruzado con lazo lateral; largo midi.",vestido,vestido|vestidos|dress,"CORRECTO si la respuesta identifica únicamente la categoría esperada o un sinónimo aceptado; INCORRECTO si elige otra categoría, mezcla categorías incompatibles o se abstiene. SIN_RESPUESTA si está vacía. Ignore mayúsculas, tildes y singular/plural. No penalice una explicación adicional coherente. No use el color ni la talla como criterio decisivo. Evidencia decisiva en este caso: Es una pieza única que une el cuerpo superior con una falda integrada y cubre parte de las piernas.",,,
JUEZ-098,JEA-019,errores_ortograficos,"Que categoria coresponde a esta prendaa: vestido, polo, blusa o jeans Es un pantalon confeccionado en denim, con dos perneras y bolsillos caracteristicos. Color: negro. Detayes: Tiro alto; holgura en cadera; pernera que se estrecha al tobillo.?",jeans,jeans|jean|vaquero|vaqueros|pantalón vaquero|pantalón de mezclilla,"CORRECTO si la respuesta identifica únicamente la categoría esperada o un sinónimo aceptado; INCORRECTO si elige otra categoría, mezcla categorías incompatibles o se abstiene. SIN_RESPUESTA si está vacía. Ignore mayúsculas, tildes y singular/plural. No penalice una explicación adicional coherente. No use el color ni la talla como criterio decisivo. Evidencia decisiva en este caso: Es un pantalón confeccionado en denim, con dos perneras y bolsillos característicos.",,,
JUEZ-099,POL-016,etiqueta_incorrecta,"Una etiqueta automática posiblemente equivocada dice «vestido». ¿Qué categoría corresponde realmente según la descripción: vestido, polo, blusa o jeans? Es una prenda superior casual de punto jersey de algodón, de la familia de las camisetas. Color: verde esmeralda. Detalles: Manga larga; cuello redondo; puños acanalados; corte regular.",polo,polo|polos|camiseta|camisetas|t-shirt,"CORRECTO si la respuesta identifica únicamente la categoría esperada o un sinónimo aceptado; INCORRECTO si elige otra categoría, mezcla categorías incompatibles o se abstiene. SIN_RESPUESTA si está vacía. Ignore mayúsculas, tildes y singular/plural. No penalice una explicación adicional coherente. No use el color ni la talla como criterio decisivo. Evidencia decisiva en este caso: Es una prenda superior casual de punto jersey de algodón, de la familia de las camisetas. La descripción prevalece sobre la etiqueta automática errónea.",,,
JUEZ-100,JEA-019,etiqueta_incorrecta,"Una etiqueta automática posiblemente equivocada dice «blusa». ¿Qué categoría corresponde realmente según la descripción: vestido, polo, blusa o jeans? Es un pantalón confeccionado en denim, con dos perneras y bolsillos característicos. Color: negro. Detalles: Tiro alto; holgura en cadera; pernera que se estrecha al tobillo.",jeans,jeans|jean|vaquero|vaqueros|pantalón vaquero|pantalón de mezclilla,"CORRECTO si la respuesta identifica únicamente la categoría esperada o un sinónimo aceptado; INCORRECTO si elige otra categoría, mezcla categorías incompatibles o se abstiene. SIN_RESPUESTA si está vacía. Ignore mayúsculas, tildes y singular/plural. No penalice una explicación adicional coherente. No use el color ni la talla como criterio decisivo. Evidencia decisiva en este caso: Es un pantalón confeccionado en denim, con dos perneras y bolsillos característicos. La descripción prevalece sobre la etiqueta automática errónea.",,,
JUEZ-101,POL-019,coloquial,"¿Me ayudas a ubicar esta prenda en vestido, polo, blusa o jeans? Te cuento cómo es: Es una prenda superior casual de punto jersey de algodón, de la familia de las camisetas. Color: marfil. Detalles: Manga larga; cuello redondo; puños acanalados; corte regular.",polo,polo|polos|camiseta|camisetas|t-shirt,"CORRECTO si la respuesta identifica únicamente la categoría esperada o un sinónimo aceptado; INCORRECTO si elige otra categoría, mezcla categorías incompatibles o se abstiene. SIN_RESPUESTA si está vacía. Ignore mayúsculas, tildes y singular/plural. No penalice una explicación adicional coherente. No use el color ni la talla como criterio decisivo. Evidencia decisiva en este caso: Es una prenda superior casual de punto jersey de algodón, de la familia de las camisetas.",,,
JUEZ-102,POL-020,errores_ortograficos,"Que categoria coresponde a esta prendaa: vestido, polo, blusa o jeans Es una prendaa superior casual de punto jersey de algodon, de la familia de las camisetas. Color: borgona. Detayes: Manga larga; cuello redondo; punos acanalados; corte regular.?",polo,polo|polos|camiseta|camisetas|t-shirt,"CORRECTO si la respuesta identifica únicamente la categoría esperada o un sinónimo aceptado; INCORRECTO si elige otra categoría, mezcla categorías incompatibles o se abstiene. SIN_RESPUESTA si está vacía. Ignore mayúsculas, tildes y singular/plural. No penalice una explicación adicional coherente. No use el color ni la talla como criterio decisivo. Evidencia decisiva en este caso: Es una prenda superior casual de punto jersey de algodón, de la familia de las camisetas.",,,
JUEZ-103,POL-021,distractor,"En una foto aparece un bolso junto a esta prenda. ¿Cómo clasificarías únicamente la prenda entre vestido, polo, blusa y jeans, sin clasificar el bolso? Es una prenda superior casual de punto jersey de algodón, de la familia de las camisetas. Color: verde esmeralda. Detalles: Manga corta; cuello redondo; bolsillo de parche en el pecho.",polo,polo|polos|camiseta|camisetas|t-shirt,"CORRECTO si la respuesta identifica únicamente la categoría esperada o un sinónimo aceptado; INCORRECTO si elige otra categoría, mezcla categorías incompatibles o se abstiene. SIN_RESPUESTA si está vacía. Ignore mayúsculas, tildes y singular/plural. No penalice una explicación adicional coherente. No use el color ni la talla como criterio decisivo. Evidencia decisiva en este caso: Es una prenda superior casual de punto jersey de algodón, de la familia de las camisetas. El bolso no es el objeto de clasificación.",,,
JUEZ-104,JEA-002,directa,"¿A cuál de las categorías vestido, polo, blusa o jeans pertenece la prenda descrita? Es un pantalón confeccionado en denim, con dos perneras y bolsillos característicos. Color: azul medio. Detalles: Tiro medio; pernera recta; cinco bolsillos; cierre frontal con botón y cremallera.",jeans,jeans|jean|vaquero|vaqueros|pantalón vaquero|pantalón de mezclilla,"CORRECTO si la respuesta identifica únicamente la categoría esperada o un sinónimo aceptado; INCORRECTO si elige otra categoría, mezcla categorías incompatibles o se abstiene. SIN_RESPUESTA si está vacía. Ignore mayúsculas, tildes y singular/plural. No penalice una explicación adicional coherente. No use el color ni la talla como criterio decisivo. Evidencia decisiva en este caso: Es un pantalón confeccionado en denim, con dos perneras y bolsillos característicos.",,,
JUEZ-105,BLU-017,errores_ortograficos,"Que categoria coresponde a esta prendaa: vestido, polo, blusa o jeans Es una prendaa superior de vestir en tejido plano de popelina; no incorpora falda ni perneras. Color: azul marino. Detayes: Sin mangas; escote redondo; cintura marcada; volante inferior.?",blusa,blusa|blusas|blouse,"CORRECTO si la respuesta identifica únicamente la categoría esperada o un sinónimo aceptado; INCORRECTO si elige otra categoría, mezcla categorías incompatibles o se abstiene. SIN_RESPUESTA si está vacía. Ignore mayúsculas, tildes y singular/plural. No penalice una explicación adicional coherente. No use el color ni la talla como criterio decisivo. Evidencia decisiva en este caso: Es una prenda superior de vestir en tejido plano de popelina; no incorpora falda ni perneras.",,,
JUEZ-106,POL-009,distractor,"En una foto aparece un bolso junto a esta prenda. ¿Cómo clasificarías únicamente la prenda entre vestido, polo, blusa y jeans, sin clasificar el bolso? Es una prenda superior casual de punto jersey de algodón, de la familia de las camisetas. Color: marfil. Detalles: Manga corta; escote en V; corte regular; acabado liso.",polo,polo|polos|camiseta|camisetas|t-shirt,"CORRECTO si la respuesta identifica únicamente la categoría esperada o un sinónimo aceptado; INCORRECTO si elige otra categoría, mezcla categorías incompatibles o se abstiene. SIN_RESPUESTA si está vacía. Ignore mayúsculas, tildes y singular/plural. No penalice una explicación adicional coherente. No use el color ni la talla como criterio decisivo. Evidencia decisiva en este caso: Es una prenda superior casual de punto jersey de algodón, de la familia de las camisetas. El bolso no es el objeto de clasificación.",,,
JUEZ-107,BLU-013,errores_ortograficos,"Que categoria coresponde a esta prendaa: vestido, polo, blusa o jeans Es una prendaa superior de vestir en tejido plano de popelina; no incorpora falda ni perneras. Color: terracota. Detayes: Manga corta abullonada; escote cuadrado; cuerpo entallado.?",blusa,blusa|blusas|blouse,"CORRECTO si la respuesta identifica únicamente la categoría esperada o un sinónimo aceptado; INCORRECTO si elige otra categoría, mezcla categorías incompatibles o se abstiene. SIN_RESPUESTA si está vacía. Ignore mayúsculas, tildes y singular/plural. No penalice una explicación adicional coherente. No use el color ni la talla como criterio decisivo. Evidencia decisiva en este caso: Es una prenda superior de vestir en tejido plano de popelina; no incorpora falda ni perneras.",,,
JUEZ-108,POL-007,directa,"¿A cuál de las categorías vestido, polo, blusa o jeans pertenece la prenda descrita? Es una prenda superior casual de punto jersey de algodón, de la familia de las camisetas. Color: azul marino. Detalles: Manga corta; escote en V; corte regular; acabado liso.",polo,polo|polos|camiseta|camisetas|t-shirt,"CORRECTO si la respuesta identifica únicamente la categoría esperada o un sinónimo aceptado; INCORRECTO si elige otra categoría, mezcla categorías incompatibles o se abstiene. SIN_RESPUESTA si está vacía. Ignore mayúsculas, tildes y singular/plural. No penalice una explicación adicional coherente. No use el color ni la talla como criterio decisivo. Evidencia decisiva en este caso: Es una prenda superior casual de punto jersey de algodón, de la familia de las camisetas.",,,
JUEZ-109,JEA-012,etiqueta_incorrecta,"Una etiqueta automática posiblemente equivocada dice «blusa». ¿Qué categoría corresponde realmente según la descripción: vestido, polo, blusa o jeans? Es un pantalón confeccionado en denim, con dos perneras y bolsillos característicos. Color: azul medio. Detalles: Tiro alto; pernera ancha desde la cadera; cinco bolsillos.",jeans,jeans|jean|vaquero|vaqueros|pantalón vaquero|pantalón de mezclilla,"CORRECTO si la respuesta identifica únicamente la categoría esperada o un sinónimo aceptado; INCORRECTO si elige otra categoría, mezcla categorías incompatibles o se abstiene. SIN_RESPUESTA si está vacía. Ignore mayúsculas, tildes y singular/plural. No penalice una explicación adicional coherente. No use el color ni la talla como criterio decisivo. Evidencia decisiva en este caso: Es un pantalón confeccionado en denim, con dos perneras y bolsillos característicos. La descripción prevalece sobre la etiqueta automática errónea.",,,
JUEZ-110,VES-023,distractor,"En una foto aparece un bolso junto a esta prenda. ¿Cómo clasificarías únicamente la prenda entre vestido, polo, blusa y jeans, sin clasificar el bolso? Es una pieza única que une el cuerpo superior con una falda integrada y cubre parte de las piernas. Color: terracota. Detalles: Manga corta; escote redondo; corte recto; largo sobre la rodilla.",vestido,vestido|vestidos|dress,"CORRECTO si la respuesta identifica únicamente la categoría esperada o un sinónimo aceptado; INCORRECTO si elige otra categoría, mezcla categorías incompatibles o se abstiene. SIN_RESPUESTA si está vacía. Ignore mayúsculas, tildes y singular/plural. No penalice una explicación adicional coherente. No use el color ni la talla como criterio decisivo. Evidencia decisiva en este caso: Es una pieza única que une el cuerpo superior con una falda integrada y cubre parte de las piernas. El bolso no es el objeto de clasificación.",,,
JUEZ-111,JEA-025,coloquial,"¿Me ayudas a ubicar esta prenda en vestido, polo, blusa o jeans? Te cuento cómo es: Es un pantalón confeccionado en denim, con dos perneras y bolsillos característicos. Color: gris. Detalles: Tiro medio; ajuste en muslo; campana desde la rodilla; largo completo.",jeans,jeans|jean|vaquero|vaqueros|pantalón vaquero|pantalón de mezclilla,"CORRECTO si la respuesta identifica únicamente la categoría esperada o un sinónimo aceptado; INCORRECTO si elige otra categoría, mezcla categorías incompatibles o se abstiene. SIN_RESPUESTA si está vacía. Ignore mayúsculas, tildes y singular/plural. No penalice una explicación adicional coherente. No use el color ni la talla como criterio decisivo. Evidencia decisiva en este caso: Es un pantalón confeccionado en denim, con dos perneras y bolsillos característicos.",,,
JUEZ-112,JEA-007,errores_ortograficos,"Que categoria coresponde a esta prendaa: vestido, polo, blusa o jeans Es un pantalon confeccionado en denim, con dos perneras y bolsillos caracteristicos. Color: azul medio. Detayes: Tiro alto; pernera ajustada; cinco bolsillos; largo al tobillo.?",jeans,jeans|jean|vaquero|vaqueros|pantalón vaquero|pantalón de mezclilla,"CORRECTO si la respuesta identifica únicamente la categoría esperada o un sinónimo aceptado; INCORRECTO si elige otra categoría, mezcla categorías incompatibles o se abstiene. SIN_RESPUESTA si está vacía. Ignore mayúsculas, tildes y singular/plural. No penalice una explicación adicional coherente. No use el color ni la talla como criterio decisivo. Evidencia decisiva en este caso: Es un pantalón confeccionado en denim, con dos perneras y bolsillos característicos.",,,
JUEZ-113,BLU-011,coloquial,"¿Me ayudas a ubicar esta prenda en vestido, polo, blusa o jeans? Te cuento cómo es: Es una prenda superior de vestir en tejido plano de popelina; no incorpora falda ni perneras. Color: verde esmeralda. Detalles: Manga corta abullonada; escote cuadrado; cuerpo entallado.",blusa,blusa|blusas|blouse,"CORRECTO si la respuesta identifica únicamente la categoría esperada o un sinónimo aceptado; INCORRECTO si elige otra categoría, mezcla categorías incompatibles o se abstiene. SIN_RESPUESTA si está vacía. Ignore mayúsculas, tildes y singular/plural. No penalice una explicación adicional coherente. No use el color ni la talla como criterio decisivo. Evidencia decisiva en este caso: Es una prenda superior de vestir en tejido plano de popelina; no incorpora falda ni perneras.",,,
JUEZ-114,VES-001,distractor,"En una foto aparece un bolso junto a esta prenda. ¿Cómo clasificarías únicamente la prenda entre vestido, polo, blusa y jeans, sin clasificar el bolso? Es una pieza única que une el cuerpo superior con una falda integrada y cubre parte de las piernas. Color: verde esmeralda. Detalles: Sin mangas; escote redondo; cintura entallada; falda en línea A hasta la rodilla.",vestido,vestido|vestidos|dress,"CORRECTO si la respuesta identifica únicamente la categoría esperada o un sinónimo aceptado; INCORRECTO si elige otra categoría, mezcla categorías incompatibles o se abstiene. SIN_RESPUESTA si está vacía. Ignore mayúsculas, tildes y singular/plural. No penalice una explicación adicional coherente. No use el color ni la talla como criterio decisivo. Evidencia decisiva en este caso: Es una pieza única que une el cuerpo superior con una falda integrada y cubre parte de las piernas. El bolso no es el objeto de clasificación.",,,
JUEZ-115,BLU-019,coloquial,"¿Me ayudas a ubicar esta prenda en vestido, polo, blusa o jeans? Te cuento cómo es: Es una prenda superior de vestir en tejido plano de popelina; no incorpora falda ni perneras. Color: marfil. Detalles: Sin mangas; escote redondo; cintura marcada; volante inferior.",blusa,blusa|blusas|blouse,"CORRECTO si la respuesta identifica únicamente la categoría esperada o un sinónimo aceptado; INCORRECTO si elige otra categoría, mezcla categorías incompatibles o se abstiene. SIN_RESPUESTA si está vacía. Ignore mayúsculas, tildes y singular/plural. No penalice una explicación adicional coherente. No use el color ni la talla como criterio decisivo. Evidencia decisiva en este caso: Es una prenda superior de vestir en tejido plano de popelina; no incorpora falda ni perneras.",,,
JUEZ-116,BLU-016,coloquial,"¿Me ayudas a ubicar esta prenda en vestido, polo, blusa o jeans? Te cuento cómo es: Es una prenda superior de vestir en tejido plano de popelina; no incorpora falda ni perneras. Color: verde esmeralda. Detalles: Sin mangas; escote redondo; cintura marcada; volante inferior.",blusa,blusa|blusas|blouse,"CORRECTO si la respuesta identifica únicamente la categoría esperada o un sinónimo aceptado; INCORRECTO si elige otra categoría, mezcla categorías incompatibles o se abstiene. SIN_RESPUESTA si está vacía. Ignore mayúsculas, tildes y singular/plural. No penalice una explicación adicional coherente. No use el color ni la talla como criterio decisivo. Evidencia decisiva en este caso: Es una prenda superior de vestir en tejido plano de popelina; no incorpora falda ni perneras.",,,
JUEZ-117,JEA-001,distractor,"En una foto aparece un bolso junto a esta prenda. ¿Cómo clasificarías únicamente la prenda entre vestido, polo, blusa y jeans, sin clasificar el bolso? Es un pantalón confeccionado en denim, con dos perneras y bolsillos característicos. Color: azul índigo. Detalles: Tiro medio; pernera recta; cinco bolsillos; cierre frontal con botón y cremallera.",jeans,jeans|jean|vaquero|vaqueros|pantalón vaquero|pantalón de mezclilla,"CORRECTO si la respuesta identifica únicamente la categoría esperada o un sinónimo aceptado; INCORRECTO si elige otra categoría, mezcla categorías incompatibles o se abstiene. SIN_RESPUESTA si está vacía. Ignore mayúsculas, tildes y singular/plural. No penalice una explicación adicional coherente. No use el color ni la talla como criterio decisivo. Evidencia decisiva en este caso: Es un pantalón confeccionado en denim, con dos perneras y bolsillos característicos. El bolso no es el objeto de clasificación.",,,
JUEZ-118,JEA-006,etiqueta_incorrecta,"Una etiqueta automática posiblemente equivocada dice «blusa». ¿Qué categoría corresponde realmente según la descripción: vestido, polo, blusa o jeans? Es un pantalón confeccionado en denim, con dos perneras y bolsillos característicos. Color: azul índigo. Detalles: Tiro alto; pernera ajustada; cinco bolsillos; largo al tobillo.",jeans,jeans|jean|vaquero|vaqueros|pantalón vaquero|pantalón de mezclilla,"CORRECTO si la respuesta identifica únicamente la categoría esperada o un sinónimo aceptado; INCORRECTO si elige otra categoría, mezcla categorías incompatibles o se abstiene. SIN_RESPUESTA si está vacía. Ignore mayúsculas, tildes y singular/plural. No penalice una explicación adicional coherente. No use el color ni la talla como criterio decisivo. Evidencia decisiva en este caso: Es un pantalón confeccionado en denim, con dos perneras y bolsillos característicos. La descripción prevalece sobre la etiqueta automática errónea.",,,
JUEZ-119,VES-008,directa,"¿A cuál de las categorías vestido, polo, blusa o jeans pertenece la prenda descrita? Es una pieza única que une el cuerpo superior con una falda integrada y cubre parte de las piernas. Color: terracota. Detalles: Manga corta; cuello camisero; botones frontales; cinturón; largo midi.",vestido,vestido|vestidos|dress,"CORRECTO si la respuesta identifica únicamente la categoría esperada o un sinónimo aceptado; INCORRECTO si elige otra categoría, mezcla categorías incompatibles o se abstiene. SIN_RESPUESTA si está vacía. Ignore mayúsculas, tildes y singular/plural. No penalice una explicación adicional coherente. No use el color ni la talla como criterio decisivo. Evidencia decisiva en este caso: Es una pieza única que une el cuerpo superior con una falda integrada y cubre parte de las piernas.",,,
JUEZ-120,VES-024,distractor,"En una foto aparece un bolso junto a esta prenda. ¿Cómo clasificarías únicamente la prenda entre vestido, polo, blusa y jeans, sin clasificar el bolso? Es una pieza única que une el cuerpo superior con una falda integrada y cubre parte de las piernas. Color: marfil. Detalles: Manga corta; escote redondo; corte recto; largo sobre la rodilla.",vestido,vestido|vestidos|dress,"CORRECTO si la respuesta identifica únicamente la categoría esperada o un sinónimo aceptado; INCORRECTO si elige otra categoría, mezcla categorías incompatibles o se abstiene. SIN_RESPUESTA si está vacía. Ignore mayúsculas, tildes y singular/plural. No penalice una explicación adicional coherente. No use el color ni la talla como criterio decisivo. Evidencia decisiva en este caso: Es una pieza única que une el cuerpo superior con una falda integrada y cubre parte de las piernas. El bolso no es el objeto de clasificación.",,,
JUEZ-121,JEA-021,errores_ortograficos,"Que categoria coresponde a esta prendaa: vestido, polo, blusa o jeans Es un pantalon confeccionado en denim, con dos perneras y bolsillos caracteristicos. Color: azul indigo. Detayes: Tiro medio; ajuste en muslo; campana desde la rodilla; largo completo.?",jeans,jeans|jean|vaquero|vaqueros|pantalón vaquero|pantalón de mezclilla,"CORRECTO si la respuesta identifica únicamente la categoría esperada o un sinónimo aceptado; INCORRECTO si elige otra categoría, mezcla categorías incompatibles o se abstiene. SIN_RESPUESTA si está vacía. Ignore mayúsculas, tildes y singular/plural. No penalice una explicación adicional coherente. No use el color ni la talla como criterio decisivo. Evidencia decisiva en este caso: Es un pantalón confeccionado en denim, con dos perneras y bolsillos característicos.",,,
JUEZ-122,BLU-013,directa,"¿A cuál de las categorías vestido, polo, blusa o jeans pertenece la prenda descrita? Es una prenda superior de vestir en tejido plano de popelina; no incorpora falda ni perneras. Color: terracota. Detalles: Manga corta abullonada; escote cuadrado; cuerpo entallado.",blusa,blusa|blusas|blouse,"CORRECTO si la respuesta identifica únicamente la categoría esperada o un sinónimo aceptado; INCORRECTO si elige otra categoría, mezcla categorías incompatibles o se abstiene. SIN_RESPUESTA si está vacía. Ignore mayúsculas, tildes y singular/plural. No penalice una explicación adicional coherente. No use el color ni la talla como criterio decisivo. Evidencia decisiva en este caso: Es una prenda superior de vestir en tejido plano de popelina; no incorpora falda ni perneras.",,,
JUEZ-123,POL-003,directa,"¿A cuál de las categorías vestido, polo, blusa o jeans pertenece la prenda descrita? Es una prenda superior casual de punto jersey de algodón, de la familia de las camisetas. Color: terracota. Detalles: Manga corta; cuello redondo; corte regular; acabado liso.",polo,polo|polos|camiseta|camisetas|t-shirt,"CORRECTO si la respuesta identifica únicamente la categoría esperada o un sinónimo aceptado; INCORRECTO si elige otra categoría, mezcla categorías incompatibles o se abstiene. SIN_RESPUESTA si está vacía. Ignore mayúsculas, tildes y singular/plural. No penalice una explicación adicional coherente. No use el color ni la talla como criterio decisivo. Evidencia decisiva en este caso: Es una prenda superior casual de punto jersey de algodón, de la familia de las camisetas.",,,
JUEZ-124,JEA-012,distractor,"En una foto aparece un bolso junto a esta prenda. ¿Cómo clasificarías únicamente la prenda entre vestido, polo, blusa y jeans, sin clasificar el bolso? Es un pantalón confeccionado en denim, con dos perneras y bolsillos característicos. Color: azul medio. Detalles: Tiro alto; pernera ancha desde la cadera; cinco bolsillos.",jeans,jeans|jean|vaquero|vaqueros|pantalón vaquero|pantalón de mezclilla,"CORRECTO si la respuesta identifica únicamente la categoría esperada o un sinónimo aceptado; INCORRECTO si elige otra categoría, mezcla categorías incompatibles o se abstiene. SIN_RESPUESTA si está vacía. Ignore mayúsculas, tildes y singular/plural. No penalice una explicación adicional coherente. No use el color ni la talla como criterio decisivo. Evidencia decisiva en este caso: Es un pantalón confeccionado en denim, con dos perneras y bolsillos característicos. El bolso no es el objeto de clasificación.",,,
JUEZ-125,VES-017,coloquial,"¿Me ayudas a ubicar esta prenda en vestido, polo, blusa o jeans? Te cuento cómo es: Es una pieza única que une el cuerpo superior con una falda integrada y cubre parte de las piernas. Color: azul marino. Detalles: Tirantes anchos; escote cuadrado; falda larga y amplia.",vestido,vestido|vestidos|dress,"CORRECTO si la respuesta identifica únicamente la categoría esperada o un sinónimo aceptado; INCORRECTO si elige otra categoría, mezcla categorías incompatibles o se abstiene. SIN_RESPUESTA si está vacía. Ignore mayúsculas, tildes y singular/plural. No penalice una explicación adicional coherente. No use el color ni la talla como criterio decisivo. Evidencia decisiva en este caso: Es una pieza única que une el cuerpo superior con una falda integrada y cubre parte de las piernas.",,,
JUEZ-126,JEA-022,etiqueta_incorrecta,"Una etiqueta automática posiblemente equivocada dice «blusa». ¿Qué categoría corresponde realmente según la descripción: vestido, polo, blusa o jeans? Es un pantalón confeccionado en denim, con dos perneras y bolsillos característicos. Color: azul medio. Detalles: Tiro medio; ajuste en muslo; campana desde la rodilla; largo completo.",jeans,jeans|jean|vaquero|vaqueros|pantalón vaquero|pantalón de mezclilla,"CORRECTO si la respuesta identifica únicamente la categoría esperada o un sinónimo aceptado; INCORRECTO si elige otra categoría, mezcla categorías incompatibles o se abstiene. SIN_RESPUESTA si está vacía. Ignore mayúsculas, tildes y singular/plural. No penalice una explicación adicional coherente. No use el color ni la talla como criterio decisivo. Evidencia decisiva en este caso: Es un pantalón confeccionado en denim, con dos perneras y bolsillos característicos. La descripción prevalece sobre la etiqueta automática errónea.",,,
JUEZ-127,BLU-010,coloquial,"¿Me ayudas a ubicar esta prenda en vestido, polo, blusa o jeans? Te cuento cómo es: Es una prenda superior de vestir en tejido plano de popelina; no incorpora falda ni perneras. Color: borgoña. Detalles: Manga larga; lazo al cuello; silueta ligeramente holgada.",blusa,blusa|blusas|blouse,"CORRECTO si la respuesta identifica únicamente la categoría esperada o un sinónimo aceptado; INCORRECTO si elige otra categoría, mezcla categorías incompatibles o se abstiene. SIN_RESPUESTA si está vacía. Ignore mayúsculas, tildes y singular/plural. No penalice una explicación adicional coherente. No use el color ni la talla como criterio decisivo. Evidencia decisiva en este caso: Es una prenda superior de vestir en tejido plano de popelina; no incorpora falda ni perneras.",,,
JUEZ-128,VES-002,etiqueta_incorrecta,"Una etiqueta automática posiblemente equivocada dice «jeans». ¿Qué categoría corresponde realmente según la descripción: vestido, polo, blusa o jeans? Es una pieza única que une el cuerpo superior con una falda integrada y cubre parte de las piernas. Color: azul marino. Detalles: Sin mangas; escote redondo; cintura entallada; falda en línea A hasta la rodilla.",vestido,vestido|vestidos|dress,"CORRECTO si la respuesta identifica únicamente la categoría esperada o un sinónimo aceptado; INCORRECTO si elige otra categoría, mezcla categorías incompatibles o se abstiene. SIN_RESPUESTA si está vacía. Ignore mayúsculas, tildes y singular/plural. No penalice una explicación adicional coherente. No use el color ni la talla como criterio decisivo. Evidencia decisiva en este caso: Es una pieza única que une el cuerpo superior con una falda integrada y cubre parte de las piernas. La descripción prevalece sobre la etiqueta automática errónea.",,,
JUEZ-129,JEA-013,coloquial,"¿Me ayudas a ubicar esta prenda en vestido, polo, blusa o jeans? Te cuento cómo es: Es un pantalón confeccionado en denim, con dos perneras y bolsillos característicos. Color: azul claro. Detalles: Tiro alto; pernera ancha desde la cadera; cinco bolsillos.",jeans,jeans|jean|vaquero|vaqueros|pantalón vaquero|pantalón de mezclilla,"CORRECTO si la respuesta identifica únicamente la categoría esperada o un sinónimo aceptado; INCORRECTO si elige otra categoría, mezcla categorías incompatibles o se abstiene. SIN_RESPUESTA si está vacía. Ignore mayúsculas, tildes y singular/plural. No penalice una explicación adicional coherente. No use el color ni la talla como criterio decisivo. Evidencia decisiva en este caso: Es un pantalón confeccionado en denim, con dos perneras y bolsillos característicos.",,,
JUEZ-130,POL-015,errores_ortograficos,"Que categoria coresponde a esta prendaa: vestido, polo, blusa o jeans Es una prendaa superior casual de punto jersey de algodon, de la familia de las camisetas. Color: borgona. Detayes: Manga corta amplia; hombros caidos; cuello redondo; corte holgado.?",polo,polo|polos|camiseta|camisetas|t-shirt,"CORRECTO si la respuesta identifica únicamente la categoría esperada o un sinónimo aceptado; INCORRECTO si elige otra categoría, mezcla categorías incompatibles o se abstiene. SIN_RESPUESTA si está vacía. Ignore mayúsculas, tildes y singular/plural. No penalice una explicación adicional coherente. No use el color ni la talla como criterio decisivo. Evidencia decisiva en este caso: Es una prenda superior casual de punto jersey de algodón, de la familia de las camisetas.",,,
JUEZ-131,VES-011,directa,"¿A cuál de las categorías vestido, polo, blusa o jeans pertenece la prenda descrita? Es una pieza única que une el cuerpo superior con una falda integrada y cubre parte de las piernas. Color: verde esmeralda. Detalles: Manga tres cuartos; escote en V; cierre cruzado con lazo lateral; largo midi.",vestido,vestido|vestidos|dress,"CORRECTO si la respuesta identifica únicamente la categoría esperada o un sinónimo aceptado; INCORRECTO si elige otra categoría, mezcla categorías incompatibles o se abstiene. SIN_RESPUESTA si está vacía. Ignore mayúsculas, tildes y singular/plural. No penalice una explicación adicional coherente. No use el color ni la talla como criterio decisivo. Evidencia decisiva en este caso: Es una pieza única que une el cuerpo superior con una falda integrada y cubre parte de las piernas.",,,
JUEZ-132,BLU-023,directa,"¿A cuál de las categorías vestido, polo, blusa o jeans pertenece la prenda descrita? Es una prenda superior de vestir en tejido plano de popelina; no incorpora falda ni perneras. Color: terracota. Detalles: Manga tres cuartos; escote en V; corte recto; sin botones.",blusa,blusa|blusas|blouse,"CORRECTO si la respuesta identifica únicamente la categoría esperada o un sinónimo aceptado; INCORRECTO si elige otra categoría, mezcla categorías incompatibles o se abstiene. SIN_RESPUESTA si está vacía. Ignore mayúsculas, tildes y singular/plural. No penalice una explicación adicional coherente. No use el color ni la talla como criterio decisivo. Evidencia decisiva en este caso: Es una prenda superior de vestir en tejido plano de popelina; no incorpora falda ni perneras.",,,
JUEZ-133,JEA-004,etiqueta_incorrecta,"Una etiqueta automática posiblemente equivocada dice «blusa». ¿Qué categoría corresponde realmente según la descripción: vestido, polo, blusa o jeans? Es un pantalón confeccionado en denim, con dos perneras y bolsillos característicos. Color: negro. Detalles: Tiro medio; pernera recta; cinco bolsillos; cierre frontal con botón y cremallera.",jeans,jeans|jean|vaquero|vaqueros|pantalón vaquero|pantalón de mezclilla,"CORRECTO si la respuesta identifica únicamente la categoría esperada o un sinónimo aceptado; INCORRECTO si elige otra categoría, mezcla categorías incompatibles o se abstiene. SIN_RESPUESTA si está vacía. Ignore mayúsculas, tildes y singular/plural. No penalice una explicación adicional coherente. No use el color ni la talla como criterio decisivo. Evidencia decisiva en este caso: Es un pantalón confeccionado en denim, con dos perneras y bolsillos característicos. La descripción prevalece sobre la etiqueta automática errónea.",,,
JUEZ-134,POL-013,coloquial,"¿Me ayudas a ubicar esta prenda en vestido, polo, blusa o jeans? Te cuento cómo es: Es una prenda superior casual de punto jersey de algodón, de la familia de las camisetas. Color: terracota. Detalles: Manga corta amplia; hombros caídos; cuello redondo; corte holgado.",polo,polo|polos|camiseta|camisetas|t-shirt,"CORRECTO si la respuesta identifica únicamente la categoría esperada o un sinónimo aceptado; INCORRECTO si elige otra categoría, mezcla categorías incompatibles o se abstiene. SIN_RESPUESTA si está vacía. Ignore mayúsculas, tildes y singular/plural. No penalice una explicación adicional coherente. No use el color ni la talla como criterio decisivo. Evidencia decisiva en este caso: Es una prenda superior casual de punto jersey de algodón, de la familia de las camisetas.",,,
JUEZ-135,POL-022,coloquial,"¿Me ayudas a ubicar esta prenda en vestido, polo, blusa o jeans? Te cuento cómo es: Es una prenda superior casual de punto jersey de algodón, de la familia de las camisetas. Color: azul marino. Detalles: Manga corta; cuello redondo; bolsillo de parche en el pecho.",polo,polo|polos|camiseta|camisetas|t-shirt,"CORRECTO si la respuesta identifica únicamente la categoría esperada o un sinónimo aceptado; INCORRECTO si elige otra categoría, mezcla categorías incompatibles o se abstiene. SIN_RESPUESTA si está vacía. Ignore mayúsculas, tildes y singular/plural. No penalice una explicación adicional coherente. No use el color ni la talla como criterio decisivo. Evidencia decisiva en este caso: Es una prenda superior casual de punto jersey de algodón, de la familia de las camisetas.",,,
JUEZ-136,JEA-002,errores_ortograficos,"Que categoria coresponde a esta prendaa: vestido, polo, blusa o jeans Es un pantalon confeccionado en denim, con dos perneras y bolsillos caracteristicos. Color: azul medio. Detayes: Tiro medio; pernera recta; cinco bolsillos; cierre frontal con boton y cremallera.?",jeans,jeans|jean|vaquero|vaqueros|pantalón vaquero|pantalón de mezclilla,"CORRECTO si la respuesta identifica únicamente la categoría esperada o un sinónimo aceptado; INCORRECTO si elige otra categoría, mezcla categorías incompatibles o se abstiene. SIN_RESPUESTA si está vacía. Ignore mayúsculas, tildes y singular/plural. No penalice una explicación adicional coherente. No use el color ni la talla como criterio decisivo. Evidencia decisiva en este caso: Es un pantalón confeccionado en denim, con dos perneras y bolsillos característicos.",,,
JUEZ-137,BLU-020,directa,"¿A cuál de las categorías vestido, polo, blusa o jeans pertenece la prenda descrita? Es una prenda superior de vestir en tejido plano de popelina; no incorpora falda ni perneras. Color: borgoña. Detalles: Sin mangas; escote redondo; cintura marcada; volante inferior.",blusa,blusa|blusas|blouse,"CORRECTO si la respuesta identifica únicamente la categoría esperada o un sinónimo aceptado; INCORRECTO si elige otra categoría, mezcla categorías incompatibles o se abstiene. SIN_RESPUESTA si está vacía. Ignore mayúsculas, tildes y singular/plural. No penalice una explicación adicional coherente. No use el color ni la talla como criterio decisivo. Evidencia decisiva en este caso: Es una prenda superior de vestir en tejido plano de popelina; no incorpora falda ni perneras.",,,
JUEZ-138,JEA-021,directa,"¿A cuál de las categorías vestido, polo, blusa o jeans pertenece la prenda descrita? Es un pantalón confeccionado en denim, con dos perneras y bolsillos característicos. Color: azul índigo. Detalles: Tiro medio; ajuste en muslo; campana desde la rodilla; largo completo.",jeans,jeans|jean|vaquero|vaqueros|pantalón vaquero|pantalón de mezclilla,"CORRECTO si la respuesta identifica únicamente la categoría esperada o un sinónimo aceptado; INCORRECTO si elige otra categoría, mezcla categorías incompatibles o se abstiene. SIN_RESPUESTA si está vacía. Ignore mayúsculas, tildes y singular/plural. No penalice una explicación adicional coherente. No use el color ni la talla como criterio decisivo. Evidencia decisiva en este caso: Es un pantalón confeccionado en denim, con dos perneras y bolsillos característicos.",,,
JUEZ-139,POL-014,coloquial,"¿Me ayudas a ubicar esta prenda en vestido, polo, blusa o jeans? Te cuento cómo es: Es una prenda superior casual de punto jersey de algodón, de la familia de las camisetas. Color: marfil. Detalles: Manga corta amplia; hombros caídos; cuello redondo; corte holgado.",polo,polo|polos|camiseta|camisetas|t-shirt,"CORRECTO si la respuesta identifica únicamente la categoría esperada o un sinónimo aceptado; INCORRECTO si elige otra categoría, mezcla categorías incompatibles o se abstiene. SIN_RESPUESTA si está vacía. Ignore mayúsculas, tildes y singular/plural. No penalice una explicación adicional coherente. No use el color ni la talla como criterio decisivo. Evidencia decisiva en este caso: Es una prenda superior casual de punto jersey de algodón, de la familia de las camisetas.",,,
JUEZ-140,BLU-025,errores_ortograficos,"Que categoria coresponde a esta prendaa: vestido, polo, blusa o jeans Es una prendaa superior de vestir en tejido plano de popelina; no incorpora falda ni perneras. Color: borgona. Detayes: Manga tres cuartos; escote en V; corte recto; sin botones.?",blusa,blusa|blusas|blouse,"CORRECTO si la respuesta identifica únicamente la categoría esperada o un sinónimo aceptado; INCORRECTO si elige otra categoría, mezcla categorías incompatibles o se abstiene. SIN_RESPUESTA si está vacía. Ignore mayúsculas, tildes y singular/plural. No penalice una explicación adicional coherente. No use el color ni la talla como criterio decisivo. Evidencia decisiva en este caso: Es una prenda superior de vestir en tejido plano de popelina; no incorpora falda ni perneras.",,,
JUEZ-141,VES-018,distractor,"En una foto aparece un bolso junto a esta prenda. ¿Cómo clasificarías únicamente la prenda entre vestido, polo, blusa y jeans, sin clasificar el bolso? Es una pieza única que une el cuerpo superior con una falda integrada y cubre parte de las piernas. Color: terracota. Detalles: Tirantes anchos; escote cuadrado; falda larga y amplia.",vestido,vestido|vestidos|dress,"CORRECTO si la respuesta identifica únicamente la categoría esperada o un sinónimo aceptado; INCORRECTO si elige otra categoría, mezcla categorías incompatibles o se abstiene. SIN_RESPUESTA si está vacía. Ignore mayúsculas, tildes y singular/plural. No penalice una explicación adicional coherente. No use el color ni la talla como criterio decisivo. Evidencia decisiva en este caso: Es una pieza única que une el cuerpo superior con una falda integrada y cubre parte de las piernas. El bolso no es el objeto de clasificación.",,,
JUEZ-142,POL-019,directa,"¿A cuál de las categorías vestido, polo, blusa o jeans pertenece la prenda descrita? Es una prenda superior casual de punto jersey de algodón, de la familia de las camisetas. Color: marfil. Detalles: Manga larga; cuello redondo; puños acanalados; corte regular.",polo,polo|polos|camiseta|camisetas|t-shirt,"CORRECTO si la respuesta identifica únicamente la categoría esperada o un sinónimo aceptado; INCORRECTO si elige otra categoría, mezcla categorías incompatibles o se abstiene. SIN_RESPUESTA si está vacía. Ignore mayúsculas, tildes y singular/plural. No penalice una explicación adicional coherente. No use el color ni la talla como criterio decisivo. Evidencia decisiva en este caso: Es una prenda superior casual de punto jersey de algodón, de la familia de las camisetas.",,,
JUEZ-143,BLU-008,errores_ortograficos,"Que categoria coresponde a esta prendaa: vestido, polo, blusa o jeans Es una prendaa superior de vestir en tejido plano de popelina; no incorpora falda ni perneras. Color: terracota. Detayes: Manga larga; lazo al cuello; silueta ligeramente holgada.?",blusa,blusa|blusas|blouse,"CORRECTO si la respuesta identifica únicamente la categoría esperada o un sinónimo aceptado; INCORRECTO si elige otra categoría, mezcla categorías incompatibles o se abstiene. SIN_RESPUESTA si está vacía. Ignore mayúsculas, tildes y singular/plural. No penalice una explicación adicional coherente. No use el color ni la talla como criterio decisivo. Evidencia decisiva en este caso: Es una prenda superior de vestir en tejido plano de popelina; no incorpora falda ni perneras.",,,
JUEZ-144,VES-020,distractor,"En una foto aparece un bolso junto a esta prenda. ¿Cómo clasificarías únicamente la prenda entre vestido, polo, blusa y jeans, sin clasificar el bolso? Es una pieza única que une el cuerpo superior con una falda integrada y cubre parte de las piernas. Color: borgoña. Detalles: Tirantes anchos; escote cuadrado; falda larga y amplia.",vestido,vestido|vestidos|dress,"CORRECTO si la respuesta identifica únicamente la categoría esperada o un sinónimo aceptado; INCORRECTO si elige otra categoría, mezcla categorías incompatibles o se abstiene. SIN_RESPUESTA si está vacía. Ignore mayúsculas, tildes y singular/plural. No penalice una explicación adicional coherente. No use el color ni la talla como criterio decisivo. Evidencia decisiva en este caso: Es una pieza única que une el cuerpo superior con una falda integrada y cubre parte de las piernas. El bolso no es el objeto de clasificación.",,,
JUEZ-145,JEA-002,coloquial,"¿Me ayudas a ubicar esta prenda en vestido, polo, blusa o jeans? Te cuento cómo es: Es un pantalón confeccionado en denim, con dos perneras y bolsillos característicos. Color: azul medio. Detalles: Tiro medio; pernera recta; cinco bolsillos; cierre frontal con botón y cremallera.",jeans,jeans|jean|vaquero|vaqueros|pantalón vaquero|pantalón de mezclilla,"CORRECTO si la respuesta identifica únicamente la categoría esperada o un sinónimo aceptado; INCORRECTO si elige otra categoría, mezcla categorías incompatibles o se abstiene. SIN_RESPUESTA si está vacía. Ignore mayúsculas, tildes y singular/plural. No penalice una explicación adicional coherente. No use el color ni la talla como criterio decisivo. Evidencia decisiva en este caso: Es un pantalón confeccionado en denim, con dos perneras y bolsillos característicos.",,,
JUEZ-146,BLU-012,etiqueta_incorrecta,"Una etiqueta automática posiblemente equivocada dice «jeans». ¿Qué categoría corresponde realmente según la descripción: vestido, polo, blusa o jeans? Es una prenda superior de vestir en tejido plano de popelina; no incorpora falda ni perneras. Color: azul marino. Detalles: Manga corta abullonada; escote cuadrado; cuerpo entallado.",blusa,blusa|blusas|blouse,"CORRECTO si la respuesta identifica únicamente la categoría esperada o un sinónimo aceptado; INCORRECTO si elige otra categoría, mezcla categorías incompatibles o se abstiene. SIN_RESPUESTA si está vacía. Ignore mayúsculas, tildes y singular/plural. No penalice una explicación adicional coherente. No use el color ni la talla como criterio decisivo. Evidencia decisiva en este caso: Es una prenda superior de vestir en tejido plano de popelina; no incorpora falda ni perneras. La descripción prevalece sobre la etiqueta automática errónea.",,,
JUEZ-147,POL-001,distractor,"En una foto aparece un bolso junto a esta prenda. ¿Cómo clasificarías únicamente la prenda entre vestido, polo, blusa y jeans, sin clasificar el bolso? Es una prenda superior casual de punto jersey de algodón, de la familia de las camisetas. Color: verde esmeralda. Detalles: Manga corta; cuello redondo; corte regular; acabado liso.",polo,polo|polos|camiseta|camisetas|t-shirt,"CORRECTO si la respuesta identifica únicamente la categoría esperada o un sinónimo aceptado; INCORRECTO si elige otra categoría, mezcla categorías incompatibles o se abstiene. SIN_RESPUESTA si está vacía. Ignore mayúsculas, tildes y singular/plural. No penalice una explicación adicional coherente. No use el color ni la talla como criterio decisivo. Evidencia decisiva en este caso: Es una prenda superior casual de punto jersey de algodón, de la familia de las camisetas. El bolso no es el objeto de clasificación.",,,
JUEZ-148,BLU-010,distractor,"En una foto aparece un bolso junto a esta prenda. ¿Cómo clasificarías únicamente la prenda entre vestido, polo, blusa y jeans, sin clasificar el bolso? Es una prenda superior de vestir en tejido plano de popelina; no incorpora falda ni perneras. Color: borgoña. Detalles: Manga larga; lazo al cuello; silueta ligeramente holgada.",blusa,blusa|blusas|blouse,"CORRECTO si la respuesta identifica únicamente la categoría esperada o un sinónimo aceptado; INCORRECTO si elige otra categoría, mezcla categorías incompatibles o se abstiene. SIN_RESPUESTA si está vacía. Ignore mayúsculas, tildes y singular/plural. No penalice una explicación adicional coherente. No use el color ni la talla como criterio decisivo. Evidencia decisiva en este caso: Es una prenda superior de vestir en tejido plano de popelina; no incorpora falda ni perneras. El bolso no es el objeto de clasificación.",,,
JUEZ-149,VES-006,distractor,"En una foto aparece un bolso junto a esta prenda. ¿Cómo clasificarías únicamente la prenda entre vestido, polo, blusa y jeans, sin clasificar el bolso? Es una pieza única que une el cuerpo superior con una falda integrada y cubre parte de las piernas. Color: verde esmeralda. Detalles: Manga corta; cuello camisero; botones frontales; cinturón; largo midi.",vestido,vestido|vestidos|dress,"CORRECTO si la respuesta identifica únicamente la categoría esperada o un sinónimo aceptado; INCORRECTO si elige otra categoría, mezcla categorías incompatibles o se abstiene. SIN_RESPUESTA si está vacía. Ignore mayúsculas, tildes y singular/plural. No penalice una explicación adicional coherente. No use el color ni la talla como criterio decisivo. Evidencia decisiva en este caso: Es una pieza única que une el cuerpo superior con una falda integrada y cubre parte de las piernas. El bolso no es el objeto de clasificación.",,,
JUEZ-150,VES-011,coloquial,"¿Me ayudas a ubicar esta prenda en vestido, polo, blusa o jeans? Te cuento cómo es: Es una pieza única que une el cuerpo superior con una falda integrada y cubre parte de las piernas. Color: verde esmeralda. Detalles: Manga tres cuartos; escote en V; cierre cruzado con lazo lateral; largo midi.",vestido,vestido|vestidos|dress,"CORRECTO si la respuesta identifica únicamente la categoría esperada o un sinónimo aceptado; INCORRECTO si elige otra categoría, mezcla categorías incompatibles o se abstiene. SIN_RESPUESTA si está vacía. Ignore mayúsculas, tildes y singular/plural. No penalice una explicación adicional coherente. No use el color ni la talla como criterio decisivo. Evidencia decisiva en este caso: Es una pieza única que une el cuerpo superior con una falda integrada y cubre parte de las piernas.",,,
JUEZ-151,VES-025,etiqueta_incorrecta,"Una etiqueta automática posiblemente equivocada dice «jeans». ¿Qué categoría corresponde realmente según la descripción: vestido, polo, blusa o jeans? Es una pieza única que une el cuerpo superior con una falda integrada y cubre parte de las piernas. Color: borgoña. Detalles: Manga corta; escote redondo; corte recto; largo sobre la rodilla.",vestido,vestido|vestidos|dress,"CORRECTO si la respuesta identifica únicamente la categoría esperada o un sinónimo aceptado; INCORRECTO si elige otra categoría, mezcla categorías incompatibles o se abstiene. SIN_RESPUESTA si está vacía. Ignore mayúsculas, tildes y singular/plural. No penalice una explicación adicional coherente. No use el color ni la talla como criterio decisivo. Evidencia decisiva en este caso: Es una pieza única que une el cuerpo superior con una falda integrada y cubre parte de las piernas. La descripción prevalece sobre la etiqueta automática errónea.",,,
JUEZ-152,VES-013,errores_ortograficos,"Que categoria coresponde a esta prendaa: vestido, polo, blusa o jeans Es una pieza unica que une el cuerpo superior con una falda integrada y cubre parte de las piernas. Color: terracota. Detayes: Manga tres cuartos; escote en V; cierre cruzado con lazo lateral; largo midi.?",vestido,vestido|vestidos|dress,"CORRECTO si la respuesta identifica únicamente la categoría esperada o un sinónimo aceptado; INCORRECTO si elige otra categoría, mezcla categorías incompatibles o se abstiene. SIN_RESPUESTA si está vacía. Ignore mayúsculas, tildes y singular/plural. No penalice una explicación adicional coherente. No use el color ni la talla como criterio decisivo. Evidencia decisiva en este caso: Es una pieza única que une el cuerpo superior con una falda integrada y cubre parte de las piernas.",,,
JUEZ-153,JEA-015,coloquial,"¿Me ayudas a ubicar esta prenda en vestido, polo, blusa o jeans? Te cuento cómo es: Es un pantalón confeccionado en denim, con dos perneras y bolsillos característicos. Color: gris. Detalles: Tiro alto; pernera ancha desde la cadera; cinco bolsillos.",jeans,jeans|jean|vaquero|vaqueros|pantalón vaquero|pantalón de mezclilla,"CORRECTO si la respuesta identifica únicamente la categoría esperada o un sinónimo aceptado; INCORRECTO si elige otra categoría, mezcla categorías incompatibles o se abstiene. SIN_RESPUESTA si está vacía. Ignore mayúsculas, tildes y singular/plural. No penalice una explicación adicional coherente. No use el color ni la talla como criterio decisivo. Evidencia decisiva en este caso: Es un pantalón confeccionado en denim, con dos perneras y bolsillos característicos.",,,
JUEZ-154,BLU-007,etiqueta_incorrecta,"Una etiqueta automática posiblemente equivocada dice «jeans». ¿Qué categoría corresponde realmente según la descripción: vestido, polo, blusa o jeans? Es una prenda superior de vestir en tejido plano de popelina; no incorpora falda ni perneras. Color: azul marino. Detalles: Manga larga; lazo al cuello; silueta ligeramente holgada.",blusa,blusa|blusas|blouse,"CORRECTO si la respuesta identifica únicamente la categoría esperada o un sinónimo aceptado; INCORRECTO si elige otra categoría, mezcla categorías incompatibles o se abstiene. SIN_RESPUESTA si está vacía. Ignore mayúsculas, tildes y singular/plural. No penalice una explicación adicional coherente. No use el color ni la talla como criterio decisivo. Evidencia decisiva en este caso: Es una prenda superior de vestir en tejido plano de popelina; no incorpora falda ni perneras. La descripción prevalece sobre la etiqueta automática errónea.",,,
JUEZ-155,VES-021,errores_ortograficos,"Que categoria coresponde a esta prendaa: vestido, polo, blusa o jeans Es una pieza unica que une el cuerpo superior con una falda integrada y cubre parte de las piernas. Color: verde esmeralda. Detayes: Manga corta; escote redondo; corte recto; largo sobre la rodilla.?",vestido,vestido|vestidos|dress,"CORRECTO si la respuesta identifica únicamente la categoría esperada o un sinónimo aceptado; INCORRECTO si elige otra categoría, mezcla categorías incompatibles o se abstiene. SIN_RESPUESTA si está vacía. Ignore mayúsculas, tildes y singular/plural. No penalice una explicación adicional coherente. No use el color ni la talla como criterio decisivo. Evidencia decisiva en este caso: Es una pieza única que une el cuerpo superior con una falda integrada y cubre parte de las piernas.",,,
JUEZ-156,VES-019,directa,"¿A cuál de las categorías vestido, polo, blusa o jeans pertenece la prenda descrita? Es una pieza única que une el cuerpo superior con una falda integrada y cubre parte de las piernas. Color: marfil. Detalles: Tirantes anchos; escote cuadrado; falda larga y amplia.",vestido,vestido|vestidos|dress,"CORRECTO si la respuesta identifica únicamente la categoría esperada o un sinónimo aceptado; INCORRECTO si elige otra categoría, mezcla categorías incompatibles o se abstiene. SIN_RESPUESTA si está vacía. Ignore mayúsculas, tildes y singular/plural. No penalice una explicación adicional coherente. No use el color ni la talla como criterio decisivo. Evidencia decisiva en este caso: Es una pieza única que une el cuerpo superior con una falda integrada y cubre parte de las piernas.",,,
JUEZ-157,JEA-018,etiqueta_incorrecta,"Una etiqueta automática posiblemente equivocada dice «blusa». ¿Qué categoría corresponde realmente según la descripción: vestido, polo, blusa o jeans? Es un pantalón confeccionado en denim, con dos perneras y bolsillos característicos. Color: azul claro. Detalles: Tiro alto; holgura en cadera; pernera que se estrecha al tobillo.",jeans,jeans|jean|vaquero|vaqueros|pantalón vaquero|pantalón de mezclilla,"CORRECTO si la respuesta identifica únicamente la categoría esperada o un sinónimo aceptado; INCORRECTO si elige otra categoría, mezcla categorías incompatibles o se abstiene. SIN_RESPUESTA si está vacía. Ignore mayúsculas, tildes y singular/plural. No penalice una explicación adicional coherente. No use el color ni la talla como criterio decisivo. Evidencia decisiva en este caso: Es un pantalón confeccionado en denim, con dos perneras y bolsillos característicos. La descripción prevalece sobre la etiqueta automática errónea.",,,
JUEZ-158,POL-024,distractor,"En una foto aparece un bolso junto a esta prenda. ¿Cómo clasificarías únicamente la prenda entre vestido, polo, blusa y jeans, sin clasificar el bolso? Es una prenda superior casual de punto jersey de algodón, de la familia de las camisetas. Color: marfil. Detalles: Manga corta; cuello redondo; bolsillo de parche en el pecho.",polo,polo|polos|camiseta|camisetas|t-shirt,"CORRECTO si la respuesta identifica únicamente la categoría esperada o un sinónimo aceptado; INCORRECTO si elige otra categoría, mezcla categorías incompatibles o se abstiene. SIN_RESPUESTA si está vacía. Ignore mayúsculas, tildes y singular/plural. No penalice una explicación adicional coherente. No use el color ni la talla como criterio decisivo. Evidencia decisiva en este caso: Es una prenda superior casual de punto jersey de algodón, de la familia de las camisetas. El bolso no es el objeto de clasificación.",,,
JUEZ-159,BLU-006,etiqueta_incorrecta,"Una etiqueta automática posiblemente equivocada dice «jeans». ¿Qué categoría corresponde realmente según la descripción: vestido, polo, blusa o jeans? Es una prenda superior de vestir en tejido plano de popelina; no incorpora falda ni perneras. Color: verde esmeralda. Detalles: Manga larga; lazo al cuello; silueta ligeramente holgada.",blusa,blusa|blusas|blouse,"CORRECTO si la respuesta identifica únicamente la categoría esperada o un sinónimo aceptado; INCORRECTO si elige otra categoría, mezcla categorías incompatibles o se abstiene. SIN_RESPUESTA si está vacía. Ignore mayúsculas, tildes y singular/plural. No penalice una explicación adicional coherente. No use el color ni la talla como criterio decisivo. Evidencia decisiva en este caso: Es una prenda superior de vestir en tejido plano de popelina; no incorpora falda ni perneras. La descripción prevalece sobre la etiqueta automática errónea.",,,
JUEZ-160,JEA-023,directa,"¿A cuál de las categorías vestido, polo, blusa o jeans pertenece la prenda descrita? Es un pantalón confeccionado en denim, con dos perneras y bolsillos característicos. Color: azul claro. Detalles: Tiro medio; ajuste en muslo; campana desde la rodilla; largo completo.",jeans,jeans|jean|vaquero|vaqueros|pantalón vaquero|pantalón de mezclilla,"CORRECTO si la respuesta identifica únicamente la categoría esperada o un sinónimo aceptado; INCORRECTO si elige otra categoría, mezcla categorías incompatibles o se abstiene. SIN_RESPUESTA si está vacía. Ignore mayúsculas, tildes y singular/plural. No penalice una explicación adicional coherente. No use el color ni la talla como criterio decisivo. Evidencia decisiva en este caso: Es un pantalón confeccionado en denim, con dos perneras y bolsillos característicos.",,,
JUEZ-161,BLU-025,coloquial,"¿Me ayudas a ubicar esta prenda en vestido, polo, blusa o jeans? Te cuento cómo es: Es una prenda superior de vestir en tejido plano de popelina; no incorpora falda ni perneras. Color: borgoña. Detalles: Manga tres cuartos; escote en V; corte recto; sin botones.",blusa,blusa|blusas|blouse,"CORRECTO si la respuesta identifica únicamente la categoría esperada o un sinónimo aceptado; INCORRECTO si elige otra categoría, mezcla categorías incompatibles o se abstiene. SIN_RESPUESTA si está vacía. Ignore mayúsculas, tildes y singular/plural. No penalice una explicación adicional coherente. No use el color ni la talla como criterio decisivo. Evidencia decisiva en este caso: Es una prenda superior de vestir en tejido plano de popelina; no incorpora falda ni perneras.",,,
JUEZ-162,JEA-005,errores_ortograficos,"Que categoria coresponde a esta prendaa: vestido, polo, blusa o jeans Es un pantalon confeccionado en denim, con dos perneras y bolsillos caracteristicos. Color: gris. Detayes: Tiro medio; pernera recta; cinco bolsillos; cierre frontal con boton y cremallera.?",jeans,jeans|jean|vaquero|vaqueros|pantalón vaquero|pantalón de mezclilla,"CORRECTO si la respuesta identifica únicamente la categoría esperada o un sinónimo aceptado; INCORRECTO si elige otra categoría, mezcla categorías incompatibles o se abstiene. SIN_RESPUESTA si está vacía. Ignore mayúsculas, tildes y singular/plural. No penalice una explicación adicional coherente. No use el color ni la talla como criterio decisivo. Evidencia decisiva en este caso: Es un pantalón confeccionado en denim, con dos perneras y bolsillos característicos.",,,
JUEZ-163,VES-024,directa,"¿A cuál de las categorías vestido, polo, blusa o jeans pertenece la prenda descrita? Es una pieza única que une el cuerpo superior con una falda integrada y cubre parte de las piernas. Color: marfil. Detalles: Manga corta; escote redondo; corte recto; largo sobre la rodilla.",vestido,vestido|vestidos|dress,"CORRECTO si la respuesta identifica únicamente la categoría esperada o un sinónimo aceptado; INCORRECTO si elige otra categoría, mezcla categorías incompatibles o se abstiene. SIN_RESPUESTA si está vacía. Ignore mayúsculas, tildes y singular/plural. No penalice una explicación adicional coherente. No use el color ni la talla como criterio decisivo. Evidencia decisiva en este caso: Es una pieza única que une el cuerpo superior con una falda integrada y cubre parte de las piernas.",,,
JUEZ-164,VES-014,errores_ortograficos,"Que categoria coresponde a esta prendaa: vestido, polo, blusa o jeans Es una pieza unica que une el cuerpo superior con una falda integrada y cubre parte de las piernas. Color: marfil. Detayes: Manga tres cuartos; escote en V; cierre cruzado con lazo lateral; largo midi.?",vestido,vestido|vestidos|dress,"CORRECTO si la respuesta identifica únicamente la categoría esperada o un sinónimo aceptado; INCORRECTO si elige otra categoría, mezcla categorías incompatibles o se abstiene. SIN_RESPUESTA si está vacía. Ignore mayúsculas, tildes y singular/plural. No penalice una explicación adicional coherente. No use el color ni la talla como criterio decisivo. Evidencia decisiva en este caso: Es una pieza única que une el cuerpo superior con una falda integrada y cubre parte de las piernas.",,,
JUEZ-165,BLU-022,directa,"¿A cuál de las categorías vestido, polo, blusa o jeans pertenece la prenda descrita? Es una prenda superior de vestir en tejido plano de popelina; no incorpora falda ni perneras. Color: azul marino. Detalles: Manga tres cuartos; escote en V; corte recto; sin botones.",blusa,blusa|blusas|blouse,"CORRECTO si la respuesta identifica únicamente la categoría esperada o un sinónimo aceptado; INCORRECTO si elige otra categoría, mezcla categorías incompatibles o se abstiene. SIN_RESPUESTA si está vacía. Ignore mayúsculas, tildes y singular/plural. No penalice una explicación adicional coherente. No use el color ni la talla como criterio decisivo. Evidencia decisiva en este caso: Es una prenda superior de vestir en tejido plano de popelina; no incorpora falda ni perneras.",,,
JUEZ-166,JEA-005,distractor,"En una foto aparece un bolso junto a esta prenda. ¿Cómo clasificarías únicamente la prenda entre vestido, polo, blusa y jeans, sin clasificar el bolso? Es un pantalón confeccionado en denim, con dos perneras y bolsillos característicos. Color: gris. Detalles: Tiro medio; pernera recta; cinco bolsillos; cierre frontal con botón y cremallera.",jeans,jeans|jean|vaquero|vaqueros|pantalón vaquero|pantalón de mezclilla,"CORRECTO si la respuesta identifica únicamente la categoría esperada o un sinónimo aceptado; INCORRECTO si elige otra categoría, mezcla categorías incompatibles o se abstiene. SIN_RESPUESTA si está vacía. Ignore mayúsculas, tildes y singular/plural. No penalice una explicación adicional coherente. No use el color ni la talla como criterio decisivo. Evidencia decisiva en este caso: Es un pantalón confeccionado en denim, con dos perneras y bolsillos característicos. El bolso no es el objeto de clasificación.",,,
JUEZ-167,VES-017,directa,"¿A cuál de las categorías vestido, polo, blusa o jeans pertenece la prenda descrita? Es una pieza única que une el cuerpo superior con una falda integrada y cubre parte de las piernas. Color: azul marino. Detalles: Tirantes anchos; escote cuadrado; falda larga y amplia.",vestido,vestido|vestidos|dress,"CORRECTO si la respuesta identifica únicamente la categoría esperada o un sinónimo aceptado; INCORRECTO si elige otra categoría, mezcla categorías incompatibles o se abstiene. SIN_RESPUESTA si está vacía. Ignore mayúsculas, tildes y singular/plural. No penalice una explicación adicional coherente. No use el color ni la talla como criterio decisivo. Evidencia decisiva en este caso: Es una pieza única que une el cuerpo superior con una falda integrada y cubre parte de las piernas.",,,
JUEZ-168,JEA-013,directa,"¿A cuál de las categorías vestido, polo, blusa o jeans pertenece la prenda descrita? Es un pantalón confeccionado en denim, con dos perneras y bolsillos característicos. Color: azul claro. Detalles: Tiro alto; pernera ancha desde la cadera; cinco bolsillos.",jeans,jeans|jean|vaquero|vaqueros|pantalón vaquero|pantalón de mezclilla,"CORRECTO si la respuesta identifica únicamente la categoría esperada o un sinónimo aceptado; INCORRECTO si elige otra categoría, mezcla categorías incompatibles o se abstiene. SIN_RESPUESTA si está vacía. Ignore mayúsculas, tildes y singular/plural. No penalice una explicación adicional coherente. No use el color ni la talla como criterio decisivo. Evidencia decisiva en este caso: Es un pantalón confeccionado en denim, con dos perneras y bolsillos característicos.",,,
JUEZ-169,POL-022,etiqueta_incorrecta,"Una etiqueta automática posiblemente equivocada dice «vestido». ¿Qué categoría corresponde realmente según la descripción: vestido, polo, blusa o jeans? Es una prenda superior casual de punto jersey de algodón, de la familia de las camisetas. Color: azul marino. Detalles: Manga corta; cuello redondo; bolsillo de parche en el pecho.",polo,polo|polos|camiseta|camisetas|t-shirt,"CORRECTO si la respuesta identifica únicamente la categoría esperada o un sinónimo aceptado; INCORRECTO si elige otra categoría, mezcla categorías incompatibles o se abstiene. SIN_RESPUESTA si está vacía. Ignore mayúsculas, tildes y singular/plural. No penalice una explicación adicional coherente. No use el color ni la talla como criterio decisivo. Evidencia decisiva en este caso: Es una prenda superior casual de punto jersey de algodón, de la familia de las camisetas. La descripción prevalece sobre la etiqueta automática errónea.",,,
JUEZ-170,BLU-005,directa,"¿A cuál de las categorías vestido, polo, blusa o jeans pertenece la prenda descrita? Es una prenda superior de vestir en tejido plano de popelina; no incorpora falda ni perneras. Color: borgoña. Detalles: Manga larga; cuello camisero; botones frontales; puños abotonados.",blusa,blusa|blusas|blouse,"CORRECTO si la respuesta identifica únicamente la categoría esperada o un sinónimo aceptado; INCORRECTO si elige otra categoría, mezcla categorías incompatibles o se abstiene. SIN_RESPUESTA si está vacía. Ignore mayúsculas, tildes y singular/plural. No penalice una explicación adicional coherente. No use el color ni la talla como criterio decisivo. Evidencia decisiva en este caso: Es una prenda superior de vestir en tejido plano de popelina; no incorpora falda ni perneras.",,,
JUEZ-171,VES-004,distractor,"En una foto aparece un bolso junto a esta prenda. ¿Cómo clasificarías únicamente la prenda entre vestido, polo, blusa y jeans, sin clasificar el bolso? Es una pieza única que une el cuerpo superior con una falda integrada y cubre parte de las piernas. Color: marfil. Detalles: Sin mangas; escote redondo; cintura entallada; falda en línea A hasta la rodilla.",vestido,vestido|vestidos|dress,"CORRECTO si la respuesta identifica únicamente la categoría esperada o un sinónimo aceptado; INCORRECTO si elige otra categoría, mezcla categorías incompatibles o se abstiene. SIN_RESPUESTA si está vacía. Ignore mayúsculas, tildes y singular/plural. No penalice una explicación adicional coherente. No use el color ni la talla como criterio decisivo. Evidencia decisiva en este caso: Es una pieza única que une el cuerpo superior con una falda integrada y cubre parte de las piernas. El bolso no es el objeto de clasificación.",,,
JUEZ-172,POL-024,coloquial,"¿Me ayudas a ubicar esta prenda en vestido, polo, blusa o jeans? Te cuento cómo es: Es una prenda superior casual de punto jersey de algodón, de la familia de las camisetas. Color: marfil. Detalles: Manga corta; cuello redondo; bolsillo de parche en el pecho.",polo,polo|polos|camiseta|camisetas|t-shirt,"CORRECTO si la respuesta identifica únicamente la categoría esperada o un sinónimo aceptado; INCORRECTO si elige otra categoría, mezcla categorías incompatibles o se abstiene. SIN_RESPUESTA si está vacía. Ignore mayúsculas, tildes y singular/plural. No penalice una explicación adicional coherente. No use el color ni la talla como criterio decisivo. Evidencia decisiva en este caso: Es una prenda superior casual de punto jersey de algodón, de la familia de las camisetas.",,,
JUEZ-173,BLU-004,etiqueta_incorrecta,"Una etiqueta automática posiblemente equivocada dice «jeans». ¿Qué categoría corresponde realmente según la descripción: vestido, polo, blusa o jeans? Es una prenda superior de vestir en tejido plano de popelina; no incorpora falda ni perneras. Color: marfil. Detalles: Manga larga; cuello camisero; botones frontales; puños abotonados.",blusa,blusa|blusas|blouse,"CORRECTO si la respuesta identifica únicamente la categoría esperada o un sinónimo aceptado; INCORRECTO si elige otra categoría, mezcla categorías incompatibles o se abstiene. SIN_RESPUESTA si está vacía. Ignore mayúsculas, tildes y singular/plural. No penalice una explicación adicional coherente. No use el color ni la talla como criterio decisivo. Evidencia decisiva en este caso: Es una prenda superior de vestir en tejido plano de popelina; no incorpora falda ni perneras. La descripción prevalece sobre la etiqueta automática errónea.",,,
JUEZ-174,VES-011,etiqueta_incorrecta,"Una etiqueta automática posiblemente equivocada dice «jeans». ¿Qué categoría corresponde realmente según la descripción: vestido, polo, blusa o jeans? Es una pieza única que une el cuerpo superior con una falda integrada y cubre parte de las piernas. Color: verde esmeralda. Detalles: Manga tres cuartos; escote en V; cierre cruzado con lazo lateral; largo midi.",vestido,vestido|vestidos|dress,"CORRECTO si la respuesta identifica únicamente la categoría esperada o un sinónimo aceptado; INCORRECTO si elige otra categoría, mezcla categorías incompatibles o se abstiene. SIN_RESPUESTA si está vacía. Ignore mayúsculas, tildes y singular/plural. No penalice una explicación adicional coherente. No use el color ni la talla como criterio decisivo. Evidencia decisiva en este caso: Es una pieza única que une el cuerpo superior con una falda integrada y cubre parte de las piernas. La descripción prevalece sobre la etiqueta automática errónea.",,,
JUEZ-175,VES-004,directa,"¿A cuál de las categorías vestido, polo, blusa o jeans pertenece la prenda descrita? Es una pieza única que une el cuerpo superior con una falda integrada y cubre parte de las piernas. Color: marfil. Detalles: Sin mangas; escote redondo; cintura entallada; falda en línea A hasta la rodilla.",vestido,vestido|vestidos|dress,"CORRECTO si la respuesta identifica únicamente la categoría esperada o un sinónimo aceptado; INCORRECTO si elige otra categoría, mezcla categorías incompatibles o se abstiene. SIN_RESPUESTA si está vacía. Ignore mayúsculas, tildes y singular/plural. No penalice una explicación adicional coherente. No use el color ni la talla como criterio decisivo. Evidencia decisiva en este caso: Es una pieza única que une el cuerpo superior con una falda integrada y cubre parte de las piernas.",,,
JUEZ-176,JEA-006,distractor,"En una foto aparece un bolso junto a esta prenda. ¿Cómo clasificarías únicamente la prenda entre vestido, polo, blusa y jeans, sin clasificar el bolso? Es un pantalón confeccionado en denim, con dos perneras y bolsillos característicos. Color: azul índigo. Detalles: Tiro alto; pernera ajustada; cinco bolsillos; largo al tobillo.",jeans,jeans|jean|vaquero|vaqueros|pantalón vaquero|pantalón de mezclilla,"CORRECTO si la respuesta identifica únicamente la categoría esperada o un sinónimo aceptado; INCORRECTO si elige otra categoría, mezcla categorías incompatibles o se abstiene. SIN_RESPUESTA si está vacía. Ignore mayúsculas, tildes y singular/plural. No penalice una explicación adicional coherente. No use el color ni la talla como criterio decisivo. Evidencia decisiva en este caso: Es un pantalón confeccionado en denim, con dos perneras y bolsillos característicos. El bolso no es el objeto de clasificación.",,,
JUEZ-177,BLU-004,coloquial,"¿Me ayudas a ubicar esta prenda en vestido, polo, blusa o jeans? Te cuento cómo es: Es una prenda superior de vestir en tejido plano de popelina; no incorpora falda ni perneras. Color: marfil. Detalles: Manga larga; cuello camisero; botones frontales; puños abotonados.",blusa,blusa|blusas|blouse,"CORRECTO si la respuesta identifica únicamente la categoría esperada o un sinónimo aceptado; INCORRECTO si elige otra categoría, mezcla categorías incompatibles o se abstiene. SIN_RESPUESTA si está vacía. Ignore mayúsculas, tildes y singular/plural. No penalice una explicación adicional coherente. No use el color ni la talla como criterio decisivo. Evidencia decisiva en este caso: Es una prenda superior de vestir en tejido plano de popelina; no incorpora falda ni perneras.",,,
JUEZ-178,VES-003,distractor,"En una foto aparece un bolso junto a esta prenda. ¿Cómo clasificarías únicamente la prenda entre vestido, polo, blusa y jeans, sin clasificar el bolso? Es una pieza única que une el cuerpo superior con una falda integrada y cubre parte de las piernas. Color: terracota. Detalles: Sin mangas; escote redondo; cintura entallada; falda en línea A hasta la rodilla.",vestido,vestido|vestidos|dress,"CORRECTO si la respuesta identifica únicamente la categoría esperada o un sinónimo aceptado; INCORRECTO si elige otra categoría, mezcla categorías incompatibles o se abstiene. SIN_RESPUESTA si está vacía. Ignore mayúsculas, tildes y singular/plural. No penalice una explicación adicional coherente. No use el color ni la talla como criterio decisivo. Evidencia decisiva en este caso: Es una pieza única que une el cuerpo superior con una falda integrada y cubre parte de las piernas. El bolso no es el objeto de clasificación.",,,
JUEZ-179,VES-024,etiqueta_incorrecta,"Una etiqueta automática posiblemente equivocada dice «jeans». ¿Qué categoría corresponde realmente según la descripción: vestido, polo, blusa o jeans? Es una pieza única que une el cuerpo superior con una falda integrada y cubre parte de las piernas. Color: marfil. Detalles: Manga corta; escote redondo; corte recto; largo sobre la rodilla.",vestido,vestido|vestidos|dress,"CORRECTO si la respuesta identifica únicamente la categoría esperada o un sinónimo aceptado; INCORRECTO si elige otra categoría, mezcla categorías incompatibles o se abstiene. SIN_RESPUESTA si está vacía. Ignore mayúsculas, tildes y singular/plural. No penalice una explicación adicional coherente. No use el color ni la talla como criterio decisivo. Evidencia decisiva en este caso: Es una pieza única que une el cuerpo superior con una falda integrada y cubre parte de las piernas. La descripción prevalece sobre la etiqueta automática errónea.",,,
JUEZ-180,VES-008,errores_ortograficos,"Que categoria coresponde a esta prendaa: vestido, polo, blusa o jeans Es una pieza unica que une el cuerpo superior con una falda integrada y cubre parte de las piernas. Color: terracota. Detayes: Manga corta; cuello camisero; botones frontales; cinturon; largo midi.?",vestido,vestido|vestidos|dress,"CORRECTO si la respuesta identifica únicamente la categoría esperada o un sinónimo aceptado; INCORRECTO si elige otra categoría, mezcla categorías incompatibles o se abstiene. SIN_RESPUESTA si está vacía. Ignore mayúsculas, tildes y singular/plural. No penalice una explicación adicional coherente. No use el color ni la talla como criterio decisivo. Evidencia decisiva en este caso: Es una pieza única que une el cuerpo superior con una falda integrada y cubre parte de las piernas.",,,
JUEZ-181,JEA-016,directa,"¿A cuál de las categorías vestido, polo, blusa o jeans pertenece la prenda descrita? Es un pantalón confeccionado en denim, con dos perneras y bolsillos característicos. Color: azul índigo. Detalles: Tiro alto; holgura en cadera; pernera que se estrecha al tobillo.",jeans,jeans|jean|vaquero|vaqueros|pantalón vaquero|pantalón de mezclilla,"CORRECTO si la respuesta identifica únicamente la categoría esperada o un sinónimo aceptado; INCORRECTO si elige otra categoría, mezcla categorías incompatibles o se abstiene. SIN_RESPUESTA si está vacía. Ignore mayúsculas, tildes y singular/plural. No penalice una explicación adicional coherente. No use el color ni la talla como criterio decisivo. Evidencia decisiva en este caso: Es un pantalón confeccionado en denim, con dos perneras y bolsillos característicos.",,,
JUEZ-182,BLU-012,coloquial,"¿Me ayudas a ubicar esta prenda en vestido, polo, blusa o jeans? Te cuento cómo es: Es una prenda superior de vestir en tejido plano de popelina; no incorpora falda ni perneras. Color: azul marino. Detalles: Manga corta abullonada; escote cuadrado; cuerpo entallado.",blusa,blusa|blusas|blouse,"CORRECTO si la respuesta identifica únicamente la categoría esperada o un sinónimo aceptado; INCORRECTO si elige otra categoría, mezcla categorías incompatibles o se abstiene. SIN_RESPUESTA si está vacía. Ignore mayúsculas, tildes y singular/plural. No penalice una explicación adicional coherente. No use el color ni la talla como criterio decisivo. Evidencia decisiva en este caso: Es una prenda superior de vestir en tejido plano de popelina; no incorpora falda ni perneras.",,,
JUEZ-183,VES-025,directa,"¿A cuál de las categorías vestido, polo, blusa o jeans pertenece la prenda descrita? Es una pieza única que une el cuerpo superior con una falda integrada y cubre parte de las piernas. Color: borgoña. Detalles: Manga corta; escote redondo; corte recto; largo sobre la rodilla.",vestido,vestido|vestidos|dress,"CORRECTO si la respuesta identifica únicamente la categoría esperada o un sinónimo aceptado; INCORRECTO si elige otra categoría, mezcla categorías incompatibles o se abstiene. SIN_RESPUESTA si está vacía. Ignore mayúsculas, tildes y singular/plural. No penalice una explicación adicional coherente. No use el color ni la talla como criterio decisivo. Evidencia decisiva en este caso: Es una pieza única que une el cuerpo superior con una falda integrada y cubre parte de las piernas.",,,
JUEZ-184,POL-018,coloquial,"¿Me ayudas a ubicar esta prenda en vestido, polo, blusa o jeans? Te cuento cómo es: Es una prenda superior casual de punto jersey de algodón, de la familia de las camisetas. Color: terracota. Detalles: Manga larga; cuello redondo; puños acanalados; corte regular.",polo,polo|polos|camiseta|camisetas|t-shirt,"CORRECTO si la respuesta identifica únicamente la categoría esperada o un sinónimo aceptado; INCORRECTO si elige otra categoría, mezcla categorías incompatibles o se abstiene. SIN_RESPUESTA si está vacía. Ignore mayúsculas, tildes y singular/plural. No penalice una explicación adicional coherente. No use el color ni la talla como criterio decisivo. Evidencia decisiva en este caso: Es una prenda superior casual de punto jersey de algodón, de la familia de las camisetas.",,,
JUEZ-185,VES-018,errores_ortograficos,"Que categoria coresponde a esta prendaa: vestido, polo, blusa o jeans Es una pieza unica que une el cuerpo superior con una falda integrada y cubre parte de las piernas. Color: terracota. Detayes: Tirantes anchos; escote cuadrado; falda larga y amplia.?",vestido,vestido|vestidos|dress,"CORRECTO si la respuesta identifica únicamente la categoría esperada o un sinónimo aceptado; INCORRECTO si elige otra categoría, mezcla categorías incompatibles o se abstiene. SIN_RESPUESTA si está vacía. Ignore mayúsculas, tildes y singular/plural. No penalice una explicación adicional coherente. No use el color ni la talla como criterio decisivo. Evidencia decisiva en este caso: Es una pieza única que une el cuerpo superior con una falda integrada y cubre parte de las piernas.",,,
JUEZ-186,JEA-020,distractor,"En una foto aparece un bolso junto a esta prenda. ¿Cómo clasificarías únicamente la prenda entre vestido, polo, blusa y jeans, sin clasificar el bolso? Es un pantalón confeccionado en denim, con dos perneras y bolsillos característicos. Color: gris. Detalles: Tiro alto; holgura en cadera; pernera que se estrecha al tobillo.",jeans,jeans|jean|vaquero|vaqueros|pantalón vaquero|pantalón de mezclilla,"CORRECTO si la respuesta identifica únicamente la categoría esperada o un sinónimo aceptado; INCORRECTO si elige otra categoría, mezcla categorías incompatibles o se abstiene. SIN_RESPUESTA si está vacía. Ignore mayúsculas, tildes y singular/plural. No penalice una explicación adicional coherente. No use el color ni la talla como criterio decisivo. Evidencia decisiva en este caso: Es un pantalón confeccionado en denim, con dos perneras y bolsillos característicos. El bolso no es el objeto de clasificación.",,,
JUEZ-187,JEA-009,directa,"¿A cuál de las categorías vestido, polo, blusa o jeans pertenece la prenda descrita? Es un pantalón confeccionado en denim, con dos perneras y bolsillos característicos. Color: negro. Detalles: Tiro alto; pernera ajustada; cinco bolsillos; largo al tobillo.",jeans,jeans|jean|vaquero|vaqueros|pantalón vaquero|pantalón de mezclilla,"CORRECTO si la respuesta identifica únicamente la categoría esperada o un sinónimo aceptado; INCORRECTO si elige otra categoría, mezcla categorías incompatibles o se abstiene. SIN_RESPUESTA si está vacía. Ignore mayúsculas, tildes y singular/plural. No penalice una explicación adicional coherente. No use el color ni la talla como criterio decisivo. Evidencia decisiva en este caso: Es un pantalón confeccionado en denim, con dos perneras y bolsillos característicos.",,,
JUEZ-188,VES-025,distractor,"En una foto aparece un bolso junto a esta prenda. ¿Cómo clasificarías únicamente la prenda entre vestido, polo, blusa y jeans, sin clasificar el bolso? Es una pieza única que une el cuerpo superior con una falda integrada y cubre parte de las piernas. Color: borgoña. Detalles: Manga corta; escote redondo; corte recto; largo sobre la rodilla.",vestido,vestido|vestidos|dress,"CORRECTO si la respuesta identifica únicamente la categoría esperada o un sinónimo aceptado; INCORRECTO si elige otra categoría, mezcla categorías incompatibles o se abstiene. SIN_RESPUESTA si está vacía. Ignore mayúsculas, tildes y singular/plural. No penalice una explicación adicional coherente. No use el color ni la talla como criterio decisivo. Evidencia decisiva en este caso: Es una pieza única que une el cuerpo superior con una falda integrada y cubre parte de las piernas. El bolso no es el objeto de clasificación.",,,
JUEZ-189,POL-014,errores_ortograficos,"Que categoria coresponde a esta prendaa: vestido, polo, blusa o jeans Es una prendaa superior casual de punto jersey de algodon, de la familia de las camisetas. Color: marfil. Detayes: Manga corta amplia; hombros caidos; cuello redondo; corte holgado.?",polo,polo|polos|camiseta|camisetas|t-shirt,"CORRECTO si la respuesta identifica únicamente la categoría esperada o un sinónimo aceptado; INCORRECTO si elige otra categoría, mezcla categorías incompatibles o se abstiene. SIN_RESPUESTA si está vacía. Ignore mayúsculas, tildes y singular/plural. No penalice una explicación adicional coherente. No use el color ni la talla como criterio decisivo. Evidencia decisiva en este caso: Es una prenda superior casual de punto jersey de algodón, de la familia de las camisetas.",,,
JUEZ-190,VES-010,directa,"¿A cuál de las categorías vestido, polo, blusa o jeans pertenece la prenda descrita? Es una pieza única que une el cuerpo superior con una falda integrada y cubre parte de las piernas. Color: borgoña. Detalles: Manga corta; cuello camisero; botones frontales; cinturón; largo midi.",vestido,vestido|vestidos|dress,"CORRECTO si la respuesta identifica únicamente la categoría esperada o un sinónimo aceptado; INCORRECTO si elige otra categoría, mezcla categorías incompatibles o se abstiene. SIN_RESPUESTA si está vacía. Ignore mayúsculas, tildes y singular/plural. No penalice una explicación adicional coherente. No use el color ni la talla como criterio decisivo. Evidencia decisiva en este caso: Es una pieza única que une el cuerpo superior con una falda integrada y cubre parte de las piernas.",,,
JUEZ-191,JEA-008,directa,"¿A cuál de las categorías vestido, polo, blusa o jeans pertenece la prenda descrita? Es un pantalón confeccionado en denim, con dos perneras y bolsillos característicos. Color: azul claro. Detalles: Tiro alto; pernera ajustada; cinco bolsillos; largo al tobillo.",jeans,jeans|jean|vaquero|vaqueros|pantalón vaquero|pantalón de mezclilla,"CORRECTO si la respuesta identifica únicamente la categoría esperada o un sinónimo aceptado; INCORRECTO si elige otra categoría, mezcla categorías incompatibles o se abstiene. SIN_RESPUESTA si está vacía. Ignore mayúsculas, tildes y singular/plural. No penalice una explicación adicional coherente. No use el color ni la talla como criterio decisivo. Evidencia decisiva en este caso: Es un pantalón confeccionado en denim, con dos perneras y bolsillos característicos.",,,
JUEZ-192,JEA-007,distractor,"En una foto aparece un bolso junto a esta prenda. ¿Cómo clasificarías únicamente la prenda entre vestido, polo, blusa y jeans, sin clasificar el bolso? Es un pantalón confeccionado en denim, con dos perneras y bolsillos característicos. Color: azul medio. Detalles: Tiro alto; pernera ajustada; cinco bolsillos; largo al tobillo.",jeans,jeans|jean|vaquero|vaqueros|pantalón vaquero|pantalón de mezclilla,"CORRECTO si la respuesta identifica únicamente la categoría esperada o un sinónimo aceptado; INCORRECTO si elige otra categoría, mezcla categorías incompatibles o se abstiene. SIN_RESPUESTA si está vacía. Ignore mayúsculas, tildes y singular/plural. No penalice una explicación adicional coherente. No use el color ni la talla como criterio decisivo. Evidencia decisiva en este caso: Es un pantalón confeccionado en denim, con dos perneras y bolsillos característicos. El bolso no es el objeto de clasificación.",,,
JUEZ-193,VES-017,etiqueta_incorrecta,"Una etiqueta automática posiblemente equivocada dice «jeans». ¿Qué categoría corresponde realmente según la descripción: vestido, polo, blusa o jeans? Es una pieza única que une el cuerpo superior con una falda integrada y cubre parte de las piernas. Color: azul marino. Detalles: Tirantes anchos; escote cuadrado; falda larga y amplia.",vestido,vestido|vestidos|dress,"CORRECTO si la respuesta identifica únicamente la categoría esperada o un sinónimo aceptado; INCORRECTO si elige otra categoría, mezcla categorías incompatibles o se abstiene. SIN_RESPUESTA si está vacía. Ignore mayúsculas, tildes y singular/plural. No penalice una explicación adicional coherente. No use el color ni la talla como criterio decisivo. Evidencia decisiva en este caso: Es una pieza única que une el cuerpo superior con una falda integrada y cubre parte de las piernas. La descripción prevalece sobre la etiqueta automática errónea.",,,
JUEZ-194,JEA-022,coloquial,"¿Me ayudas a ubicar esta prenda en vestido, polo, blusa o jeans? Te cuento cómo es: Es un pantalón confeccionado en denim, con dos perneras y bolsillos característicos. Color: azul medio. Detalles: Tiro medio; ajuste en muslo; campana desde la rodilla; largo completo.",jeans,jeans|jean|vaquero|vaqueros|pantalón vaquero|pantalón de mezclilla,"CORRECTO si la respuesta identifica únicamente la categoría esperada o un sinónimo aceptado; INCORRECTO si elige otra categoría, mezcla categorías incompatibles o se abstiene. SIN_RESPUESTA si está vacía. Ignore mayúsculas, tildes y singular/plural. No penalice una explicación adicional coherente. No use el color ni la talla como criterio decisivo. Evidencia decisiva en este caso: Es un pantalón confeccionado en denim, con dos perneras y bolsillos característicos.",,,
JUEZ-195,BLU-006,coloquial,"¿Me ayudas a ubicar esta prenda en vestido, polo, blusa o jeans? Te cuento cómo es: Es una prenda superior de vestir en tejido plano de popelina; no incorpora falda ni perneras. Color: verde esmeralda. Detalles: Manga larga; lazo al cuello; silueta ligeramente holgada.",blusa,blusa|blusas|blouse,"CORRECTO si la respuesta identifica únicamente la categoría esperada o un sinónimo aceptado; INCORRECTO si elige otra categoría, mezcla categorías incompatibles o se abstiene. SIN_RESPUESTA si está vacía. Ignore mayúsculas, tildes y singular/plural. No penalice una explicación adicional coherente. No use el color ni la talla como criterio decisivo. Evidencia decisiva en este caso: Es una prenda superior de vestir en tejido plano de popelina; no incorpora falda ni perneras.",,,
JUEZ-196,BLU-011,errores_ortograficos,"Que categoria coresponde a esta prendaa: vestido, polo, blusa o jeans Es una prendaa superior de vestir en tejido plano de popelina; no incorpora falda ni perneras. Color: verde esmeralda. Detayes: Manga corta abullonada; escote cuadrado; cuerpo entallado.?",blusa,blusa|blusas|blouse,"CORRECTO si la respuesta identifica únicamente la categoría esperada o un sinónimo aceptado; INCORRECTO si elige otra categoría, mezcla categorías incompatibles o se abstiene. SIN_RESPUESTA si está vacía. Ignore mayúsculas, tildes y singular/plural. No penalice una explicación adicional coherente. No use el color ni la talla como criterio decisivo. Evidencia decisiva en este caso: Es una prenda superior de vestir en tejido plano de popelina; no incorpora falda ni perneras.",,,
JUEZ-197,JEA-006,coloquial,"¿Me ayudas a ubicar esta prenda en vestido, polo, blusa o jeans? Te cuento cómo es: Es un pantalón confeccionado en denim, con dos perneras y bolsillos característicos. Color: azul índigo. Detalles: Tiro alto; pernera ajustada; cinco bolsillos; largo al tobillo.",jeans,jeans|jean|vaquero|vaqueros|pantalón vaquero|pantalón de mezclilla,"CORRECTO si la respuesta identifica únicamente la categoría esperada o un sinónimo aceptado; INCORRECTO si elige otra categoría, mezcla categorías incompatibles o se abstiene. SIN_RESPUESTA si está vacía. Ignore mayúsculas, tildes y singular/plural. No penalice una explicación adicional coherente. No use el color ni la talla como criterio decisivo. Evidencia decisiva en este caso: Es un pantalón confeccionado en denim, con dos perneras y bolsillos característicos.",,,
JUEZ-198,BLU-002,etiqueta_incorrecta,"Una etiqueta automática posiblemente equivocada dice «jeans». ¿Qué categoría corresponde realmente según la descripción: vestido, polo, blusa o jeans? Es una prenda superior de vestir en tejido plano de popelina; no incorpora falda ni perneras. Color: azul marino. Detalles: Manga larga; cuello camisero; botones frontales; puños abotonados.",blusa,blusa|blusas|blouse,"CORRECTO si la respuesta identifica únicamente la categoría esperada o un sinónimo aceptado; INCORRECTO si elige otra categoría, mezcla categorías incompatibles o se abstiene. SIN_RESPUESTA si está vacía. Ignore mayúsculas, tildes y singular/plural. No penalice una explicación adicional coherente. No use el color ni la talla como criterio decisivo. Evidencia decisiva en este caso: Es una prenda superior de vestir en tejido plano de popelina; no incorpora falda ni perneras. La descripción prevalece sobre la etiqueta automática errónea.",,,
JUEZ-199,POL-011,directa,"¿A cuál de las categorías vestido, polo, blusa o jeans pertenece la prenda descrita? Es una prenda superior casual de punto jersey de algodón, de la familia de las camisetas. Color: verde esmeralda. Detalles: Manga corta amplia; hombros caídos; cuello redondo; corte holgado.",polo,polo|polos|camiseta|camisetas|t-shirt,"CORRECTO si la respuesta identifica únicamente la categoría esperada o un sinónimo aceptado; INCORRECTO si elige otra categoría, mezcla categorías incompatibles o se abstiene. SIN_RESPUESTA si está vacía. Ignore mayúsculas, tildes y singular/plural. No penalice una explicación adicional coherente. No use el color ni la talla como criterio decisivo. Evidencia decisiva en este caso: Es una prenda superior casual de punto jersey de algodón, de la familia de las camisetas.",,,
JUEZ-200,VES-013,etiqueta_incorrecta,"Una etiqueta automática posiblemente equivocada dice «jeans». ¿Qué categoría corresponde realmente según la descripción: vestido, polo, blusa o jeans? Es una pieza única que une el cuerpo superior con una falda integrada y cubre parte de las piernas. Color: terracota. Detalles: Manga tres cuartos; escote en V; cierre cruzado con lazo lateral; largo midi.",vestido,vestido|vestidos|dress,"CORRECTO si la respuesta identifica únicamente la categoría esperada o un sinónimo aceptado; INCORRECTO si elige otra categoría, mezcla categorías incompatibles o se abstiene. SIN_RESPUESTA si está vacía. Ignore mayúsculas, tildes y singular/plural. No penalice una explicación adicional coherente. No use el color ni la talla como criterio decisivo. Evidencia decisiva en este caso: Es una pieza única que une el cuerpo superior con una falda integrada y cubre parte de las piernas. La descripción prevalece sobre la etiqueta automática errónea.",,,
JUEZ-201,BLU-017,directa,"¿A cuál de las categorías vestido, polo, blusa o jeans pertenece la prenda descrita? Es una prenda superior de vestir en tejido plano de popelina; no incorpora falda ni perneras. Color: azul marino. Detalles: Sin mangas; escote redondo; cintura marcada; volante inferior.",blusa,blusa|blusas|blouse,"CORRECTO si la respuesta identifica únicamente la categoría esperada o un sinónimo aceptado; INCORRECTO si elige otra categoría, mezcla categorías incompatibles o se abstiene. SIN_RESPUESTA si está vacía. Ignore mayúsculas, tildes y singular/plural. No penalice una explicación adicional coherente. No use el color ni la talla como criterio decisivo. Evidencia decisiva en este caso: Es una prenda superior de vestir en tejido plano de popelina; no incorpora falda ni perneras.",,,
JUEZ-202,POL-014,directa,"¿A cuál de las categorías vestido, polo, blusa o jeans pertenece la prenda descrita? Es una prenda superior casual de punto jersey de algodón, de la familia de las camisetas. Color: marfil. Detalles: Manga corta amplia; hombros caídos; cuello redondo; corte holgado.",polo,polo|polos|camiseta|camisetas|t-shirt,"CORRECTO si la respuesta identifica únicamente la categoría esperada o un sinónimo aceptado; INCORRECTO si elige otra categoría, mezcla categorías incompatibles o se abstiene. SIN_RESPUESTA si está vacía. Ignore mayúsculas, tildes y singular/plural. No penalice una explicación adicional coherente. No use el color ni la talla como criterio decisivo. Evidencia decisiva en este caso: Es una prenda superior casual de punto jersey de algodón, de la familia de las camisetas.",,,
JUEZ-203,BLU-005,errores_ortograficos,"Que categoria coresponde a esta prendaa: vestido, polo, blusa o jeans Es una prendaa superior de vestir en tejido plano de popelina; no incorpora falda ni perneras. Color: borgona. Detayes: Manga larga; cuello camisero; botones frontales; punos abotonados.?",blusa,blusa|blusas|blouse,"CORRECTO si la respuesta identifica únicamente la categoría esperada o un sinónimo aceptado; INCORRECTO si elige otra categoría, mezcla categorías incompatibles o se abstiene. SIN_RESPUESTA si está vacía. Ignore mayúsculas, tildes y singular/plural. No penalice una explicación adicional coherente. No use el color ni la talla como criterio decisivo. Evidencia decisiva en este caso: Es una prenda superior de vestir en tejido plano de popelina; no incorpora falda ni perneras.",,,
JUEZ-204,VES-021,directa,"¿A cuál de las categorías vestido, polo, blusa o jeans pertenece la prenda descrita? Es una pieza única que une el cuerpo superior con una falda integrada y cubre parte de las piernas. Color: verde esmeralda. Detalles: Manga corta; escote redondo; corte recto; largo sobre la rodilla.",vestido,vestido|vestidos|dress,"CORRECTO si la respuesta identifica únicamente la categoría esperada o un sinónimo aceptado; INCORRECTO si elige otra categoría, mezcla categorías incompatibles o se abstiene. SIN_RESPUESTA si está vacía. Ignore mayúsculas, tildes y singular/plural. No penalice una explicación adicional coherente. No use el color ni la talla como criterio decisivo. Evidencia decisiva en este caso: Es una pieza única que une el cuerpo superior con una falda integrada y cubre parte de las piernas.",,,
JUEZ-205,POL-003,errores_ortograficos,"Que categoria coresponde a esta prendaa: vestido, polo, blusa o jeans Es una prendaa superior casual de punto jersey de algodon, de la familia de las camisetas. Color: terracota. Detayes: Manga corta; cuello redondo; corte regular; acabado liso.?",polo,polo|polos|camiseta|camisetas|t-shirt,"CORRECTO si la respuesta identifica únicamente la categoría esperada o un sinónimo aceptado; INCORRECTO si elige otra categoría, mezcla categorías incompatibles o se abstiene. SIN_RESPUESTA si está vacía. Ignore mayúsculas, tildes y singular/plural. No penalice una explicación adicional coherente. No use el color ni la talla como criterio decisivo. Evidencia decisiva en este caso: Es una prenda superior casual de punto jersey de algodón, de la familia de las camisetas.",,,
JUEZ-206,POL-010,etiqueta_incorrecta,"Una etiqueta automática posiblemente equivocada dice «vestido». ¿Qué categoría corresponde realmente según la descripción: vestido, polo, blusa o jeans? Es una prenda superior casual de punto jersey de algodón, de la familia de las camisetas. Color: borgoña. Detalles: Manga corta; escote en V; corte regular; acabado liso.",polo,polo|polos|camiseta|camisetas|t-shirt,"CORRECTO si la respuesta identifica únicamente la categoría esperada o un sinónimo aceptado; INCORRECTO si elige otra categoría, mezcla categorías incompatibles o se abstiene. SIN_RESPUESTA si está vacía. Ignore mayúsculas, tildes y singular/plural. No penalice una explicación adicional coherente. No use el color ni la talla como criterio decisivo. Evidencia decisiva en este caso: Es una prenda superior casual de punto jersey de algodón, de la familia de las camisetas. La descripción prevalece sobre la etiqueta automática errónea.",,,
JUEZ-207,JEA-011,coloquial,"¿Me ayudas a ubicar esta prenda en vestido, polo, blusa o jeans? Te cuento cómo es: Es un pantalón confeccionado en denim, con dos perneras y bolsillos característicos. Color: azul índigo. Detalles: Tiro alto; pernera ancha desde la cadera; cinco bolsillos.",jeans,jeans|jean|vaquero|vaqueros|pantalón vaquero|pantalón de mezclilla,"CORRECTO si la respuesta identifica únicamente la categoría esperada o un sinónimo aceptado; INCORRECTO si elige otra categoría, mezcla categorías incompatibles o se abstiene. SIN_RESPUESTA si está vacía. Ignore mayúsculas, tildes y singular/plural. No penalice una explicación adicional coherente. No use el color ni la talla como criterio decisivo. Evidencia decisiva en este caso: Es un pantalón confeccionado en denim, con dos perneras y bolsillos característicos.",,,
JUEZ-208,JEA-003,coloquial,"¿Me ayudas a ubicar esta prenda en vestido, polo, blusa o jeans? Te cuento cómo es: Es un pantalón confeccionado en denim, con dos perneras y bolsillos característicos. Color: azul claro. Detalles: Tiro medio; pernera recta; cinco bolsillos; cierre frontal con botón y cremallera.",jeans,jeans|jean|vaquero|vaqueros|pantalón vaquero|pantalón de mezclilla,"CORRECTO si la respuesta identifica únicamente la categoría esperada o un sinónimo aceptado; INCORRECTO si elige otra categoría, mezcla categorías incompatibles o se abstiene. SIN_RESPUESTA si está vacía. Ignore mayúsculas, tildes y singular/plural. No penalice una explicación adicional coherente. No use el color ni la talla como criterio decisivo. Evidencia decisiva en este caso: Es un pantalón confeccionado en denim, con dos perneras y bolsillos característicos.",,,
JUEZ-209,POL-005,directa,"¿A cuál de las categorías vestido, polo, blusa o jeans pertenece la prenda descrita? Es una prenda superior casual de punto jersey de algodón, de la familia de las camisetas. Color: borgoña. Detalles: Manga corta; cuello redondo; corte regular; acabado liso.",polo,polo|polos|camiseta|camisetas|t-shirt,"CORRECTO si la respuesta identifica únicamente la categoría esperada o un sinónimo aceptado; INCORRECTO si elige otra categoría, mezcla categorías incompatibles o se abstiene. SIN_RESPUESTA si está vacía. Ignore mayúsculas, tildes y singular/plural. No penalice una explicación adicional coherente. No use el color ni la talla como criterio decisivo. Evidencia decisiva en este caso: Es una prenda superior casual de punto jersey de algodón, de la familia de las camisetas.",,,
JUEZ-210,BLU-020,etiqueta_incorrecta,"Una etiqueta automática posiblemente equivocada dice «jeans». ¿Qué categoría corresponde realmente según la descripción: vestido, polo, blusa o jeans? Es una prenda superior de vestir en tejido plano de popelina; no incorpora falda ni perneras. Color: borgoña. Detalles: Sin mangas; escote redondo; cintura marcada; volante inferior.",blusa,blusa|blusas|blouse,"CORRECTO si la respuesta identifica únicamente la categoría esperada o un sinónimo aceptado; INCORRECTO si elige otra categoría, mezcla categorías incompatibles o se abstiene. SIN_RESPUESTA si está vacía. Ignore mayúsculas, tildes y singular/plural. No penalice una explicación adicional coherente. No use el color ni la talla como criterio decisivo. Evidencia decisiva en este caso: Es una prenda superior de vestir en tejido plano de popelina; no incorpora falda ni perneras. La descripción prevalece sobre la etiqueta automática errónea.",,,
JUEZ-211,BLU-007,directa,"¿A cuál de las categorías vestido, polo, blusa o jeans pertenece la prenda descrita? Es una prenda superior de vestir en tejido plano de popelina; no incorpora falda ni perneras. Color: azul marino. Detalles: Manga larga; lazo al cuello; silueta ligeramente holgada.",blusa,blusa|blusas|blouse,"CORRECTO si la respuesta identifica únicamente la categoría esperada o un sinónimo aceptado; INCORRECTO si elige otra categoría, mezcla categorías incompatibles o se abstiene. SIN_RESPUESTA si está vacía. Ignore mayúsculas, tildes y singular/plural. No penalice una explicación adicional coherente. No use el color ni la talla como criterio decisivo. Evidencia decisiva en este caso: Es una prenda superior de vestir en tejido plano de popelina; no incorpora falda ni perneras.",,,
JUEZ-212,JEA-006,errores_ortograficos,"Que categoria coresponde a esta prendaa: vestido, polo, blusa o jeans Es un pantalon confeccionado en denim, con dos perneras y bolsillos caracteristicos. Color: azul indigo. Detayes: Tiro alto; pernera ajustada; cinco bolsillos; largo al tobillo.?",jeans,jeans|jean|vaquero|vaqueros|pantalón vaquero|pantalón de mezclilla,"CORRECTO si la respuesta identifica únicamente la categoría esperada o un sinónimo aceptado; INCORRECTO si elige otra categoría, mezcla categorías incompatibles o se abstiene. SIN_RESPUESTA si está vacía. Ignore mayúsculas, tildes y singular/plural. No penalice una explicación adicional coherente. No use el color ni la talla como criterio decisivo. Evidencia decisiva en este caso: Es un pantalón confeccionado en denim, con dos perneras y bolsillos característicos.",,,
JUEZ-213,BLU-023,errores_ortograficos,"Que categoria coresponde a esta prendaa: vestido, polo, blusa o jeans Es una prendaa superior de vestir en tejido plano de popelina; no incorpora falda ni perneras. Color: terracota. Detayes: Manga tres cuartos; escote en V; corte recto; sin botones.?",blusa,blusa|blusas|blouse,"CORRECTO si la respuesta identifica únicamente la categoría esperada o un sinónimo aceptado; INCORRECTO si elige otra categoría, mezcla categorías incompatibles o se abstiene. SIN_RESPUESTA si está vacía. Ignore mayúsculas, tildes y singular/plural. No penalice una explicación adicional coherente. No use el color ni la talla como criterio decisivo. Evidencia decisiva en este caso: Es una prenda superior de vestir en tejido plano de popelina; no incorpora falda ni perneras.",,,
JUEZ-214,POL-018,distractor,"En una foto aparece un bolso junto a esta prenda. ¿Cómo clasificarías únicamente la prenda entre vestido, polo, blusa y jeans, sin clasificar el bolso? Es una prenda superior casual de punto jersey de algodón, de la familia de las camisetas. Color: terracota. Detalles: Manga larga; cuello redondo; puños acanalados; corte regular.",polo,polo|polos|camiseta|camisetas|t-shirt,"CORRECTO si la respuesta identifica únicamente la categoría esperada o un sinónimo aceptado; INCORRECTO si elige otra categoría, mezcla categorías incompatibles o se abstiene. SIN_RESPUESTA si está vacía. Ignore mayúsculas, tildes y singular/plural. No penalice una explicación adicional coherente. No use el color ni la talla como criterio decisivo. Evidencia decisiva en este caso: Es una prenda superior casual de punto jersey de algodón, de la familia de las camisetas. El bolso no es el objeto de clasificación.",,,
JUEZ-215,BLU-023,coloquial,"¿Me ayudas a ubicar esta prenda en vestido, polo, blusa o jeans? Te cuento cómo es: Es una prenda superior de vestir en tejido plano de popelina; no incorpora falda ni perneras. Color: terracota. Detalles: Manga tres cuartos; escote en V; corte recto; sin botones.",blusa,blusa|blusas|blouse,"CORRECTO si la respuesta identifica únicamente la categoría esperada o un sinónimo aceptado; INCORRECTO si elige otra categoría, mezcla categorías incompatibles o se abstiene. SIN_RESPUESTA si está vacía. Ignore mayúsculas, tildes y singular/plural. No penalice una explicación adicional coherente. No use el color ni la talla como criterio decisivo. Evidencia decisiva en este caso: Es una prenda superior de vestir en tejido plano de popelina; no incorpora falda ni perneras.",,,
JUEZ-216,JEA-020,coloquial,"¿Me ayudas a ubicar esta prenda en vestido, polo, blusa o jeans? Te cuento cómo es: Es un pantalón confeccionado en denim, con dos perneras y bolsillos característicos. Color: gris. Detalles: Tiro alto; holgura en cadera; pernera que se estrecha al tobillo.",jeans,jeans|jean|vaquero|vaqueros|pantalón vaquero|pantalón de mezclilla,"CORRECTO si la respuesta identifica únicamente la categoría esperada o un sinónimo aceptado; INCORRECTO si elige otra categoría, mezcla categorías incompatibles o se abstiene. SIN_RESPUESTA si está vacía. Ignore mayúsculas, tildes y singular/plural. No penalice una explicación adicional coherente. No use el color ni la talla como criterio decisivo. Evidencia decisiva en este caso: Es un pantalón confeccionado en denim, con dos perneras y bolsillos característicos.",,,
JUEZ-217,BLU-009,directa,"¿A cuál de las categorías vestido, polo, blusa o jeans pertenece la prenda descrita? Es una prenda superior de vestir en tejido plano de popelina; no incorpora falda ni perneras. Color: marfil. Detalles: Manga larga; lazo al cuello; silueta ligeramente holgada.",blusa,blusa|blusas|blouse,"CORRECTO si la respuesta identifica únicamente la categoría esperada o un sinónimo aceptado; INCORRECTO si elige otra categoría, mezcla categorías incompatibles o se abstiene. SIN_RESPUESTA si está vacía. Ignore mayúsculas, tildes y singular/plural. No penalice una explicación adicional coherente. No use el color ni la talla como criterio decisivo. Evidencia decisiva en este caso: Es una prenda superior de vestir en tejido plano de popelina; no incorpora falda ni perneras.",,,
JUEZ-218,VES-020,coloquial,"¿Me ayudas a ubicar esta prenda en vestido, polo, blusa o jeans? Te cuento cómo es: Es una pieza única que une el cuerpo superior con una falda integrada y cubre parte de las piernas. Color: borgoña. Detalles: Tirantes anchos; escote cuadrado; falda larga y amplia.",vestido,vestido|vestidos|dress,"CORRECTO si la respuesta identifica únicamente la categoría esperada o un sinónimo aceptado; INCORRECTO si elige otra categoría, mezcla categorías incompatibles o se abstiene. SIN_RESPUESTA si está vacía. Ignore mayúsculas, tildes y singular/plural. No penalice una explicación adicional coherente. No use el color ni la talla como criterio decisivo. Evidencia decisiva en este caso: Es una pieza única que une el cuerpo superior con una falda integrada y cubre parte de las piernas.",,,
JUEZ-219,VES-001,coloquial,"¿Me ayudas a ubicar esta prenda en vestido, polo, blusa o jeans? Te cuento cómo es: Es una pieza única que une el cuerpo superior con una falda integrada y cubre parte de las piernas. Color: verde esmeralda. Detalles: Sin mangas; escote redondo; cintura entallada; falda en línea A hasta la rodilla.",vestido,vestido|vestidos|dress,"CORRECTO si la respuesta identifica únicamente la categoría esperada o un sinónimo aceptado; INCORRECTO si elige otra categoría, mezcla categorías incompatibles o se abstiene. SIN_RESPUESTA si está vacía. Ignore mayúsculas, tildes y singular/plural. No penalice una explicación adicional coherente. No use el color ni la talla como criterio decisivo. Evidencia decisiva en este caso: Es una pieza única que une el cuerpo superior con una falda integrada y cubre parte de las piernas.",,,
JUEZ-220,BLU-025,distractor,"En una foto aparece un bolso junto a esta prenda. ¿Cómo clasificarías únicamente la prenda entre vestido, polo, blusa y jeans, sin clasificar el bolso? Es una prenda superior de vestir en tejido plano de popelina; no incorpora falda ni perneras. Color: borgoña. Detalles: Manga tres cuartos; escote en V; corte recto; sin botones.",blusa,blusa|blusas|blouse,"CORRECTO si la respuesta identifica únicamente la categoría esperada o un sinónimo aceptado; INCORRECTO si elige otra categoría, mezcla categorías incompatibles o se abstiene. SIN_RESPUESTA si está vacía. Ignore mayúsculas, tildes y singular/plural. No penalice una explicación adicional coherente. No use el color ni la talla como criterio decisivo. Evidencia decisiva en este caso: Es una prenda superior de vestir en tejido plano de popelina; no incorpora falda ni perneras. El bolso no es el objeto de clasificación.",,,
JUEZ-221,POL-018,etiqueta_incorrecta,"Una etiqueta automática posiblemente equivocada dice «vestido». ¿Qué categoría corresponde realmente según la descripción: vestido, polo, blusa o jeans? Es una prenda superior casual de punto jersey de algodón, de la familia de las camisetas. Color: terracota. Detalles: Manga larga; cuello redondo; puños acanalados; corte regular.",polo,polo|polos|camiseta|camisetas|t-shirt,"CORRECTO si la respuesta identifica únicamente la categoría esperada o un sinónimo aceptado; INCORRECTO si elige otra categoría, mezcla categorías incompatibles o se abstiene. SIN_RESPUESTA si está vacía. Ignore mayúsculas, tildes y singular/plural. No penalice una explicación adicional coherente. No use el color ni la talla como criterio decisivo. Evidencia decisiva en este caso: Es una prenda superior casual de punto jersey de algodón, de la familia de las camisetas. La descripción prevalece sobre la etiqueta automática errónea.",,,
JUEZ-222,JEA-005,coloquial,"¿Me ayudas a ubicar esta prenda en vestido, polo, blusa o jeans? Te cuento cómo es: Es un pantalón confeccionado en denim, con dos perneras y bolsillos característicos. Color: gris. Detalles: Tiro medio; pernera recta; cinco bolsillos; cierre frontal con botón y cremallera.",jeans,jeans|jean|vaquero|vaqueros|pantalón vaquero|pantalón de mezclilla,"CORRECTO si la respuesta identifica únicamente la categoría esperada o un sinónimo aceptado; INCORRECTO si elige otra categoría, mezcla categorías incompatibles o se abstiene. SIN_RESPUESTA si está vacía. Ignore mayúsculas, tildes y singular/plural. No penalice una explicación adicional coherente. No use el color ni la talla como criterio decisivo. Evidencia decisiva en este caso: Es un pantalón confeccionado en denim, con dos perneras y bolsillos característicos.",,,
JUEZ-223,VES-013,coloquial,"¿Me ayudas a ubicar esta prenda en vestido, polo, blusa o jeans? Te cuento cómo es: Es una pieza única que une el cuerpo superior con una falda integrada y cubre parte de las piernas. Color: terracota. Detalles: Manga tres cuartos; escote en V; cierre cruzado con lazo lateral; largo midi.",vestido,vestido|vestidos|dress,"CORRECTO si la respuesta identifica únicamente la categoría esperada o un sinónimo aceptado; INCORRECTO si elige otra categoría, mezcla categorías incompatibles o se abstiene. SIN_RESPUESTA si está vacía. Ignore mayúsculas, tildes y singular/plural. No penalice una explicación adicional coherente. No use el color ni la talla como criterio decisivo. Evidencia decisiva en este caso: Es una pieza única que une el cuerpo superior con una falda integrada y cubre parte de las piernas.",,,
JUEZ-224,BLU-020,errores_ortograficos,"Que categoria coresponde a esta prendaa: vestido, polo, blusa o jeans Es una prendaa superior de vestir en tejido plano de popelina; no incorpora falda ni perneras. Color: borgona. Detayes: Sin mangas; escote redondo; cintura marcada; volante inferior.?",blusa,blusa|blusas|blouse,"CORRECTO si la respuesta identifica únicamente la categoría esperada o un sinónimo aceptado; INCORRECTO si elige otra categoría, mezcla categorías incompatibles o se abstiene. SIN_RESPUESTA si está vacía. Ignore mayúsculas, tildes y singular/plural. No penalice una explicación adicional coherente. No use el color ni la talla como criterio decisivo. Evidencia decisiva en este caso: Es una prenda superior de vestir en tejido plano de popelina; no incorpora falda ni perneras.",,,
JUEZ-225,BLU-025,directa,"¿A cuál de las categorías vestido, polo, blusa o jeans pertenece la prenda descrita? Es una prenda superior de vestir en tejido plano de popelina; no incorpora falda ni perneras. Color: borgoña. Detalles: Manga tres cuartos; escote en V; corte recto; sin botones.",blusa,blusa|blusas|blouse,"CORRECTO si la respuesta identifica únicamente la categoría esperada o un sinónimo aceptado; INCORRECTO si elige otra categoría, mezcla categorías incompatibles o se abstiene. SIN_RESPUESTA si está vacía. Ignore mayúsculas, tildes y singular/plural. No penalice una explicación adicional coherente. No use el color ni la talla como criterio decisivo. Evidencia decisiva en este caso: Es una prenda superior de vestir en tejido plano de popelina; no incorpora falda ni perneras.",,,
JUEZ-226,VES-004,coloquial,"¿Me ayudas a ubicar esta prenda en vestido, polo, blusa o jeans? Te cuento cómo es: Es una pieza única que une el cuerpo superior con una falda integrada y cubre parte de las piernas. Color: marfil. Detalles: Sin mangas; escote redondo; cintura entallada; falda en línea A hasta la rodilla.",vestido,vestido|vestidos|dress,"CORRECTO si la respuesta identifica únicamente la categoría esperada o un sinónimo aceptado; INCORRECTO si elige otra categoría, mezcla categorías incompatibles o se abstiene. SIN_RESPUESTA si está vacía. Ignore mayúsculas, tildes y singular/plural. No penalice una explicación adicional coherente. No use el color ni la talla como criterio decisivo. Evidencia decisiva en este caso: Es una pieza única que une el cuerpo superior con una falda integrada y cubre parte de las piernas.",,,
JUEZ-227,BLU-017,coloquial,"¿Me ayudas a ubicar esta prenda en vestido, polo, blusa o jeans? Te cuento cómo es: Es una prenda superior de vestir en tejido plano de popelina; no incorpora falda ni perneras. Color: azul marino. Detalles: Sin mangas; escote redondo; cintura marcada; volante inferior.",blusa,blusa|blusas|blouse,"CORRECTO si la respuesta identifica únicamente la categoría esperada o un sinónimo aceptado; INCORRECTO si elige otra categoría, mezcla categorías incompatibles o se abstiene. SIN_RESPUESTA si está vacía. Ignore mayúsculas, tildes y singular/plural. No penalice una explicación adicional coherente. No use el color ni la talla como criterio decisivo. Evidencia decisiva en este caso: Es una prenda superior de vestir en tejido plano de popelina; no incorpora falda ni perneras.",,,
JUEZ-228,POL-024,directa,"¿A cuál de las categorías vestido, polo, blusa o jeans pertenece la prenda descrita? Es una prenda superior casual de punto jersey de algodón, de la familia de las camisetas. Color: marfil. Detalles: Manga corta; cuello redondo; bolsillo de parche en el pecho.",polo,polo|polos|camiseta|camisetas|t-shirt,"CORRECTO si la respuesta identifica únicamente la categoría esperada o un sinónimo aceptado; INCORRECTO si elige otra categoría, mezcla categorías incompatibles o se abstiene. SIN_RESPUESTA si está vacía. Ignore mayúsculas, tildes y singular/plural. No penalice una explicación adicional coherente. No use el color ni la talla como criterio decisivo. Evidencia decisiva en este caso: Es una prenda superior casual de punto jersey de algodón, de la familia de las camisetas.",,,
JUEZ-229,JEA-024,coloquial,"¿Me ayudas a ubicar esta prenda en vestido, polo, blusa o jeans? Te cuento cómo es: Es un pantalón confeccionado en denim, con dos perneras y bolsillos característicos. Color: negro. Detalles: Tiro medio; ajuste en muslo; campana desde la rodilla; largo completo.",jeans,jeans|jean|vaquero|vaqueros|pantalón vaquero|pantalón de mezclilla,"CORRECTO si la respuesta identifica únicamente la categoría esperada o un sinónimo aceptado; INCORRECTO si elige otra categoría, mezcla categorías incompatibles o se abstiene. SIN_RESPUESTA si está vacía. Ignore mayúsculas, tildes y singular/plural. No penalice una explicación adicional coherente. No use el color ni la talla como criterio decisivo. Evidencia decisiva en este caso: Es un pantalón confeccionado en denim, con dos perneras y bolsillos característicos.",,,
JUEZ-230,VES-019,errores_ortograficos,"Que categoria coresponde a esta prendaa: vestido, polo, blusa o jeans Es una pieza unica que une el cuerpo superior con una falda integrada y cubre parte de las piernas. Color: marfil. Detayes: Tirantes anchos; escote cuadrado; falda larga y amplia.?",vestido,vestido|vestidos|dress,"CORRECTO si la respuesta identifica únicamente la categoría esperada o un sinónimo aceptado; INCORRECTO si elige otra categoría, mezcla categorías incompatibles o se abstiene. SIN_RESPUESTA si está vacía. Ignore mayúsculas, tildes y singular/plural. No penalice una explicación adicional coherente. No use el color ni la talla como criterio decisivo. Evidencia decisiva en este caso: Es una pieza única que une el cuerpo superior con una falda integrada y cubre parte de las piernas.",,,
JUEZ-231,JEA-001,errores_ortograficos,"Que categoria coresponde a esta prendaa: vestido, polo, blusa o jeans Es un pantalon confeccionado en denim, con dos perneras y bolsillos caracteristicos. Color: azul indigo. Detayes: Tiro medio; pernera recta; cinco bolsillos; cierre frontal con boton y cremallera.?",jeans,jeans|jean|vaquero|vaqueros|pantalón vaquero|pantalón de mezclilla,"CORRECTO si la respuesta identifica únicamente la categoría esperada o un sinónimo aceptado; INCORRECTO si elige otra categoría, mezcla categorías incompatibles o se abstiene. SIN_RESPUESTA si está vacía. Ignore mayúsculas, tildes y singular/plural. No penalice una explicación adicional coherente. No use el color ni la talla como criterio decisivo. Evidencia decisiva en este caso: Es un pantalón confeccionado en denim, con dos perneras y bolsillos característicos.",,,
JUEZ-232,BLU-003,distractor,"En una foto aparece un bolso junto a esta prenda. ¿Cómo clasificarías únicamente la prenda entre vestido, polo, blusa y jeans, sin clasificar el bolso? Es una prenda superior de vestir en tejido plano de popelina; no incorpora falda ni perneras. Color: terracota. Detalles: Manga larga; cuello camisero; botones frontales; puños abotonados.",blusa,blusa|blusas|blouse,"CORRECTO si la respuesta identifica únicamente la categoría esperada o un sinónimo aceptado; INCORRECTO si elige otra categoría, mezcla categorías incompatibles o se abstiene. SIN_RESPUESTA si está vacía. Ignore mayúsculas, tildes y singular/plural. No penalice una explicación adicional coherente. No use el color ni la talla como criterio decisivo. Evidencia decisiva en este caso: Es una prenda superior de vestir en tejido plano de popelina; no incorpora falda ni perneras. El bolso no es el objeto de clasificación.",,,
JUEZ-233,JEA-018,coloquial,"¿Me ayudas a ubicar esta prenda en vestido, polo, blusa o jeans? Te cuento cómo es: Es un pantalón confeccionado en denim, con dos perneras y bolsillos característicos. Color: azul claro. Detalles: Tiro alto; holgura en cadera; pernera que se estrecha al tobillo.",jeans,jeans|jean|vaquero|vaqueros|pantalón vaquero|pantalón de mezclilla,"CORRECTO si la respuesta identifica únicamente la categoría esperada o un sinónimo aceptado; INCORRECTO si elige otra categoría, mezcla categorías incompatibles o se abstiene. SIN_RESPUESTA si está vacía. Ignore mayúsculas, tildes y singular/plural. No penalice una explicación adicional coherente. No use el color ni la talla como criterio decisivo. Evidencia decisiva en este caso: Es un pantalón confeccionado en denim, con dos perneras y bolsillos característicos.",,,
JUEZ-234,JEA-021,distractor,"En una foto aparece un bolso junto a esta prenda. ¿Cómo clasificarías únicamente la prenda entre vestido, polo, blusa y jeans, sin clasificar el bolso? Es un pantalón confeccionado en denim, con dos perneras y bolsillos característicos. Color: azul índigo. Detalles: Tiro medio; ajuste en muslo; campana desde la rodilla; largo completo.",jeans,jeans|jean|vaquero|vaqueros|pantalón vaquero|pantalón de mezclilla,"CORRECTO si la respuesta identifica únicamente la categoría esperada o un sinónimo aceptado; INCORRECTO si elige otra categoría, mezcla categorías incompatibles o se abstiene. SIN_RESPUESTA si está vacía. Ignore mayúsculas, tildes y singular/plural. No penalice una explicación adicional coherente. No use el color ni la talla como criterio decisivo. Evidencia decisiva en este caso: Es un pantalón confeccionado en denim, con dos perneras y bolsillos característicos. El bolso no es el objeto de clasificación.",,,
JUEZ-235,JEA-025,distractor,"En una foto aparece un bolso junto a esta prenda. ¿Cómo clasificarías únicamente la prenda entre vestido, polo, blusa y jeans, sin clasificar el bolso? Es un pantalón confeccionado en denim, con dos perneras y bolsillos característicos. Color: gris. Detalles: Tiro medio; ajuste en muslo; campana desde la rodilla; largo completo.",jeans,jeans|jean|vaquero|vaqueros|pantalón vaquero|pantalón de mezclilla,"CORRECTO si la respuesta identifica únicamente la categoría esperada o un sinónimo aceptado; INCORRECTO si elige otra categoría, mezcla categorías incompatibles o se abstiene. SIN_RESPUESTA si está vacía. Ignore mayúsculas, tildes y singular/plural. No penalice una explicación adicional coherente. No use el color ni la talla como criterio decisivo. Evidencia decisiva en este caso: Es un pantalón confeccionado en denim, con dos perneras y bolsillos característicos. El bolso no es el objeto de clasificación.",,,
JUEZ-236,JEA-010,etiqueta_incorrecta,"Una etiqueta automática posiblemente equivocada dice «blusa». ¿Qué categoría corresponde realmente según la descripción: vestido, polo, blusa o jeans? Es un pantalón confeccionado en denim, con dos perneras y bolsillos característicos. Color: gris. Detalles: Tiro alto; pernera ajustada; cinco bolsillos; largo al tobillo.",jeans,jeans|jean|vaquero|vaqueros|pantalón vaquero|pantalón de mezclilla,"CORRECTO si la respuesta identifica únicamente la categoría esperada o un sinónimo aceptado; INCORRECTO si elige otra categoría, mezcla categorías incompatibles o se abstiene. SIN_RESPUESTA si está vacía. Ignore mayúsculas, tildes y singular/plural. No penalice una explicación adicional coherente. No use el color ni la talla como criterio decisivo. Evidencia decisiva en este caso: Es un pantalón confeccionado en denim, con dos perneras y bolsillos característicos. La descripción prevalece sobre la etiqueta automática errónea.",,,
JUEZ-237,BLU-007,distractor,"En una foto aparece un bolso junto a esta prenda. ¿Cómo clasificarías únicamente la prenda entre vestido, polo, blusa y jeans, sin clasificar el bolso? Es una prenda superior de vestir en tejido plano de popelina; no incorpora falda ni perneras. Color: azul marino. Detalles: Manga larga; lazo al cuello; silueta ligeramente holgada.",blusa,blusa|blusas|blouse,"CORRECTO si la respuesta identifica únicamente la categoría esperada o un sinónimo aceptado; INCORRECTO si elige otra categoría, mezcla categorías incompatibles o se abstiene. SIN_RESPUESTA si está vacía. Ignore mayúsculas, tildes y singular/plural. No penalice una explicación adicional coherente. No use el color ni la talla como criterio decisivo. Evidencia decisiva en este caso: Es una prenda superior de vestir en tejido plano de popelina; no incorpora falda ni perneras. El bolso no es el objeto de clasificación.",,,
JUEZ-238,JEA-012,directa,"¿A cuál de las categorías vestido, polo, blusa o jeans pertenece la prenda descrita? Es un pantalón confeccionado en denim, con dos perneras y bolsillos característicos. Color: azul medio. Detalles: Tiro alto; pernera ancha desde la cadera; cinco bolsillos.",jeans,jeans|jean|vaquero|vaqueros|pantalón vaquero|pantalón de mezclilla,"CORRECTO si la respuesta identifica únicamente la categoría esperada o un sinónimo aceptado; INCORRECTO si elige otra categoría, mezcla categorías incompatibles o se abstiene. SIN_RESPUESTA si está vacía. Ignore mayúsculas, tildes y singular/plural. No penalice una explicación adicional coherente. No use el color ni la talla como criterio decisivo. Evidencia decisiva en este caso: Es un pantalón confeccionado en denim, con dos perneras y bolsillos característicos.",,,
JUEZ-239,JEA-018,errores_ortograficos,"Que categoria coresponde a esta prendaa: vestido, polo, blusa o jeans Es un pantalon confeccionado en denim, con dos perneras y bolsillos caracteristicos. Color: azul claro. Detayes: Tiro alto; holgura en cadera; pernera que se estrecha al tobillo.?",jeans,jeans|jean|vaquero|vaqueros|pantalón vaquero|pantalón de mezclilla,"CORRECTO si la respuesta identifica únicamente la categoría esperada o un sinónimo aceptado; INCORRECTO si elige otra categoría, mezcla categorías incompatibles o se abstiene. SIN_RESPUESTA si está vacía. Ignore mayúsculas, tildes y singular/plural. No penalice una explicación adicional coherente. No use el color ni la talla como criterio decisivo. Evidencia decisiva en este caso: Es un pantalón confeccionado en denim, con dos perneras y bolsillos característicos.",,,
JUEZ-240,POL-013,distractor,"En una foto aparece un bolso junto a esta prenda. ¿Cómo clasificarías únicamente la prenda entre vestido, polo, blusa y jeans, sin clasificar el bolso? Es una prenda superior casual de punto jersey de algodón, de la familia de las camisetas. Color: terracota. Detalles: Manga corta amplia; hombros caídos; cuello redondo; corte holgado.",polo,polo|polos|camiseta|camisetas|t-shirt,"CORRECTO si la respuesta identifica únicamente la categoría esperada o un sinónimo aceptado; INCORRECTO si elige otra categoría, mezcla categorías incompatibles o se abstiene. SIN_RESPUESTA si está vacía. Ignore mayúsculas, tildes y singular/plural. No penalice una explicación adicional coherente. No use el color ni la talla como criterio decisivo. Evidencia decisiva en este caso: Es una prenda superior casual de punto jersey de algodón, de la familia de las camisetas. El bolso no es el objeto de clasificación.",,,
JUEZ-241,POL-001,directa,"¿A cuál de las categorías vestido, polo, blusa o jeans pertenece la prenda descrita? Es una prenda superior casual de punto jersey de algodón, de la familia de las camisetas. Color: verde esmeralda. Detalles: Manga corta; cuello redondo; corte regular; acabado liso.",polo,polo|polos|camiseta|camisetas|t-shirt,"CORRECTO si la respuesta identifica únicamente la categoría esperada o un sinónimo aceptado; INCORRECTO si elige otra categoría, mezcla categorías incompatibles o se abstiene. SIN_RESPUESTA si está vacía. Ignore mayúsculas, tildes y singular/plural. No penalice una explicación adicional coherente. No use el color ni la talla como criterio decisivo. Evidencia decisiva en este caso: Es una prenda superior casual de punto jersey de algodón, de la familia de las camisetas.",,,
JUEZ-242,JEA-017,errores_ortograficos,"Que categoria coresponde a esta prendaa: vestido, polo, blusa o jeans Es un pantalon confeccionado en denim, con dos perneras y bolsillos caracteristicos. Color: azul medio. Detayes: Tiro alto; holgura en cadera; pernera que se estrecha al tobillo.?",jeans,jeans|jean|vaquero|vaqueros|pantalón vaquero|pantalón de mezclilla,"CORRECTO si la respuesta identifica únicamente la categoría esperada o un sinónimo aceptado; INCORRECTO si elige otra categoría, mezcla categorías incompatibles o se abstiene. SIN_RESPUESTA si está vacía. Ignore mayúsculas, tildes y singular/plural. No penalice una explicación adicional coherente. No use el color ni la talla como criterio decisivo. Evidencia decisiva en este caso: Es un pantalón confeccionado en denim, con dos perneras y bolsillos característicos.",,,
JUEZ-243,POL-012,errores_ortograficos,"Que categoria coresponde a esta prendaa: vestido, polo, blusa o jeans Es una prendaa superior casual de punto jersey de algodon, de la familia de las camisetas. Color: azul marino. Detayes: Manga corta amplia; hombros caidos; cuello redondo; corte holgado.?",polo,polo|polos|camiseta|camisetas|t-shirt,"CORRECTO si la respuesta identifica únicamente la categoría esperada o un sinónimo aceptado; INCORRECTO si elige otra categoría, mezcla categorías incompatibles o se abstiene. SIN_RESPUESTA si está vacía. Ignore mayúsculas, tildes y singular/plural. No penalice una explicación adicional coherente. No use el color ni la talla como criterio decisivo. Evidencia decisiva en este caso: Es una prenda superior casual de punto jersey de algodón, de la familia de las camisetas.",,,
JUEZ-244,VES-024,errores_ortograficos,"Que categoria coresponde a esta prendaa: vestido, polo, blusa o jeans Es una pieza unica que une el cuerpo superior con una falda integrada y cubre parte de las piernas. Color: marfil. Detayes: Manga corta; escote redondo; corte recto; largo sobre la rodilla.?",vestido,vestido|vestidos|dress,"CORRECTO si la respuesta identifica únicamente la categoría esperada o un sinónimo aceptado; INCORRECTO si elige otra categoría, mezcla categorías incompatibles o se abstiene. SIN_RESPUESTA si está vacía. Ignore mayúsculas, tildes y singular/plural. No penalice una explicación adicional coherente. No use el color ni la talla como criterio decisivo. Evidencia decisiva en este caso: Es una pieza única que une el cuerpo superior con una falda integrada y cubre parte de las piernas.",,,
JUEZ-245,JEA-024,distractor,"En una foto aparece un bolso junto a esta prenda. ¿Cómo clasificarías únicamente la prenda entre vestido, polo, blusa y jeans, sin clasificar el bolso? Es un pantalón confeccionado en denim, con dos perneras y bolsillos característicos. Color: negro. Detalles: Tiro medio; ajuste en muslo; campana desde la rodilla; largo completo.",jeans,jeans|jean|vaquero|vaqueros|pantalón vaquero|pantalón de mezclilla,"CORRECTO si la respuesta identifica únicamente la categoría esperada o un sinónimo aceptado; INCORRECTO si elige otra categoría, mezcla categorías incompatibles o se abstiene. SIN_RESPUESTA si está vacía. Ignore mayúsculas, tildes y singular/plural. No penalice una explicación adicional coherente. No use el color ni la talla como criterio decisivo. Evidencia decisiva en este caso: Es un pantalón confeccionado en denim, con dos perneras y bolsillos característicos. El bolso no es el objeto de clasificación.",,,
JUEZ-246,JEA-008,errores_ortograficos,"Que categoria coresponde a esta prendaa: vestido, polo, blusa o jeans Es un pantalon confeccionado en denim, con dos perneras y bolsillos caracteristicos. Color: azul claro. Detayes: Tiro alto; pernera ajustada; cinco bolsillos; largo al tobillo.?",jeans,jeans|jean|vaquero|vaqueros|pantalón vaquero|pantalón de mezclilla,"CORRECTO si la respuesta identifica únicamente la categoría esperada o un sinónimo aceptado; INCORRECTO si elige otra categoría, mezcla categorías incompatibles o se abstiene. SIN_RESPUESTA si está vacía. Ignore mayúsculas, tildes y singular/plural. No penalice una explicación adicional coherente. No use el color ni la talla como criterio decisivo. Evidencia decisiva en este caso: Es un pantalón confeccionado en denim, con dos perneras y bolsillos característicos.",,,
JUEZ-247,VES-020,errores_ortograficos,"Que categoria coresponde a esta prendaa: vestido, polo, blusa o jeans Es una pieza unica que une el cuerpo superior con una falda integrada y cubre parte de las piernas. Color: borgona. Detayes: Tirantes anchos; escote cuadrado; falda larga y amplia.?",vestido,vestido|vestidos|dress,"CORRECTO si la respuesta identifica únicamente la categoría esperada o un sinónimo aceptado; INCORRECTO si elige otra categoría, mezcla categorías incompatibles o se abstiene. SIN_RESPUESTA si está vacía. Ignore mayúsculas, tildes y singular/plural. No penalice una explicación adicional coherente. No use el color ni la talla como criterio decisivo. Evidencia decisiva en este caso: Es una pieza única que une el cuerpo superior con una falda integrada y cubre parte de las piernas.",,,
JUEZ-248,BLU-019,directa,"¿A cuál de las categorías vestido, polo, blusa o jeans pertenece la prenda descrita? Es una prenda superior de vestir en tejido plano de popelina; no incorpora falda ni perneras. Color: marfil. Detalles: Sin mangas; escote redondo; cintura marcada; volante inferior.",blusa,blusa|blusas|blouse,"CORRECTO si la respuesta identifica únicamente la categoría esperada o un sinónimo aceptado; INCORRECTO si elige otra categoría, mezcla categorías incompatibles o se abstiene. SIN_RESPUESTA si está vacía. Ignore mayúsculas, tildes y singular/plural. No penalice una explicación adicional coherente. No use el color ni la talla como criterio decisivo. Evidencia decisiva en este caso: Es una prenda superior de vestir en tejido plano de popelina; no incorpora falda ni perneras.",,,
JUEZ-249,JEA-013,errores_ortograficos,"Que categoria coresponde a esta prendaa: vestido, polo, blusa o jeans Es un pantalon confeccionado en denim, con dos perneras y bolsillos caracteristicos. Color: azul claro. Detayes: Tiro alto; pernera ancha desde la cadera; cinco bolsillos.?",jeans,jeans|jean|vaquero|vaqueros|pantalón vaquero|pantalón de mezclilla,"CORRECTO si la respuesta identifica únicamente la categoría esperada o un sinónimo aceptado; INCORRECTO si elige otra categoría, mezcla categorías incompatibles o se abstiene. SIN_RESPUESTA si está vacía. Ignore mayúsculas, tildes y singular/plural. No penalice una explicación adicional coherente. No use el color ni la talla como criterio decisivo. Evidencia decisiva en este caso: Es un pantalón confeccionado en denim, con dos perneras y bolsillos característicos.",,,
JUEZ-250,JEA-007,etiqueta_incorrecta,"Una etiqueta automática posiblemente equivocada dice «blusa». ¿Qué categoría corresponde realmente según la descripción: vestido, polo, blusa o jeans? Es un pantalón confeccionado en denim, con dos perneras y bolsillos característicos. Color: azul medio. Detalles: Tiro alto; pernera ajustada; cinco bolsillos; largo al tobillo.",jeans,jeans|jean|vaquero|vaqueros|pantalón vaquero|pantalón de mezclilla,"CORRECTO si la respuesta identifica únicamente la categoría esperada o un sinónimo aceptado; INCORRECTO si elige otra categoría, mezcla categorías incompatibles o se abstiene. SIN_RESPUESTA si está vacía. Ignore mayúsculas, tildes y singular/plural. No penalice una explicación adicional coherente. No use el color ni la talla como criterio decisivo. Evidencia decisiva en este caso: Es un pantalón confeccionado en denim, con dos perneras y bolsillos característicos. La descripción prevalece sobre la etiqueta automática errónea.",,,
JUEZ-251,JEA-012,coloquial,"¿Me ayudas a ubicar esta prenda en vestido, polo, blusa o jeans? Te cuento cómo es: Es un pantalón confeccionado en denim, con dos perneras y bolsillos característicos. Color: azul medio. Detalles: Tiro alto; pernera ancha desde la cadera; cinco bolsillos.",jeans,jeans|jean|vaquero|vaqueros|pantalón vaquero|pantalón de mezclilla,"CORRECTO si la respuesta identifica únicamente la categoría esperada o un sinónimo aceptado; INCORRECTO si elige otra categoría, mezcla categorías incompatibles o se abstiene. SIN_RESPUESTA si está vacía. Ignore mayúsculas, tildes y singular/plural. No penalice una explicación adicional coherente. No use el color ni la talla como criterio decisivo. Evidencia decisiva en este caso: Es un pantalón confeccionado en denim, con dos perneras y bolsillos característicos.",,,
JUEZ-252,POL-010,coloquial,"¿Me ayudas a ubicar esta prenda en vestido, polo, blusa o jeans? Te cuento cómo es: Es una prenda superior casual de punto jersey de algodón, de la familia de las camisetas. Color: borgoña. Detalles: Manga corta; escote en V; corte regular; acabado liso.",polo,polo|polos|camiseta|camisetas|t-shirt,"CORRECTO si la respuesta identifica únicamente la categoría esperada o un sinónimo aceptado; INCORRECTO si elige otra categoría, mezcla categorías incompatibles o se abstiene. SIN_RESPUESTA si está vacía. Ignore mayúsculas, tildes y singular/plural. No penalice una explicación adicional coherente. No use el color ni la talla como criterio decisivo. Evidencia decisiva en este caso: Es una prenda superior casual de punto jersey de algodón, de la familia de las camisetas.",,,
JUEZ-253,BLU-004,directa,"¿A cuál de las categorías vestido, polo, blusa o jeans pertenece la prenda descrita? Es una prenda superior de vestir en tejido plano de popelina; no incorpora falda ni perneras. Color: marfil. Detalles: Manga larga; cuello camisero; botones frontales; puños abotonados.",blusa,blusa|blusas|blouse,"CORRECTO si la respuesta identifica únicamente la categoría esperada o un sinónimo aceptado; INCORRECTO si elige otra categoría, mezcla categorías incompatibles o se abstiene. SIN_RESPUESTA si está vacía. Ignore mayúsculas, tildes y singular/plural. No penalice una explicación adicional coherente. No use el color ni la talla como criterio decisivo. Evidencia decisiva en este caso: Es una prenda superior de vestir en tejido plano de popelina; no incorpora falda ni perneras.",,,
JUEZ-254,VES-019,coloquial,"¿Me ayudas a ubicar esta prenda en vestido, polo, blusa o jeans? Te cuento cómo es: Es una pieza única que une el cuerpo superior con una falda integrada y cubre parte de las piernas. Color: marfil. Detalles: Tirantes anchos; escote cuadrado; falda larga y amplia.",vestido,vestido|vestidos|dress,"CORRECTO si la respuesta identifica únicamente la categoría esperada o un sinónimo aceptado; INCORRECTO si elige otra categoría, mezcla categorías incompatibles o se abstiene. SIN_RESPUESTA si está vacía. Ignore mayúsculas, tildes y singular/plural. No penalice una explicación adicional coherente. No use el color ni la talla como criterio decisivo. Evidencia decisiva en este caso: Es una pieza única que une el cuerpo superior con una falda integrada y cubre parte de las piernas.",,,
JUEZ-255,POL-021,directa,"¿A cuál de las categorías vestido, polo, blusa o jeans pertenece la prenda descrita? Es una prenda superior casual de punto jersey de algodón, de la familia de las camisetas. Color: verde esmeralda. Detalles: Manga corta; cuello redondo; bolsillo de parche en el pecho.",polo,polo|polos|camiseta|camisetas|t-shirt,"CORRECTO si la respuesta identifica únicamente la categoría esperada o un sinónimo aceptado; INCORRECTO si elige otra categoría, mezcla categorías incompatibles o se abstiene. SIN_RESPUESTA si está vacía. Ignore mayúsculas, tildes y singular/plural. No penalice una explicación adicional coherente. No use el color ni la talla como criterio decisivo. Evidencia decisiva en este caso: Es una prenda superior casual de punto jersey de algodón, de la familia de las camisetas.",,,
JUEZ-256,VES-002,errores_ortograficos,"Que categoria coresponde a esta prendaa: vestido, polo, blusa o jeans Es una pieza unica que une el cuerpo superior con una falda integrada y cubre parte de las piernas. Color: azul marino. Detayes: Sin mangas; escote redondo; cintura entallada; falda en linea A hasta la rodilla.?",vestido,vestido|vestidos|dress,"CORRECTO si la respuesta identifica únicamente la categoría esperada o un sinónimo aceptado; INCORRECTO si elige otra categoría, mezcla categorías incompatibles o se abstiene. SIN_RESPUESTA si está vacía. Ignore mayúsculas, tildes y singular/plural. No penalice una explicación adicional coherente. No use el color ni la talla como criterio decisivo. Evidencia decisiva en este caso: Es una pieza única que une el cuerpo superior con una falda integrada y cubre parte de las piernas.",,,
JUEZ-257,BLU-011,etiqueta_incorrecta,"Una etiqueta automática posiblemente equivocada dice «jeans». ¿Qué categoría corresponde realmente según la descripción: vestido, polo, blusa o jeans? Es una prenda superior de vestir en tejido plano de popelina; no incorpora falda ni perneras. Color: verde esmeralda. Detalles: Manga corta abullonada; escote cuadrado; cuerpo entallado.",blusa,blusa|blusas|blouse,"CORRECTO si la respuesta identifica únicamente la categoría esperada o un sinónimo aceptado; INCORRECTO si elige otra categoría, mezcla categorías incompatibles o se abstiene. SIN_RESPUESTA si está vacía. Ignore mayúsculas, tildes y singular/plural. No penalice una explicación adicional coherente. No use el color ni la talla como criterio decisivo. Evidencia decisiva en este caso: Es una prenda superior de vestir en tejido plano de popelina; no incorpora falda ni perneras. La descripción prevalece sobre la etiqueta automática errónea.",,,
JUEZ-258,JEA-009,etiqueta_incorrecta,"Una etiqueta automática posiblemente equivocada dice «blusa». ¿Qué categoría corresponde realmente según la descripción: vestido, polo, blusa o jeans? Es un pantalón confeccionado en denim, con dos perneras y bolsillos característicos. Color: negro. Detalles: Tiro alto; pernera ajustada; cinco bolsillos; largo al tobillo.",jeans,jeans|jean|vaquero|vaqueros|pantalón vaquero|pantalón de mezclilla,"CORRECTO si la respuesta identifica únicamente la categoría esperada o un sinónimo aceptado; INCORRECTO si elige otra categoría, mezcla categorías incompatibles o se abstiene. SIN_RESPUESTA si está vacía. Ignore mayúsculas, tildes y singular/plural. No penalice una explicación adicional coherente. No use el color ni la talla como criterio decisivo. Evidencia decisiva en este caso: Es un pantalón confeccionado en denim, con dos perneras y bolsillos característicos. La descripción prevalece sobre la etiqueta automática errónea.",,,
JUEZ-259,JEA-023,etiqueta_incorrecta,"Una etiqueta automática posiblemente equivocada dice «blusa». ¿Qué categoría corresponde realmente según la descripción: vestido, polo, blusa o jeans? Es un pantalón confeccionado en denim, con dos perneras y bolsillos característicos. Color: azul claro. Detalles: Tiro medio; ajuste en muslo; campana desde la rodilla; largo completo.",jeans,jeans|jean|vaquero|vaqueros|pantalón vaquero|pantalón de mezclilla,"CORRECTO si la respuesta identifica únicamente la categoría esperada o un sinónimo aceptado; INCORRECTO si elige otra categoría, mezcla categorías incompatibles o se abstiene. SIN_RESPUESTA si está vacía. Ignore mayúsculas, tildes y singular/plural. No penalice una explicación adicional coherente. No use el color ni la talla como criterio decisivo. Evidencia decisiva en este caso: Es un pantalón confeccionado en denim, con dos perneras y bolsillos característicos. La descripción prevalece sobre la etiqueta automática errónea.",,,
JUEZ-260,POL-007,coloquial,"¿Me ayudas a ubicar esta prenda en vestido, polo, blusa o jeans? Te cuento cómo es: Es una prenda superior casual de punto jersey de algodón, de la familia de las camisetas. Color: azul marino. Detalles: Manga corta; escote en V; corte regular; acabado liso.",polo,polo|polos|camiseta|camisetas|t-shirt,"CORRECTO si la respuesta identifica únicamente la categoría esperada o un sinónimo aceptado; INCORRECTO si elige otra categoría, mezcla categorías incompatibles o se abstiene. SIN_RESPUESTA si está vacía. Ignore mayúsculas, tildes y singular/plural. No penalice una explicación adicional coherente. No use el color ni la talla como criterio decisivo. Evidencia decisiva en este caso: Es una prenda superior casual de punto jersey de algodón, de la familia de las camisetas.",,,
JUEZ-261,POL-025,coloquial,"¿Me ayudas a ubicar esta prenda en vestido, polo, blusa o jeans? Te cuento cómo es: Es una prenda superior casual de punto jersey de algodón, de la familia de las camisetas. Color: borgoña. Detalles: Manga corta; cuello redondo; bolsillo de parche en el pecho.",polo,polo|polos|camiseta|camisetas|t-shirt,"CORRECTO si la respuesta identifica únicamente la categoría esperada o un sinónimo aceptado; INCORRECTO si elige otra categoría, mezcla categorías incompatibles o se abstiene. SIN_RESPUESTA si está vacía. Ignore mayúsculas, tildes y singular/plural. No penalice una explicación adicional coherente. No use el color ni la talla como criterio decisivo. Evidencia decisiva en este caso: Es una prenda superior casual de punto jersey de algodón, de la familia de las camisetas.",,,
JUEZ-262,POL-001,etiqueta_incorrecta,"Una etiqueta automática posiblemente equivocada dice «vestido». ¿Qué categoría corresponde realmente según la descripción: vestido, polo, blusa o jeans? Es una prenda superior casual de punto jersey de algodón, de la familia de las camisetas. Color: verde esmeralda. Detalles: Manga corta; cuello redondo; corte regular; acabado liso.",polo,polo|polos|camiseta|camisetas|t-shirt,"CORRECTO si la respuesta identifica únicamente la categoría esperada o un sinónimo aceptado; INCORRECTO si elige otra categoría, mezcla categorías incompatibles o se abstiene. SIN_RESPUESTA si está vacía. Ignore mayúsculas, tildes y singular/plural. No penalice una explicación adicional coherente. No use el color ni la talla como criterio decisivo. Evidencia decisiva en este caso: Es una prenda superior casual de punto jersey de algodón, de la familia de las camisetas. La descripción prevalece sobre la etiqueta automática errónea.",,,
JUEZ-263,BLU-015,distractor,"En una foto aparece un bolso junto a esta prenda. ¿Cómo clasificarías únicamente la prenda entre vestido, polo, blusa y jeans, sin clasificar el bolso? Es una prenda superior de vestir en tejido plano de popelina; no incorpora falda ni perneras. Color: borgoña. Detalles: Manga corta abullonada; escote cuadrado; cuerpo entallado.",blusa,blusa|blusas|blouse,"CORRECTO si la respuesta identifica únicamente la categoría esperada o un sinónimo aceptado; INCORRECTO si elige otra categoría, mezcla categorías incompatibles o se abstiene. SIN_RESPUESTA si está vacía. Ignore mayúsculas, tildes y singular/plural. No penalice una explicación adicional coherente. No use el color ni la talla como criterio decisivo. Evidencia decisiva en este caso: Es una prenda superior de vestir en tejido plano de popelina; no incorpora falda ni perneras. El bolso no es el objeto de clasificación.",,,
JUEZ-264,VES-001,errores_ortograficos,"Que categoria coresponde a esta prendaa: vestido, polo, blusa o jeans Es una pieza unica que une el cuerpo superior con una falda integrada y cubre parte de las piernas. Color: verde esmeralda. Detayes: Sin mangas; escote redondo; cintura entallada; falda en linea A hasta la rodilla.?",vestido,vestido|vestidos|dress,"CORRECTO si la respuesta identifica únicamente la categoría esperada o un sinónimo aceptado; INCORRECTO si elige otra categoría, mezcla categorías incompatibles o se abstiene. SIN_RESPUESTA si está vacía. Ignore mayúsculas, tildes y singular/plural. No penalice una explicación adicional coherente. No use el color ni la talla como criterio decisivo. Evidencia decisiva en este caso: Es una pieza única que une el cuerpo superior con una falda integrada y cubre parte de las piernas.",,,
JUEZ-265,JEA-022,distractor,"En una foto aparece un bolso junto a esta prenda. ¿Cómo clasificarías únicamente la prenda entre vestido, polo, blusa y jeans, sin clasificar el bolso? Es un pantalón confeccionado en denim, con dos perneras y bolsillos característicos. Color: azul medio. Detalles: Tiro medio; ajuste en muslo; campana desde la rodilla; largo completo.",jeans,jeans|jean|vaquero|vaqueros|pantalón vaquero|pantalón de mezclilla,"CORRECTO si la respuesta identifica únicamente la categoría esperada o un sinónimo aceptado; INCORRECTO si elige otra categoría, mezcla categorías incompatibles o se abstiene. SIN_RESPUESTA si está vacía. Ignore mayúsculas, tildes y singular/plural. No penalice una explicación adicional coherente. No use el color ni la talla como criterio decisivo. Evidencia decisiva en este caso: Es un pantalón confeccionado en denim, con dos perneras y bolsillos característicos. El bolso no es el objeto de clasificación.",,,
JUEZ-266,POL-022,distractor,"En una foto aparece un bolso junto a esta prenda. ¿Cómo clasificarías únicamente la prenda entre vestido, polo, blusa y jeans, sin clasificar el bolso? Es una prenda superior casual de punto jersey de algodón, de la familia de las camisetas. Color: azul marino. Detalles: Manga corta; cuello redondo; bolsillo de parche en el pecho.",polo,polo|polos|camiseta|camisetas|t-shirt,"CORRECTO si la respuesta identifica únicamente la categoría esperada o un sinónimo aceptado; INCORRECTO si elige otra categoría, mezcla categorías incompatibles o se abstiene. SIN_RESPUESTA si está vacía. Ignore mayúsculas, tildes y singular/plural. No penalice una explicación adicional coherente. No use el color ni la talla como criterio decisivo. Evidencia decisiva en este caso: Es una prenda superior casual de punto jersey de algodón, de la familia de las camisetas. El bolso no es el objeto de clasificación.",,,
JUEZ-267,JEA-021,etiqueta_incorrecta,"Una etiqueta automática posiblemente equivocada dice «blusa». ¿Qué categoría corresponde realmente según la descripción: vestido, polo, blusa o jeans? Es un pantalón confeccionado en denim, con dos perneras y bolsillos característicos. Color: azul índigo. Detalles: Tiro medio; ajuste en muslo; campana desde la rodilla; largo completo.",jeans,jeans|jean|vaquero|vaqueros|pantalón vaquero|pantalón de mezclilla,"CORRECTO si la respuesta identifica únicamente la categoría esperada o un sinónimo aceptado; INCORRECTO si elige otra categoría, mezcla categorías incompatibles o se abstiene. SIN_RESPUESTA si está vacía. Ignore mayúsculas, tildes y singular/plural. No penalice una explicación adicional coherente. No use el color ni la talla como criterio decisivo. Evidencia decisiva en este caso: Es un pantalón confeccionado en denim, con dos perneras y bolsillos característicos. La descripción prevalece sobre la etiqueta automática errónea.",,,
JUEZ-268,POL-005,distractor,"En una foto aparece un bolso junto a esta prenda. ¿Cómo clasificarías únicamente la prenda entre vestido, polo, blusa y jeans, sin clasificar el bolso? Es una prenda superior casual de punto jersey de algodón, de la familia de las camisetas. Color: borgoña. Detalles: Manga corta; cuello redondo; corte regular; acabado liso.",polo,polo|polos|camiseta|camisetas|t-shirt,"CORRECTO si la respuesta identifica únicamente la categoría esperada o un sinónimo aceptado; INCORRECTO si elige otra categoría, mezcla categorías incompatibles o se abstiene. SIN_RESPUESTA si está vacía. Ignore mayúsculas, tildes y singular/plural. No penalice una explicación adicional coherente. No use el color ni la talla como criterio decisivo. Evidencia decisiva en este caso: Es una prenda superior casual de punto jersey de algodón, de la familia de las camisetas. El bolso no es el objeto de clasificación.",,,
JUEZ-269,POL-009,directa,"¿A cuál de las categorías vestido, polo, blusa o jeans pertenece la prenda descrita? Es una prenda superior casual de punto jersey de algodón, de la familia de las camisetas. Color: marfil. Detalles: Manga corta; escote en V; corte regular; acabado liso.",polo,polo|polos|camiseta|camisetas|t-shirt,"CORRECTO si la respuesta identifica únicamente la categoría esperada o un sinónimo aceptado; INCORRECTO si elige otra categoría, mezcla categorías incompatibles o se abstiene. SIN_RESPUESTA si está vacía. Ignore mayúsculas, tildes y singular/plural. No penalice una explicación adicional coherente. No use el color ni la talla como criterio decisivo. Evidencia decisiva en este caso: Es una prenda superior casual de punto jersey de algodón, de la familia de las camisetas.",,,
JUEZ-270,BLU-008,distractor,"En una foto aparece un bolso junto a esta prenda. ¿Cómo clasificarías únicamente la prenda entre vestido, polo, blusa y jeans, sin clasificar el bolso? Es una prenda superior de vestir en tejido plano de popelina; no incorpora falda ni perneras. Color: terracota. Detalles: Manga larga; lazo al cuello; silueta ligeramente holgada.",blusa,blusa|blusas|blouse,"CORRECTO si la respuesta identifica únicamente la categoría esperada o un sinónimo aceptado; INCORRECTO si elige otra categoría, mezcla categorías incompatibles o se abstiene. SIN_RESPUESTA si está vacía. Ignore mayúsculas, tildes y singular/plural. No penalice una explicación adicional coherente. No use el color ni la talla como criterio decisivo. Evidencia decisiva en este caso: Es una prenda superior de vestir en tejido plano de popelina; no incorpora falda ni perneras. El bolso no es el objeto de clasificación.",,,
JUEZ-271,BLU-002,coloquial,"¿Me ayudas a ubicar esta prenda en vestido, polo, blusa o jeans? Te cuento cómo es: Es una prenda superior de vestir en tejido plano de popelina; no incorpora falda ni perneras. Color: azul marino. Detalles: Manga larga; cuello camisero; botones frontales; puños abotonados.",blusa,blusa|blusas|blouse,"CORRECTO si la respuesta identifica únicamente la categoría esperada o un sinónimo aceptado; INCORRECTO si elige otra categoría, mezcla categorías incompatibles o se abstiene. SIN_RESPUESTA si está vacía. Ignore mayúsculas, tildes y singular/plural. No penalice una explicación adicional coherente. No use el color ni la talla como criterio decisivo. Evidencia decisiva en este caso: Es una prenda superior de vestir en tejido plano de popelina; no incorpora falda ni perneras.",,,
JUEZ-272,JEA-001,etiqueta_incorrecta,"Una etiqueta automática posiblemente equivocada dice «blusa». ¿Qué categoría corresponde realmente según la descripción: vestido, polo, blusa o jeans? Es un pantalón confeccionado en denim, con dos perneras y bolsillos característicos. Color: azul índigo. Detalles: Tiro medio; pernera recta; cinco bolsillos; cierre frontal con botón y cremallera.",jeans,jeans|jean|vaquero|vaqueros|pantalón vaquero|pantalón de mezclilla,"CORRECTO si la respuesta identifica únicamente la categoría esperada o un sinónimo aceptado; INCORRECTO si elige otra categoría, mezcla categorías incompatibles o se abstiene. SIN_RESPUESTA si está vacía. Ignore mayúsculas, tildes y singular/plural. No penalice una explicación adicional coherente. No use el color ni la talla como criterio decisivo. Evidencia decisiva en este caso: Es un pantalón confeccionado en denim, con dos perneras y bolsillos característicos. La descripción prevalece sobre la etiqueta automática errónea.",,,
JUEZ-273,JEA-023,errores_ortograficos,"Que categoria coresponde a esta prendaa: vestido, polo, blusa o jeans Es un pantalon confeccionado en denim, con dos perneras y bolsillos caracteristicos. Color: azul claro. Detayes: Tiro medio; ajuste en muslo; campana desde la rodilla; largo completo.?",jeans,jeans|jean|vaquero|vaqueros|pantalón vaquero|pantalón de mezclilla,"CORRECTO si la respuesta identifica únicamente la categoría esperada o un sinónimo aceptado; INCORRECTO si elige otra categoría, mezcla categorías incompatibles o se abstiene. SIN_RESPUESTA si está vacía. Ignore mayúsculas, tildes y singular/plural. No penalice una explicación adicional coherente. No use el color ni la talla como criterio decisivo. Evidencia decisiva en este caso: Es un pantalón confeccionado en denim, con dos perneras y bolsillos característicos.",,,
JUEZ-274,POL-008,directa,"¿A cuál de las categorías vestido, polo, blusa o jeans pertenece la prenda descrita? Es una prenda superior casual de punto jersey de algodón, de la familia de las camisetas. Color: terracota. Detalles: Manga corta; escote en V; corte regular; acabado liso.",polo,polo|polos|camiseta|camisetas|t-shirt,"CORRECTO si la respuesta identifica únicamente la categoría esperada o un sinónimo aceptado; INCORRECTO si elige otra categoría, mezcla categorías incompatibles o se abstiene. SIN_RESPUESTA si está vacía. Ignore mayúsculas, tildes y singular/plural. No penalice una explicación adicional coherente. No use el color ni la talla como criterio decisivo. Evidencia decisiva en este caso: Es una prenda superior casual de punto jersey de algodón, de la familia de las camisetas.",,,
JUEZ-275,BLU-019,etiqueta_incorrecta,"Una etiqueta automática posiblemente equivocada dice «jeans». ¿Qué categoría corresponde realmente según la descripción: vestido, polo, blusa o jeans? Es una prenda superior de vestir en tejido plano de popelina; no incorpora falda ni perneras. Color: marfil. Detalles: Sin mangas; escote redondo; cintura marcada; volante inferior.",blusa,blusa|blusas|blouse,"CORRECTO si la respuesta identifica únicamente la categoría esperada o un sinónimo aceptado; INCORRECTO si elige otra categoría, mezcla categorías incompatibles o se abstiene. SIN_RESPUESTA si está vacía. Ignore mayúsculas, tildes y singular/plural. No penalice una explicación adicional coherente. No use el color ni la talla como criterio decisivo. Evidencia decisiva en este caso: Es una prenda superior de vestir en tejido plano de popelina; no incorpora falda ni perneras. La descripción prevalece sobre la etiqueta automática errónea.",,,
JUEZ-276,POL-008,distractor,"En una foto aparece un bolso junto a esta prenda. ¿Cómo clasificarías únicamente la prenda entre vestido, polo, blusa y jeans, sin clasificar el bolso? Es una prenda superior casual de punto jersey de algodón, de la familia de las camisetas. Color: terracota. Detalles: Manga corta; escote en V; corte regular; acabado liso.",polo,polo|polos|camiseta|camisetas|t-shirt,"CORRECTO si la respuesta identifica únicamente la categoría esperada o un sinónimo aceptado; INCORRECTO si elige otra categoría, mezcla categorías incompatibles o se abstiene. SIN_RESPUESTA si está vacía. Ignore mayúsculas, tildes y singular/plural. No penalice una explicación adicional coherente. No use el color ni la talla como criterio decisivo. Evidencia decisiva en este caso: Es una prenda superior casual de punto jersey de algodón, de la familia de las camisetas. El bolso no es el objeto de clasificación.",,,
JUEZ-277,POL-001,coloquial,"¿Me ayudas a ubicar esta prenda en vestido, polo, blusa o jeans? Te cuento cómo es: Es una prenda superior casual de punto jersey de algodón, de la familia de las camisetas. Color: verde esmeralda. Detalles: Manga corta; cuello redondo; corte regular; acabado liso.",polo,polo|polos|camiseta|camisetas|t-shirt,"CORRECTO si la respuesta identifica únicamente la categoría esperada o un sinónimo aceptado; INCORRECTO si elige otra categoría, mezcla categorías incompatibles o se abstiene. SIN_RESPUESTA si está vacía. Ignore mayúsculas, tildes y singular/plural. No penalice una explicación adicional coherente. No use el color ni la talla como criterio decisivo. Evidencia decisiva en este caso: Es una prenda superior casual de punto jersey de algodón, de la familia de las camisetas.",,,
JUEZ-278,BLU-010,directa,"¿A cuál de las categorías vestido, polo, blusa o jeans pertenece la prenda descrita? Es una prenda superior de vestir en tejido plano de popelina; no incorpora falda ni perneras. Color: borgoña. Detalles: Manga larga; lazo al cuello; silueta ligeramente holgada.",blusa,blusa|blusas|blouse,"CORRECTO si la respuesta identifica únicamente la categoría esperada o un sinónimo aceptado; INCORRECTO si elige otra categoría, mezcla categorías incompatibles o se abstiene. SIN_RESPUESTA si está vacía. Ignore mayúsculas, tildes y singular/plural. No penalice una explicación adicional coherente. No use el color ni la talla como criterio decisivo. Evidencia decisiva en este caso: Es una prenda superior de vestir en tejido plano de popelina; no incorpora falda ni perneras.",,,
JUEZ-279,JEA-001,directa,"¿A cuál de las categorías vestido, polo, blusa o jeans pertenece la prenda descrita? Es un pantalón confeccionado en denim, con dos perneras y bolsillos característicos. Color: azul índigo. Detalles: Tiro medio; pernera recta; cinco bolsillos; cierre frontal con botón y cremallera.",jeans,jeans|jean|vaquero|vaqueros|pantalón vaquero|pantalón de mezclilla,"CORRECTO si la respuesta identifica únicamente la categoría esperada o un sinónimo aceptado; INCORRECTO si elige otra categoría, mezcla categorías incompatibles o se abstiene. SIN_RESPUESTA si está vacía. Ignore mayúsculas, tildes y singular/plural. No penalice una explicación adicional coherente. No use el color ni la talla como criterio decisivo. Evidencia decisiva en este caso: Es un pantalón confeccionado en denim, con dos perneras y bolsillos característicos.",,,
JUEZ-280,VES-010,distractor,"En una foto aparece un bolso junto a esta prenda. ¿Cómo clasificarías únicamente la prenda entre vestido, polo, blusa y jeans, sin clasificar el bolso? Es una pieza única que une el cuerpo superior con una falda integrada y cubre parte de las piernas. Color: borgoña. Detalles: Manga corta; cuello camisero; botones frontales; cinturón; largo midi.",vestido,vestido|vestidos|dress,"CORRECTO si la respuesta identifica únicamente la categoría esperada o un sinónimo aceptado; INCORRECTO si elige otra categoría, mezcla categorías incompatibles o se abstiene. SIN_RESPUESTA si está vacía. Ignore mayúsculas, tildes y singular/plural. No penalice una explicación adicional coherente. No use el color ni la talla como criterio decisivo. Evidencia decisiva en este caso: Es una pieza única que une el cuerpo superior con una falda integrada y cubre parte de las piernas. El bolso no es el objeto de clasificación.",,,
JUEZ-281,VES-006,errores_ortograficos,"Que categoria coresponde a esta prendaa: vestido, polo, blusa o jeans Es una pieza unica que une el cuerpo superior con una falda integrada y cubre parte de las piernas. Color: verde esmeralda. Detayes: Manga corta; cuello camisero; botones frontales; cinturon; largo midi.?",vestido,vestido|vestidos|dress,"CORRECTO si la respuesta identifica únicamente la categoría esperada o un sinónimo aceptado; INCORRECTO si elige otra categoría, mezcla categorías incompatibles o se abstiene. SIN_RESPUESTA si está vacía. Ignore mayúsculas, tildes y singular/plural. No penalice una explicación adicional coherente. No use el color ni la talla como criterio decisivo. Evidencia decisiva en este caso: Es una pieza única que une el cuerpo superior con una falda integrada y cubre parte de las piernas.",,,
JUEZ-282,BLU-019,distractor,"En una foto aparece un bolso junto a esta prenda. ¿Cómo clasificarías únicamente la prenda entre vestido, polo, blusa y jeans, sin clasificar el bolso? Es una prenda superior de vestir en tejido plano de popelina; no incorpora falda ni perneras. Color: marfil. Detalles: Sin mangas; escote redondo; cintura marcada; volante inferior.",blusa,blusa|blusas|blouse,"CORRECTO si la respuesta identifica únicamente la categoría esperada o un sinónimo aceptado; INCORRECTO si elige otra categoría, mezcla categorías incompatibles o se abstiene. SIN_RESPUESTA si está vacía. Ignore mayúsculas, tildes y singular/plural. No penalice una explicación adicional coherente. No use el color ni la talla como criterio decisivo. Evidencia decisiva en este caso: Es una prenda superior de vestir en tejido plano de popelina; no incorpora falda ni perneras. El bolso no es el objeto de clasificación.",,,
JUEZ-283,POL-006,errores_ortograficos,"Que categoria coresponde a esta prendaa: vestido, polo, blusa o jeans Es una prendaa superior casual de punto jersey de algodon, de la familia de las camisetas. Color: verde esmeralda. Detayes: Manga corta; escote en V; corte regular; acabado liso.?",polo,polo|polos|camiseta|camisetas|t-shirt,"CORRECTO si la respuesta identifica únicamente la categoría esperada o un sinónimo aceptado; INCORRECTO si elige otra categoría, mezcla categorías incompatibles o se abstiene. SIN_RESPUESTA si está vacía. Ignore mayúsculas, tildes y singular/plural. No penalice una explicación adicional coherente. No use el color ni la talla como criterio decisivo. Evidencia decisiva en este caso: Es una prenda superior casual de punto jersey de algodón, de la familia de las camisetas.",,,
JUEZ-284,VES-009,distractor,"En una foto aparece un bolso junto a esta prenda. ¿Cómo clasificarías únicamente la prenda entre vestido, polo, blusa y jeans, sin clasificar el bolso? Es una pieza única que une el cuerpo superior con una falda integrada y cubre parte de las piernas. Color: marfil. Detalles: Manga corta; cuello camisero; botones frontales; cinturón; largo midi.",vestido,vestido|vestidos|dress,"CORRECTO si la respuesta identifica únicamente la categoría esperada o un sinónimo aceptado; INCORRECTO si elige otra categoría, mezcla categorías incompatibles o se abstiene. SIN_RESPUESTA si está vacía. Ignore mayúsculas, tildes y singular/plural. No penalice una explicación adicional coherente. No use el color ni la talla como criterio decisivo. Evidencia decisiva en este caso: Es una pieza única que une el cuerpo superior con una falda integrada y cubre parte de las piernas. El bolso no es el objeto de clasificación.",,,
JUEZ-285,BLU-015,coloquial,"¿Me ayudas a ubicar esta prenda en vestido, polo, blusa o jeans? Te cuento cómo es: Es una prenda superior de vestir en tejido plano de popelina; no incorpora falda ni perneras. Color: borgoña. Detalles: Manga corta abullonada; escote cuadrado; cuerpo entallado.",blusa,blusa|blusas|blouse,"CORRECTO si la respuesta identifica únicamente la categoría esperada o un sinónimo aceptado; INCORRECTO si elige otra categoría, mezcla categorías incompatibles o se abstiene. SIN_RESPUESTA si está vacía. Ignore mayúsculas, tildes y singular/plural. No penalice una explicación adicional coherente. No use el color ni la talla como criterio decisivo. Evidencia decisiva en este caso: Es una prenda superior de vestir en tejido plano de popelina; no incorpora falda ni perneras.",,,
JUEZ-286,BLU-002,distractor,"En una foto aparece un bolso junto a esta prenda. ¿Cómo clasificarías únicamente la prenda entre vestido, polo, blusa y jeans, sin clasificar el bolso? Es una prenda superior de vestir en tejido plano de popelina; no incorpora falda ni perneras. Color: azul marino. Detalles: Manga larga; cuello camisero; botones frontales; puños abotonados.",blusa,blusa|blusas|blouse,"CORRECTO si la respuesta identifica únicamente la categoría esperada o un sinónimo aceptado; INCORRECTO si elige otra categoría, mezcla categorías incompatibles o se abstiene. SIN_RESPUESTA si está vacía. Ignore mayúsculas, tildes y singular/plural. No penalice una explicación adicional coherente. No use el color ni la talla como criterio decisivo. Evidencia decisiva en este caso: Es una prenda superior de vestir en tejido plano de popelina; no incorpora falda ni perneras. El bolso no es el objeto de clasificación.",,,
JUEZ-287,JEA-022,directa,"¿A cuál de las categorías vestido, polo, blusa o jeans pertenece la prenda descrita? Es un pantalón confeccionado en denim, con dos perneras y bolsillos característicos. Color: azul medio. Detalles: Tiro medio; ajuste en muslo; campana desde la rodilla; largo completo.",jeans,jeans|jean|vaquero|vaqueros|pantalón vaquero|pantalón de mezclilla,"CORRECTO si la respuesta identifica únicamente la categoría esperada o un sinónimo aceptado; INCORRECTO si elige otra categoría, mezcla categorías incompatibles o se abstiene. SIN_RESPUESTA si está vacía. Ignore mayúsculas, tildes y singular/plural. No penalice una explicación adicional coherente. No use el color ni la talla como criterio decisivo. Evidencia decisiva en este caso: Es un pantalón confeccionado en denim, con dos perneras y bolsillos característicos.",,,
JUEZ-288,JEA-015,directa,"¿A cuál de las categorías vestido, polo, blusa o jeans pertenece la prenda descrita? Es un pantalón confeccionado en denim, con dos perneras y bolsillos característicos. Color: gris. Detalles: Tiro alto; pernera ancha desde la cadera; cinco bolsillos.",jeans,jeans|jean|vaquero|vaqueros|pantalón vaquero|pantalón de mezclilla,"CORRECTO si la respuesta identifica únicamente la categoría esperada o un sinónimo aceptado; INCORRECTO si elige otra categoría, mezcla categorías incompatibles o se abstiene. SIN_RESPUESTA si está vacía. Ignore mayúsculas, tildes y singular/plural. No penalice una explicación adicional coherente. No use el color ni la talla como criterio decisivo. Evidencia decisiva en este caso: Es un pantalón confeccionado en denim, con dos perneras y bolsillos característicos.",,,
JUEZ-289,JEA-017,coloquial,"¿Me ayudas a ubicar esta prenda en vestido, polo, blusa o jeans? Te cuento cómo es: Es un pantalón confeccionado en denim, con dos perneras y bolsillos característicos. Color: azul medio. Detalles: Tiro alto; holgura en cadera; pernera que se estrecha al tobillo.",jeans,jeans|jean|vaquero|vaqueros|pantalón vaquero|pantalón de mezclilla,"CORRECTO si la respuesta identifica únicamente la categoría esperada o un sinónimo aceptado; INCORRECTO si elige otra categoría, mezcla categorías incompatibles o se abstiene. SIN_RESPUESTA si está vacía. Ignore mayúsculas, tildes y singular/plural. No penalice una explicación adicional coherente. No use el color ni la talla como criterio decisivo. Evidencia decisiva en este caso: Es un pantalón confeccionado en denim, con dos perneras y bolsillos característicos.",,,
JUEZ-290,POL-006,etiqueta_incorrecta,"Una etiqueta automática posiblemente equivocada dice «vestido». ¿Qué categoría corresponde realmente según la descripción: vestido, polo, blusa o jeans? Es una prenda superior casual de punto jersey de algodón, de la familia de las camisetas. Color: verde esmeralda. Detalles: Manga corta; escote en V; corte regular; acabado liso.",polo,polo|polos|camiseta|camisetas|t-shirt,"CORRECTO si la respuesta identifica únicamente la categoría esperada o un sinónimo aceptado; INCORRECTO si elige otra categoría, mezcla categorías incompatibles o se abstiene. SIN_RESPUESTA si está vacía. Ignore mayúsculas, tildes y singular/plural. No penalice una explicación adicional coherente. No use el color ni la talla como criterio decisivo. Evidencia decisiva en este caso: Es una prenda superior casual de punto jersey de algodón, de la familia de las camisetas. La descripción prevalece sobre la etiqueta automática errónea.",,,
JUEZ-291,POL-002,etiqueta_incorrecta,"Una etiqueta automática posiblemente equivocada dice «vestido». ¿Qué categoría corresponde realmente según la descripción: vestido, polo, blusa o jeans? Es una prenda superior casual de punto jersey de algodón, de la familia de las camisetas. Color: azul marino. Detalles: Manga corta; cuello redondo; corte regular; acabado liso.",polo,polo|polos|camiseta|camisetas|t-shirt,"CORRECTO si la respuesta identifica únicamente la categoría esperada o un sinónimo aceptado; INCORRECTO si elige otra categoría, mezcla categorías incompatibles o se abstiene. SIN_RESPUESTA si está vacía. Ignore mayúsculas, tildes y singular/plural. No penalice una explicación adicional coherente. No use el color ni la talla como criterio decisivo. Evidencia decisiva en este caso: Es una prenda superior casual de punto jersey de algodón, de la familia de las camisetas. La descripción prevalece sobre la etiqueta automática errónea.",,,
JUEZ-292,VES-023,errores_ortograficos,"Que categoria coresponde a esta prendaa: vestido, polo, blusa o jeans Es una pieza unica que une el cuerpo superior con una falda integrada y cubre parte de las piernas. Color: terracota. Detayes: Manga corta; escote redondo; corte recto; largo sobre la rodilla.?",vestido,vestido|vestidos|dress,"CORRECTO si la respuesta identifica únicamente la categoría esperada o un sinónimo aceptado; INCORRECTO si elige otra categoría, mezcla categorías incompatibles o se abstiene. SIN_RESPUESTA si está vacía. Ignore mayúsculas, tildes y singular/plural. No penalice una explicación adicional coherente. No use el color ni la talla como criterio decisivo. Evidencia decisiva en este caso: Es una pieza única que une el cuerpo superior con una falda integrada y cubre parte de las piernas.",,,
JUEZ-293,POL-020,coloquial,"¿Me ayudas a ubicar esta prenda en vestido, polo, blusa o jeans? Te cuento cómo es: Es una prenda superior casual de punto jersey de algodón, de la familia de las camisetas. Color: borgoña. Detalles: Manga larga; cuello redondo; puños acanalados; corte regular.",polo,polo|polos|camiseta|camisetas|t-shirt,"CORRECTO si la respuesta identifica únicamente la categoría esperada o un sinónimo aceptado; INCORRECTO si elige otra categoría, mezcla categorías incompatibles o se abstiene. SIN_RESPUESTA si está vacía. Ignore mayúsculas, tildes y singular/plural. No penalice una explicación adicional coherente. No use el color ni la talla como criterio decisivo. Evidencia decisiva en este caso: Es una prenda superior casual de punto jersey de algodón, de la familia de las camisetas.",,,
JUEZ-294,VES-014,coloquial,"¿Me ayudas a ubicar esta prenda en vestido, polo, blusa o jeans? Te cuento cómo es: Es una pieza única que une el cuerpo superior con una falda integrada y cubre parte de las piernas. Color: marfil. Detalles: Manga tres cuartos; escote en V; cierre cruzado con lazo lateral; largo midi.",vestido,vestido|vestidos|dress,"CORRECTO si la respuesta identifica únicamente la categoría esperada o un sinónimo aceptado; INCORRECTO si elige otra categoría, mezcla categorías incompatibles o se abstiene. SIN_RESPUESTA si está vacía. Ignore mayúsculas, tildes y singular/plural. No penalice una explicación adicional coherente. No use el color ni la talla como criterio decisivo. Evidencia decisiva en este caso: Es una pieza única que une el cuerpo superior con una falda integrada y cubre parte de las piernas.",,,
JUEZ-295,JEA-016,coloquial,"¿Me ayudas a ubicar esta prenda en vestido, polo, blusa o jeans? Te cuento cómo es: Es un pantalón confeccionado en denim, con dos perneras y bolsillos característicos. Color: azul índigo. Detalles: Tiro alto; holgura en cadera; pernera que se estrecha al tobillo.",jeans,jeans|jean|vaquero|vaqueros|pantalón vaquero|pantalón de mezclilla,"CORRECTO si la respuesta identifica únicamente la categoría esperada o un sinónimo aceptado; INCORRECTO si elige otra categoría, mezcla categorías incompatibles o se abstiene. SIN_RESPUESTA si está vacía. Ignore mayúsculas, tildes y singular/plural. No penalice una explicación adicional coherente. No use el color ni la talla como criterio decisivo. Evidencia decisiva en este caso: Es un pantalón confeccionado en denim, con dos perneras y bolsillos característicos.",,,
JUEZ-296,VES-019,distractor,"En una foto aparece un bolso junto a esta prenda. ¿Cómo clasificarías únicamente la prenda entre vestido, polo, blusa y jeans, sin clasificar el bolso? Es una pieza única que une el cuerpo superior con una falda integrada y cubre parte de las piernas. Color: marfil. Detalles: Tirantes anchos; escote cuadrado; falda larga y amplia.",vestido,vestido|vestidos|dress,"CORRECTO si la respuesta identifica únicamente la categoría esperada o un sinónimo aceptado; INCORRECTO si elige otra categoría, mezcla categorías incompatibles o se abstiene. SIN_RESPUESTA si está vacía. Ignore mayúsculas, tildes y singular/plural. No penalice una explicación adicional coherente. No use el color ni la talla como criterio decisivo. Evidencia decisiva en este caso: Es una pieza única que une el cuerpo superior con una falda integrada y cubre parte de las piernas. El bolso no es el objeto de clasificación.",,,
JUEZ-297,JEA-008,coloquial,"¿Me ayudas a ubicar esta prenda en vestido, polo, blusa o jeans? Te cuento cómo es: Es un pantalón confeccionado en denim, con dos perneras y bolsillos característicos. Color: azul claro. Detalles: Tiro alto; pernera ajustada; cinco bolsillos; largo al tobillo.",jeans,jeans|jean|vaquero|vaqueros|pantalón vaquero|pantalón de mezclilla,"CORRECTO si la respuesta identifica únicamente la categoría esperada o un sinónimo aceptado; INCORRECTO si elige otra categoría, mezcla categorías incompatibles o se abstiene. SIN_RESPUESTA si está vacía. Ignore mayúsculas, tildes y singular/plural. No penalice una explicación adicional coherente. No use el color ni la talla como criterio decisivo. Evidencia decisiva en este caso: Es un pantalón confeccionado en denim, con dos perneras y bolsillos característicos.",,,
JUEZ-298,POL-025,etiqueta_incorrecta,"Una etiqueta automática posiblemente equivocada dice «vestido». ¿Qué categoría corresponde realmente según la descripción: vestido, polo, blusa o jeans? Es una prenda superior casual de punto jersey de algodón, de la familia de las camisetas. Color: borgoña. Detalles: Manga corta; cuello redondo; bolsillo de parche en el pecho.",polo,polo|polos|camiseta|camisetas|t-shirt,"CORRECTO si la respuesta identifica únicamente la categoría esperada o un sinónimo aceptado; INCORRECTO si elige otra categoría, mezcla categorías incompatibles o se abstiene. SIN_RESPUESTA si está vacía. Ignore mayúsculas, tildes y singular/plural. No penalice una explicación adicional coherente. No use el color ni la talla como criterio decisivo. Evidencia decisiva en este caso: Es una prenda superior casual de punto jersey de algodón, de la familia de las camisetas. La descripción prevalece sobre la etiqueta automática errónea.",,,
JUEZ-299,JEA-010,distractor,"En una foto aparece un bolso junto a esta prenda. ¿Cómo clasificarías únicamente la prenda entre vestido, polo, blusa y jeans, sin clasificar el bolso? Es un pantalón confeccionado en denim, con dos perneras y bolsillos característicos. Color: gris. Detalles: Tiro alto; pernera ajustada; cinco bolsillos; largo al tobillo.",jeans,jeans|jean|vaquero|vaqueros|pantalón vaquero|pantalón de mezclilla,"CORRECTO si la respuesta identifica únicamente la categoría esperada o un sinónimo aceptado; INCORRECTO si elige otra categoría, mezcla categorías incompatibles o se abstiene. SIN_RESPUESTA si está vacía. Ignore mayúsculas, tildes y singular/plural. No penalice una explicación adicional coherente. No use el color ni la talla como criterio decisivo. Evidencia decisiva en este caso: Es un pantalón confeccionado en denim, con dos perneras y bolsillos característicos. El bolso no es el objeto de clasificación.",,,
JUEZ-300,POL-004,directa,"¿A cuál de las categorías vestido, polo, blusa o jeans pertenece la prenda descrita? Es una prenda superior casual de punto jersey de algodón, de la familia de las camisetas. Color: marfil. Detalles: Manga corta; cuello redondo; corte regular; acabado liso.",polo,polo|polos|camiseta|camisetas|t-shirt,"CORRECTO si la respuesta identifica únicamente la categoría esperada o un sinónimo aceptado; INCORRECTO si elige otra categoría, mezcla categorías incompatibles o se abstiene. SIN_RESPUESTA si está vacía. Ignore mayúsculas, tildes y singular/plural. No penalice una explicación adicional coherente. No use el color ni la talla como criterio decisivo. Evidencia decisiva en este caso: Es una prenda superior casual de punto jersey de algodón, de la familia de las camisetas.",,,
JUEZ-301,POL-012,coloquial,"¿Me ayudas a ubicar esta prenda en vestido, polo, blusa o jeans? Te cuento cómo es: Es una prenda superior casual de punto jersey de algodón, de la familia de las camisetas. Color: azul marino. Detalles: Manga corta amplia; hombros caídos; cuello redondo; corte holgado.",polo,polo|polos|camiseta|camisetas|t-shirt,"CORRECTO si la respuesta identifica únicamente la categoría esperada o un sinónimo aceptado; INCORRECTO si elige otra categoría, mezcla categorías incompatibles o se abstiene. SIN_RESPUESTA si está vacía. Ignore mayúsculas, tildes y singular/plural. No penalice una explicación adicional coherente. No use el color ni la talla como criterio decisivo. Evidencia decisiva en este caso: Es una prenda superior casual de punto jersey de algodón, de la familia de las camisetas.",,,
JUEZ-302,POL-008,coloquial,"¿Me ayudas a ubicar esta prenda en vestido, polo, blusa o jeans? Te cuento cómo es: Es una prenda superior casual de punto jersey de algodón, de la familia de las camisetas. Color: terracota. Detalles: Manga corta; escote en V; corte regular; acabado liso.",polo,polo|polos|camiseta|camisetas|t-shirt,"CORRECTO si la respuesta identifica únicamente la categoría esperada o un sinónimo aceptado; INCORRECTO si elige otra categoría, mezcla categorías incompatibles o se abstiene. SIN_RESPUESTA si está vacía. Ignore mayúsculas, tildes y singular/plural. No penalice una explicación adicional coherente. No use el color ni la talla como criterio decisivo. Evidencia decisiva en este caso: Es una prenda superior casual de punto jersey de algodón, de la familia de las camisetas.",,,
JUEZ-303,JEA-004,errores_ortograficos,"Que categoria coresponde a esta prendaa: vestido, polo, blusa o jeans Es un pantalon confeccionado en denim, con dos perneras y bolsillos caracteristicos. Color: negro. Detayes: Tiro medio; pernera recta; cinco bolsillos; cierre frontal con boton y cremallera.?",jeans,jeans|jean|vaquero|vaqueros|pantalón vaquero|pantalón de mezclilla,"CORRECTO si la respuesta identifica únicamente la categoría esperada o un sinónimo aceptado; INCORRECTO si elige otra categoría, mezcla categorías incompatibles o se abstiene. SIN_RESPUESTA si está vacía. Ignore mayúsculas, tildes y singular/plural. No penalice una explicación adicional coherente. No use el color ni la talla como criterio decisivo. Evidencia decisiva en este caso: Es un pantalón confeccionado en denim, con dos perneras y bolsillos característicos.",,,
JUEZ-304,POL-010,directa,"¿A cuál de las categorías vestido, polo, blusa o jeans pertenece la prenda descrita? Es una prenda superior casual de punto jersey de algodón, de la familia de las camisetas. Color: borgoña. Detalles: Manga corta; escote en V; corte regular; acabado liso.",polo,polo|polos|camiseta|camisetas|t-shirt,"CORRECTO si la respuesta identifica únicamente la categoría esperada o un sinónimo aceptado; INCORRECTO si elige otra categoría, mezcla categorías incompatibles o se abstiene. SIN_RESPUESTA si está vacía. Ignore mayúsculas, tildes y singular/plural. No penalice una explicación adicional coherente. No use el color ni la talla como criterio decisivo. Evidencia decisiva en este caso: Es una prenda superior casual de punto jersey de algodón, de la familia de las camisetas.",,,
JUEZ-305,JEA-021,coloquial,"¿Me ayudas a ubicar esta prenda en vestido, polo, blusa o jeans? Te cuento cómo es: Es un pantalón confeccionado en denim, con dos perneras y bolsillos característicos. Color: azul índigo. Detalles: Tiro medio; ajuste en muslo; campana desde la rodilla; largo completo.",jeans,jeans|jean|vaquero|vaqueros|pantalón vaquero|pantalón de mezclilla,"CORRECTO si la respuesta identifica únicamente la categoría esperada o un sinónimo aceptado; INCORRECTO si elige otra categoría, mezcla categorías incompatibles o se abstiene. SIN_RESPUESTA si está vacía. Ignore mayúsculas, tildes y singular/plural. No penalice una explicación adicional coherente. No use el color ni la talla como criterio decisivo. Evidencia decisiva en este caso: Es un pantalón confeccionado en denim, con dos perneras y bolsillos característicos.",,,
JUEZ-306,VES-018,directa,"¿A cuál de las categorías vestido, polo, blusa o jeans pertenece la prenda descrita? Es una pieza única que une el cuerpo superior con una falda integrada y cubre parte de las piernas. Color: terracota. Detalles: Tirantes anchos; escote cuadrado; falda larga y amplia.",vestido,vestido|vestidos|dress,"CORRECTO si la respuesta identifica únicamente la categoría esperada o un sinónimo aceptado; INCORRECTO si elige otra categoría, mezcla categorías incompatibles o se abstiene. SIN_RESPUESTA si está vacía. Ignore mayúsculas, tildes y singular/plural. No penalice una explicación adicional coherente. No use el color ni la talla como criterio decisivo. Evidencia decisiva en este caso: Es una pieza única que une el cuerpo superior con una falda integrada y cubre parte de las piernas.",,,
JUEZ-307,VES-009,directa,"¿A cuál de las categorías vestido, polo, blusa o jeans pertenece la prenda descrita? Es una pieza única que une el cuerpo superior con una falda integrada y cubre parte de las piernas. Color: marfil. Detalles: Manga corta; cuello camisero; botones frontales; cinturón; largo midi.",vestido,vestido|vestidos|dress,"CORRECTO si la respuesta identifica únicamente la categoría esperada o un sinónimo aceptado; INCORRECTO si elige otra categoría, mezcla categorías incompatibles o se abstiene. SIN_RESPUESTA si está vacía. Ignore mayúsculas, tildes y singular/plural. No penalice una explicación adicional coherente. No use el color ni la talla como criterio decisivo. Evidencia decisiva en este caso: Es una pieza única que une el cuerpo superior con una falda integrada y cubre parte de las piernas.",,,
JUEZ-308,JEA-002,distractor,"En una foto aparece un bolso junto a esta prenda. ¿Cómo clasificarías únicamente la prenda entre vestido, polo, blusa y jeans, sin clasificar el bolso? Es un pantalón confeccionado en denim, con dos perneras y bolsillos característicos. Color: azul medio. Detalles: Tiro medio; pernera recta; cinco bolsillos; cierre frontal con botón y cremallera.",jeans,jeans|jean|vaquero|vaqueros|pantalón vaquero|pantalón de mezclilla,"CORRECTO si la respuesta identifica únicamente la categoría esperada o un sinónimo aceptado; INCORRECTO si elige otra categoría, mezcla categorías incompatibles o se abstiene. SIN_RESPUESTA si está vacía. Ignore mayúsculas, tildes y singular/plural. No penalice una explicación adicional coherente. No use el color ni la talla como criterio decisivo. Evidencia decisiva en este caso: Es un pantalón confeccionado en denim, con dos perneras y bolsillos característicos. El bolso no es el objeto de clasificación.",,,
JUEZ-309,BLU-024,errores_ortograficos,"Que categoria coresponde a esta prendaa: vestido, polo, blusa o jeans Es una prendaa superior de vestir en tejido plano de popelina; no incorpora falda ni perneras. Color: marfil. Detayes: Manga tres cuartos; escote en V; corte recto; sin botones.?",blusa,blusa|blusas|blouse,"CORRECTO si la respuesta identifica únicamente la categoría esperada o un sinónimo aceptado; INCORRECTO si elige otra categoría, mezcla categorías incompatibles o se abstiene. SIN_RESPUESTA si está vacía. Ignore mayúsculas, tildes y singular/plural. No penalice una explicación adicional coherente. No use el color ni la talla como criterio decisivo. Evidencia decisiva en este caso: Es una prenda superior de vestir en tejido plano de popelina; no incorpora falda ni perneras.",,,
JUEZ-310,JEA-019,directa,"¿A cuál de las categorías vestido, polo, blusa o jeans pertenece la prenda descrita? Es un pantalón confeccionado en denim, con dos perneras y bolsillos característicos. Color: negro. Detalles: Tiro alto; holgura en cadera; pernera que se estrecha al tobillo.",jeans,jeans|jean|vaquero|vaqueros|pantalón vaquero|pantalón de mezclilla,"CORRECTO si la respuesta identifica únicamente la categoría esperada o un sinónimo aceptado; INCORRECTO si elige otra categoría, mezcla categorías incompatibles o se abstiene. SIN_RESPUESTA si está vacía. Ignore mayúsculas, tildes y singular/plural. No penalice una explicación adicional coherente. No use el color ni la talla como criterio decisivo. Evidencia decisiva en este caso: Es un pantalón confeccionado en denim, con dos perneras y bolsillos característicos.",,,
JUEZ-311,BLU-017,etiqueta_incorrecta,"Una etiqueta automática posiblemente equivocada dice «jeans». ¿Qué categoría corresponde realmente según la descripción: vestido, polo, blusa o jeans? Es una prenda superior de vestir en tejido plano de popelina; no incorpora falda ni perneras. Color: azul marino. Detalles: Sin mangas; escote redondo; cintura marcada; volante inferior.",blusa,blusa|blusas|blouse,"CORRECTO si la respuesta identifica únicamente la categoría esperada o un sinónimo aceptado; INCORRECTO si elige otra categoría, mezcla categorías incompatibles o se abstiene. SIN_RESPUESTA si está vacía. Ignore mayúsculas, tildes y singular/plural. No penalice una explicación adicional coherente. No use el color ni la talla como criterio decisivo. Evidencia decisiva en este caso: Es una prenda superior de vestir en tejido plano de popelina; no incorpora falda ni perneras. La descripción prevalece sobre la etiqueta automática errónea.",,,
JUEZ-312,BLU-015,directa,"¿A cuál de las categorías vestido, polo, blusa o jeans pertenece la prenda descrita? Es una prenda superior de vestir en tejido plano de popelina; no incorpora falda ni perneras. Color: borgoña. Detalles: Manga corta abullonada; escote cuadrado; cuerpo entallado.",blusa,blusa|blusas|blouse,"CORRECTO si la respuesta identifica únicamente la categoría esperada o un sinónimo aceptado; INCORRECTO si elige otra categoría, mezcla categorías incompatibles o se abstiene. SIN_RESPUESTA si está vacía. Ignore mayúsculas, tildes y singular/plural. No penalice una explicación adicional coherente. No use el color ni la talla como criterio decisivo. Evidencia decisiva en este caso: Es una prenda superior de vestir en tejido plano de popelina; no incorpora falda ni perneras.",,,
JUEZ-313,POL-018,directa,"¿A cuál de las categorías vestido, polo, blusa o jeans pertenece la prenda descrita? Es una prenda superior casual de punto jersey de algodón, de la familia de las camisetas. Color: terracota. Detalles: Manga larga; cuello redondo; puños acanalados; corte regular.",polo,polo|polos|camiseta|camisetas|t-shirt,"CORRECTO si la respuesta identifica únicamente la categoría esperada o un sinónimo aceptado; INCORRECTO si elige otra categoría, mezcla categorías incompatibles o se abstiene. SIN_RESPUESTA si está vacía. Ignore mayúsculas, tildes y singular/plural. No penalice una explicación adicional coherente. No use el color ni la talla como criterio decisivo. Evidencia decisiva en este caso: Es una prenda superior casual de punto jersey de algodón, de la familia de las camisetas.",,,
JUEZ-314,POL-006,distractor,"En una foto aparece un bolso junto a esta prenda. ¿Cómo clasificarías únicamente la prenda entre vestido, polo, blusa y jeans, sin clasificar el bolso? Es una prenda superior casual de punto jersey de algodón, de la familia de las camisetas. Color: verde esmeralda. Detalles: Manga corta; escote en V; corte regular; acabado liso.",polo,polo|polos|camiseta|camisetas|t-shirt,"CORRECTO si la respuesta identifica únicamente la categoría esperada o un sinónimo aceptado; INCORRECTO si elige otra categoría, mezcla categorías incompatibles o se abstiene. SIN_RESPUESTA si está vacía. Ignore mayúsculas, tildes y singular/plural. No penalice una explicación adicional coherente. No use el color ni la talla como criterio decisivo. Evidencia decisiva en este caso: Es una prenda superior casual de punto jersey de algodón, de la familia de las camisetas. El bolso no es el objeto de clasificación.",,,
JUEZ-315,VES-022,errores_ortograficos,"Que categoria coresponde a esta prendaa: vestido, polo, blusa o jeans Es una pieza unica que une el cuerpo superior con una falda integrada y cubre parte de las piernas. Color: azul marino. Detayes: Manga corta; escote redondo; corte recto; largo sobre la rodilla.?",vestido,vestido|vestidos|dress,"CORRECTO si la respuesta identifica únicamente la categoría esperada o un sinónimo aceptado; INCORRECTO si elige otra categoría, mezcla categorías incompatibles o se abstiene. SIN_RESPUESTA si está vacía. Ignore mayúsculas, tildes y singular/plural. No penalice una explicación adicional coherente. No use el color ni la talla como criterio decisivo. Evidencia decisiva en este caso: Es una pieza única que une el cuerpo superior con una falda integrada y cubre parte de las piernas.",,,
JUEZ-316,POL-008,etiqueta_incorrecta,"Una etiqueta automática posiblemente equivocada dice «vestido». ¿Qué categoría corresponde realmente según la descripción: vestido, polo, blusa o jeans? Es una prenda superior casual de punto jersey de algodón, de la familia de las camisetas. Color: terracota. Detalles: Manga corta; escote en V; corte regular; acabado liso.",polo,polo|polos|camiseta|camisetas|t-shirt,"CORRECTO si la respuesta identifica únicamente la categoría esperada o un sinónimo aceptado; INCORRECTO si elige otra categoría, mezcla categorías incompatibles o se abstiene. SIN_RESPUESTA si está vacía. Ignore mayúsculas, tildes y singular/plural. No penalice una explicación adicional coherente. No use el color ni la talla como criterio decisivo. Evidencia decisiva en este caso: Es una prenda superior casual de punto jersey de algodón, de la familia de las camisetas. La descripción prevalece sobre la etiqueta automática errónea.",,,
JUEZ-317,POL-018,errores_ortograficos,"Que categoria coresponde a esta prendaa: vestido, polo, blusa o jeans Es una prendaa superior casual de punto jersey de algodon, de la familia de las camisetas. Color: terracota. Detayes: Manga larga; cuello redondo; punos acanalados; corte regular.?",polo,polo|polos|camiseta|camisetas|t-shirt,"CORRECTO si la respuesta identifica únicamente la categoría esperada o un sinónimo aceptado; INCORRECTO si elige otra categoría, mezcla categorías incompatibles o se abstiene. SIN_RESPUESTA si está vacía. Ignore mayúsculas, tildes y singular/plural. No penalice una explicación adicional coherente. No use el color ni la talla como criterio decisivo. Evidencia decisiva en este caso: Es una prenda superior casual de punto jersey de algodón, de la familia de las camisetas.",,,
JUEZ-318,VES-016,etiqueta_incorrecta,"Una etiqueta automática posiblemente equivocada dice «jeans». ¿Qué categoría corresponde realmente según la descripción: vestido, polo, blusa o jeans? Es una pieza única que une el cuerpo superior con una falda integrada y cubre parte de las piernas. Color: verde esmeralda. Detalles: Tirantes anchos; escote cuadrado; falda larga y amplia.",vestido,vestido|vestidos|dress,"CORRECTO si la respuesta identifica únicamente la categoría esperada o un sinónimo aceptado; INCORRECTO si elige otra categoría, mezcla categorías incompatibles o se abstiene. SIN_RESPUESTA si está vacía. Ignore mayúsculas, tildes y singular/plural. No penalice una explicación adicional coherente. No use el color ni la talla como criterio decisivo. Evidencia decisiva en este caso: Es una pieza única que une el cuerpo superior con una falda integrada y cubre parte de las piernas. La descripción prevalece sobre la etiqueta automática errónea.",,,
JUEZ-319,POL-004,distractor,"En una foto aparece un bolso junto a esta prenda. ¿Cómo clasificarías únicamente la prenda entre vestido, polo, blusa y jeans, sin clasificar el bolso? Es una prenda superior casual de punto jersey de algodón, de la familia de las camisetas. Color: marfil. Detalles: Manga corta; cuello redondo; corte regular; acabado liso.",polo,polo|polos|camiseta|camisetas|t-shirt,"CORRECTO si la respuesta identifica únicamente la categoría esperada o un sinónimo aceptado; INCORRECTO si elige otra categoría, mezcla categorías incompatibles o se abstiene. SIN_RESPUESTA si está vacía. Ignore mayúsculas, tildes y singular/plural. No penalice una explicación adicional coherente. No use el color ni la talla como criterio decisivo. Evidencia decisiva en este caso: Es una prenda superior casual de punto jersey de algodón, de la familia de las camisetas. El bolso no es el objeto de clasificación.",,,
JUEZ-320,JEA-012,errores_ortograficos,"Que categoria coresponde a esta prendaa: vestido, polo, blusa o jeans Es un pantalon confeccionado en denim, con dos perneras y bolsillos caracteristicos. Color: azul medio. Detayes: Tiro alto; pernera ancha desde la cadera; cinco bolsillos.?",jeans,jeans|jean|vaquero|vaqueros|pantalón vaquero|pantalón de mezclilla,"CORRECTO si la respuesta identifica únicamente la categoría esperada o un sinónimo aceptado; INCORRECTO si elige otra categoría, mezcla categorías incompatibles o se abstiene. SIN_RESPUESTA si está vacía. Ignore mayúsculas, tildes y singular/plural. No penalice una explicación adicional coherente. No use el color ni la talla como criterio decisivo. Evidencia decisiva en este caso: Es un pantalón confeccionado en denim, con dos perneras y bolsillos característicos.",,,
JUEZ-321,POL-013,errores_ortograficos,"Que categoria coresponde a esta prendaa: vestido, polo, blusa o jeans Es una prendaa superior casual de punto jersey de algodon, de la familia de las camisetas. Color: terracota. Detayes: Manga corta amplia; hombros caidos; cuello redondo; corte holgado.?",polo,polo|polos|camiseta|camisetas|t-shirt,"CORRECTO si la respuesta identifica únicamente la categoría esperada o un sinónimo aceptado; INCORRECTO si elige otra categoría, mezcla categorías incompatibles o se abstiene. SIN_RESPUESTA si está vacía. Ignore mayúsculas, tildes y singular/plural. No penalice una explicación adicional coherente. No use el color ni la talla como criterio decisivo. Evidencia decisiva en este caso: Es una prenda superior casual de punto jersey de algodón, de la familia de las camisetas.",,,
JUEZ-322,POL-007,etiqueta_incorrecta,"Una etiqueta automática posiblemente equivocada dice «vestido». ¿Qué categoría corresponde realmente según la descripción: vestido, polo, blusa o jeans? Es una prenda superior casual de punto jersey de algodón, de la familia de las camisetas. Color: azul marino. Detalles: Manga corta; escote en V; corte regular; acabado liso.",polo,polo|polos|camiseta|camisetas|t-shirt,"CORRECTO si la respuesta identifica únicamente la categoría esperada o un sinónimo aceptado; INCORRECTO si elige otra categoría, mezcla categorías incompatibles o se abstiene. SIN_RESPUESTA si está vacía. Ignore mayúsculas, tildes y singular/plural. No penalice una explicación adicional coherente. No use el color ni la talla como criterio decisivo. Evidencia decisiva en este caso: Es una prenda superior casual de punto jersey de algodón, de la familia de las camisetas. La descripción prevalece sobre la etiqueta automática errónea.",,,
JUEZ-323,BLU-018,coloquial,"¿Me ayudas a ubicar esta prenda en vestido, polo, blusa o jeans? Te cuento cómo es: Es una prenda superior de vestir en tejido plano de popelina; no incorpora falda ni perneras. Color: terracota. Detalles: Sin mangas; escote redondo; cintura marcada; volante inferior.",blusa,blusa|blusas|blouse,"CORRECTO si la respuesta identifica únicamente la categoría esperada o un sinónimo aceptado; INCORRECTO si elige otra categoría, mezcla categorías incompatibles o se abstiene. SIN_RESPUESTA si está vacía. Ignore mayúsculas, tildes y singular/plural. No penalice una explicación adicional coherente. No use el color ni la talla como criterio decisivo. Evidencia decisiva en este caso: Es una prenda superior de vestir en tejido plano de popelina; no incorpora falda ni perneras.",,,
JUEZ-324,BLU-001,distractor,"En una foto aparece un bolso junto a esta prenda. ¿Cómo clasificarías únicamente la prenda entre vestido, polo, blusa y jeans, sin clasificar el bolso? Es una prenda superior de vestir en tejido plano de popelina; no incorpora falda ni perneras. Color: verde esmeralda. Detalles: Manga larga; cuello camisero; botones frontales; puños abotonados.",blusa,blusa|blusas|blouse,"CORRECTO si la respuesta identifica únicamente la categoría esperada o un sinónimo aceptado; INCORRECTO si elige otra categoría, mezcla categorías incompatibles o se abstiene. SIN_RESPUESTA si está vacía. Ignore mayúsculas, tildes y singular/plural. No penalice una explicación adicional coherente. No use el color ni la talla como criterio decisivo. Evidencia decisiva en este caso: Es una prenda superior de vestir en tejido plano de popelina; no incorpora falda ni perneras. El bolso no es el objeto de clasificación.",,,
JUEZ-325,JEA-014,etiqueta_incorrecta,"Una etiqueta automática posiblemente equivocada dice «blusa». ¿Qué categoría corresponde realmente según la descripción: vestido, polo, blusa o jeans? Es un pantalón confeccionado en denim, con dos perneras y bolsillos característicos. Color: negro. Detalles: Tiro alto; pernera ancha desde la cadera; cinco bolsillos.",jeans,jeans|jean|vaquero|vaqueros|pantalón vaquero|pantalón de mezclilla,"CORRECTO si la respuesta identifica únicamente la categoría esperada o un sinónimo aceptado; INCORRECTO si elige otra categoría, mezcla categorías incompatibles o se abstiene. SIN_RESPUESTA si está vacía. Ignore mayúsculas, tildes y singular/plural. No penalice una explicación adicional coherente. No use el color ni la talla como criterio decisivo. Evidencia decisiva en este caso: Es un pantalón confeccionado en denim, con dos perneras y bolsillos característicos. La descripción prevalece sobre la etiqueta automática errónea.",,,
JUEZ-326,VES-002,directa,"¿A cuál de las categorías vestido, polo, blusa o jeans pertenece la prenda descrita? Es una pieza única que une el cuerpo superior con una falda integrada y cubre parte de las piernas. Color: azul marino. Detalles: Sin mangas; escote redondo; cintura entallada; falda en línea A hasta la rodilla.",vestido,vestido|vestidos|dress,"CORRECTO si la respuesta identifica únicamente la categoría esperada o un sinónimo aceptado; INCORRECTO si elige otra categoría, mezcla categorías incompatibles o se abstiene. SIN_RESPUESTA si está vacía. Ignore mayúsculas, tildes y singular/plural. No penalice una explicación adicional coherente. No use el color ni la talla como criterio decisivo. Evidencia decisiva en este caso: Es una pieza única que une el cuerpo superior con una falda integrada y cubre parte de las piernas.",,,
JUEZ-327,BLU-008,coloquial,"¿Me ayudas a ubicar esta prenda en vestido, polo, blusa o jeans? Te cuento cómo es: Es una prenda superior de vestir en tejido plano de popelina; no incorpora falda ni perneras. Color: terracota. Detalles: Manga larga; lazo al cuello; silueta ligeramente holgada.",blusa,blusa|blusas|blouse,"CORRECTO si la respuesta identifica únicamente la categoría esperada o un sinónimo aceptado; INCORRECTO si elige otra categoría, mezcla categorías incompatibles o se abstiene. SIN_RESPUESTA si está vacía. Ignore mayúsculas, tildes y singular/plural. No penalice una explicación adicional coherente. No use el color ni la talla como criterio decisivo. Evidencia decisiva en este caso: Es una prenda superior de vestir en tejido plano de popelina; no incorpora falda ni perneras.",,,
JUEZ-328,VES-016,coloquial,"¿Me ayudas a ubicar esta prenda en vestido, polo, blusa o jeans? Te cuento cómo es: Es una pieza única que une el cuerpo superior con una falda integrada y cubre parte de las piernas. Color: verde esmeralda. Detalles: Tirantes anchos; escote cuadrado; falda larga y amplia.",vestido,vestido|vestidos|dress,"CORRECTO si la respuesta identifica únicamente la categoría esperada o un sinónimo aceptado; INCORRECTO si elige otra categoría, mezcla categorías incompatibles o se abstiene. SIN_RESPUESTA si está vacía. Ignore mayúsculas, tildes y singular/plural. No penalice una explicación adicional coherente. No use el color ni la talla como criterio decisivo. Evidencia decisiva en este caso: Es una pieza única que une el cuerpo superior con una falda integrada y cubre parte de las piernas.",,,
JUEZ-329,POL-019,distractor,"En una foto aparece un bolso junto a esta prenda. ¿Cómo clasificarías únicamente la prenda entre vestido, polo, blusa y jeans, sin clasificar el bolso? Es una prenda superior casual de punto jersey de algodón, de la familia de las camisetas. Color: marfil. Detalles: Manga larga; cuello redondo; puños acanalados; corte regular.",polo,polo|polos|camiseta|camisetas|t-shirt,"CORRECTO si la respuesta identifica únicamente la categoría esperada o un sinónimo aceptado; INCORRECTO si elige otra categoría, mezcla categorías incompatibles o se abstiene. SIN_RESPUESTA si está vacía. Ignore mayúsculas, tildes y singular/plural. No penalice una explicación adicional coherente. No use el color ni la talla como criterio decisivo. Evidencia decisiva en este caso: Es una prenda superior casual de punto jersey de algodón, de la familia de las camisetas. El bolso no es el objeto de clasificación.",,,
JUEZ-330,BLU-013,etiqueta_incorrecta,"Una etiqueta automática posiblemente equivocada dice «jeans». ¿Qué categoría corresponde realmente según la descripción: vestido, polo, blusa o jeans? Es una prenda superior de vestir en tejido plano de popelina; no incorpora falda ni perneras. Color: terracota. Detalles: Manga corta abullonada; escote cuadrado; cuerpo entallado.",blusa,blusa|blusas|blouse,"CORRECTO si la respuesta identifica únicamente la categoría esperada o un sinónimo aceptado; INCORRECTO si elige otra categoría, mezcla categorías incompatibles o se abstiene. SIN_RESPUESTA si está vacía. Ignore mayúsculas, tildes y singular/plural. No penalice una explicación adicional coherente. No use el color ni la talla como criterio decisivo. Evidencia decisiva en este caso: Es una prenda superior de vestir en tejido plano de popelina; no incorpora falda ni perneras. La descripción prevalece sobre la etiqueta automática errónea.",,,
JUEZ-331,VES-001,directa,"¿A cuál de las categorías vestido, polo, blusa o jeans pertenece la prenda descrita? Es una pieza única que une el cuerpo superior con una falda integrada y cubre parte de las piernas. Color: verde esmeralda. Detalles: Sin mangas; escote redondo; cintura entallada; falda en línea A hasta la rodilla.",vestido,vestido|vestidos|dress,"CORRECTO si la respuesta identifica únicamente la categoría esperada o un sinónimo aceptado; INCORRECTO si elige otra categoría, mezcla categorías incompatibles o se abstiene. SIN_RESPUESTA si está vacía. Ignore mayúsculas, tildes y singular/plural. No penalice una explicación adicional coherente. No use el color ni la talla como criterio decisivo. Evidencia decisiva en este caso: Es una pieza única que une el cuerpo superior con una falda integrada y cubre parte de las piernas.",,,
JUEZ-332,POL-020,directa,"¿A cuál de las categorías vestido, polo, blusa o jeans pertenece la prenda descrita? Es una prenda superior casual de punto jersey de algodón, de la familia de las camisetas. Color: borgoña. Detalles: Manga larga; cuello redondo; puños acanalados; corte regular.",polo,polo|polos|camiseta|camisetas|t-shirt,"CORRECTO si la respuesta identifica únicamente la categoría esperada o un sinónimo aceptado; INCORRECTO si elige otra categoría, mezcla categorías incompatibles o se abstiene. SIN_RESPUESTA si está vacía. Ignore mayúsculas, tildes y singular/plural. No penalice una explicación adicional coherente. No use el color ni la talla como criterio decisivo. Evidencia decisiva en este caso: Es una prenda superior casual de punto jersey de algodón, de la familia de las camisetas.",,,
JUEZ-333,VES-012,etiqueta_incorrecta,"Una etiqueta automática posiblemente equivocada dice «jeans». ¿Qué categoría corresponde realmente según la descripción: vestido, polo, blusa o jeans? Es una pieza única que une el cuerpo superior con una falda integrada y cubre parte de las piernas. Color: azul marino. Detalles: Manga tres cuartos; escote en V; cierre cruzado con lazo lateral; largo midi.",vestido,vestido|vestidos|dress,"CORRECTO si la respuesta identifica únicamente la categoría esperada o un sinónimo aceptado; INCORRECTO si elige otra categoría, mezcla categorías incompatibles o se abstiene. SIN_RESPUESTA si está vacía. Ignore mayúsculas, tildes y singular/plural. No penalice una explicación adicional coherente. No use el color ni la talla como criterio decisivo. Evidencia decisiva en este caso: Es una pieza única que une el cuerpo superior con una falda integrada y cubre parte de las piernas. La descripción prevalece sobre la etiqueta automática errónea.",,,
JUEZ-334,BLU-009,coloquial,"¿Me ayudas a ubicar esta prenda en vestido, polo, blusa o jeans? Te cuento cómo es: Es una prenda superior de vestir en tejido plano de popelina; no incorpora falda ni perneras. Color: marfil. Detalles: Manga larga; lazo al cuello; silueta ligeramente holgada.",blusa,blusa|blusas|blouse,"CORRECTO si la respuesta identifica únicamente la categoría esperada o un sinónimo aceptado; INCORRECTO si elige otra categoría, mezcla categorías incompatibles o se abstiene. SIN_RESPUESTA si está vacía. Ignore mayúsculas, tildes y singular/plural. No penalice una explicación adicional coherente. No use el color ni la talla como criterio decisivo. Evidencia decisiva en este caso: Es una prenda superior de vestir en tejido plano de popelina; no incorpora falda ni perneras.",,,
JUEZ-335,JEA-006,directa,"¿A cuál de las categorías vestido, polo, blusa o jeans pertenece la prenda descrita? Es un pantalón confeccionado en denim, con dos perneras y bolsillos característicos. Color: azul índigo. Detalles: Tiro alto; pernera ajustada; cinco bolsillos; largo al tobillo.",jeans,jeans|jean|vaquero|vaqueros|pantalón vaquero|pantalón de mezclilla,"CORRECTO si la respuesta identifica únicamente la categoría esperada o un sinónimo aceptado; INCORRECTO si elige otra categoría, mezcla categorías incompatibles o se abstiene. SIN_RESPUESTA si está vacía. Ignore mayúsculas, tildes y singular/plural. No penalice una explicación adicional coherente. No use el color ni la talla como criterio decisivo. Evidencia decisiva en este caso: Es un pantalón confeccionado en denim, con dos perneras y bolsillos característicos.",,,
JUEZ-336,JEA-025,errores_ortograficos,"Que categoria coresponde a esta prendaa: vestido, polo, blusa o jeans Es un pantalon confeccionado en denim, con dos perneras y bolsillos caracteristicos. Color: gris. Detayes: Tiro medio; ajuste en muslo; campana desde la rodilla; largo completo.?",jeans,jeans|jean|vaquero|vaqueros|pantalón vaquero|pantalón de mezclilla,"CORRECTO si la respuesta identifica únicamente la categoría esperada o un sinónimo aceptado; INCORRECTO si elige otra categoría, mezcla categorías incompatibles o se abstiene. SIN_RESPUESTA si está vacía. Ignore mayúsculas, tildes y singular/plural. No penalice una explicación adicional coherente. No use el color ni la talla como criterio decisivo. Evidencia decisiva en este caso: Es un pantalón confeccionado en denim, con dos perneras y bolsillos característicos.",,,
JUEZ-337,JEA-017,directa,"¿A cuál de las categorías vestido, polo, blusa o jeans pertenece la prenda descrita? Es un pantalón confeccionado en denim, con dos perneras y bolsillos característicos. Color: azul medio. Detalles: Tiro alto; holgura en cadera; pernera que se estrecha al tobillo.",jeans,jeans|jean|vaquero|vaqueros|pantalón vaquero|pantalón de mezclilla,"CORRECTO si la respuesta identifica únicamente la categoría esperada o un sinónimo aceptado; INCORRECTO si elige otra categoría, mezcla categorías incompatibles o se abstiene. SIN_RESPUESTA si está vacía. Ignore mayúsculas, tildes y singular/plural. No penalice una explicación adicional coherente. No use el color ni la talla como criterio decisivo. Evidencia decisiva en este caso: Es un pantalón confeccionado en denim, con dos perneras y bolsillos característicos.",,,
JUEZ-338,BLU-018,directa,"¿A cuál de las categorías vestido, polo, blusa o jeans pertenece la prenda descrita? Es una prenda superior de vestir en tejido plano de popelina; no incorpora falda ni perneras. Color: terracota. Detalles: Sin mangas; escote redondo; cintura marcada; volante inferior.",blusa,blusa|blusas|blouse,"CORRECTO si la respuesta identifica únicamente la categoría esperada o un sinónimo aceptado; INCORRECTO si elige otra categoría, mezcla categorías incompatibles o se abstiene. SIN_RESPUESTA si está vacía. Ignore mayúsculas, tildes y singular/plural. No penalice una explicación adicional coherente. No use el color ni la talla como criterio decisivo. Evidencia decisiva en este caso: Es una prenda superior de vestir en tejido plano de popelina; no incorpora falda ni perneras.",,,
JUEZ-339,VES-023,directa,"¿A cuál de las categorías vestido, polo, blusa o jeans pertenece la prenda descrita? Es una pieza única que une el cuerpo superior con una falda integrada y cubre parte de las piernas. Color: terracota. Detalles: Manga corta; escote redondo; corte recto; largo sobre la rodilla.",vestido,vestido|vestidos|dress,"CORRECTO si la respuesta identifica únicamente la categoría esperada o un sinónimo aceptado; INCORRECTO si elige otra categoría, mezcla categorías incompatibles o se abstiene. SIN_RESPUESTA si está vacía. Ignore mayúsculas, tildes y singular/plural. No penalice una explicación adicional coherente. No use el color ni la talla como criterio decisivo. Evidencia decisiva en este caso: Es una pieza única que une el cuerpo superior con una falda integrada y cubre parte de las piernas.",,,
JUEZ-340,BLU-008,etiqueta_incorrecta,"Una etiqueta automática posiblemente equivocada dice «jeans». ¿Qué categoría corresponde realmente según la descripción: vestido, polo, blusa o jeans? Es una prenda superior de vestir en tejido plano de popelina; no incorpora falda ni perneras. Color: terracota. Detalles: Manga larga; lazo al cuello; silueta ligeramente holgada.",blusa,blusa|blusas|blouse,"CORRECTO si la respuesta identifica únicamente la categoría esperada o un sinónimo aceptado; INCORRECTO si elige otra categoría, mezcla categorías incompatibles o se abstiene. SIN_RESPUESTA si está vacía. Ignore mayúsculas, tildes y singular/plural. No penalice una explicación adicional coherente. No use el color ni la talla como criterio decisivo. Evidencia decisiva en este caso: Es una prenda superior de vestir en tejido plano de popelina; no incorpora falda ni perneras. La descripción prevalece sobre la etiqueta automática errónea.",,,
JUEZ-341,BLU-021,etiqueta_incorrecta,"Una etiqueta automática posiblemente equivocada dice «jeans». ¿Qué categoría corresponde realmente según la descripción: vestido, polo, blusa o jeans? Es una prenda superior de vestir en tejido plano de popelina; no incorpora falda ni perneras. Color: verde esmeralda. Detalles: Manga tres cuartos; escote en V; corte recto; sin botones.",blusa,blusa|blusas|blouse,"CORRECTO si la respuesta identifica únicamente la categoría esperada o un sinónimo aceptado; INCORRECTO si elige otra categoría, mezcla categorías incompatibles o se abstiene. SIN_RESPUESTA si está vacía. Ignore mayúsculas, tildes y singular/plural. No penalice una explicación adicional coherente. No use el color ni la talla como criterio decisivo. Evidencia decisiva en este caso: Es una prenda superior de vestir en tejido plano de popelina; no incorpora falda ni perneras. La descripción prevalece sobre la etiqueta automática errónea.",,,
JUEZ-342,VES-023,etiqueta_incorrecta,"Una etiqueta automática posiblemente equivocada dice «jeans». ¿Qué categoría corresponde realmente según la descripción: vestido, polo, blusa o jeans? Es una pieza única que une el cuerpo superior con una falda integrada y cubre parte de las piernas. Color: terracota. Detalles: Manga corta; escote redondo; corte recto; largo sobre la rodilla.",vestido,vestido|vestidos|dress,"CORRECTO si la respuesta identifica únicamente la categoría esperada o un sinónimo aceptado; INCORRECTO si elige otra categoría, mezcla categorías incompatibles o se abstiene. SIN_RESPUESTA si está vacía. Ignore mayúsculas, tildes y singular/plural. No penalice una explicación adicional coherente. No use el color ni la talla como criterio decisivo. Evidencia decisiva en este caso: Es una pieza única que une el cuerpo superior con una falda integrada y cubre parte de las piernas. La descripción prevalece sobre la etiqueta automática errónea.",,,
JUEZ-343,POL-003,distractor,"En una foto aparece un bolso junto a esta prenda. ¿Cómo clasificarías únicamente la prenda entre vestido, polo, blusa y jeans, sin clasificar el bolso? Es una prenda superior casual de punto jersey de algodón, de la familia de las camisetas. Color: terracota. Detalles: Manga corta; cuello redondo; corte regular; acabado liso.",polo,polo|polos|camiseta|camisetas|t-shirt,"CORRECTO si la respuesta identifica únicamente la categoría esperada o un sinónimo aceptado; INCORRECTO si elige otra categoría, mezcla categorías incompatibles o se abstiene. SIN_RESPUESTA si está vacía. Ignore mayúsculas, tildes y singular/plural. No penalice una explicación adicional coherente. No use el color ni la talla como criterio decisivo. Evidencia decisiva en este caso: Es una prenda superior casual de punto jersey de algodón, de la familia de las camisetas. El bolso no es el objeto de clasificación.",,,
JUEZ-344,VES-003,etiqueta_incorrecta,"Una etiqueta automática posiblemente equivocada dice «jeans». ¿Qué categoría corresponde realmente según la descripción: vestido, polo, blusa o jeans? Es una pieza única que une el cuerpo superior con una falda integrada y cubre parte de las piernas. Color: terracota. Detalles: Sin mangas; escote redondo; cintura entallada; falda en línea A hasta la rodilla.",vestido,vestido|vestidos|dress,"CORRECTO si la respuesta identifica únicamente la categoría esperada o un sinónimo aceptado; INCORRECTO si elige otra categoría, mezcla categorías incompatibles o se abstiene. SIN_RESPUESTA si está vacía. Ignore mayúsculas, tildes y singular/plural. No penalice una explicación adicional coherente. No use el color ni la talla como criterio decisivo. Evidencia decisiva en este caso: Es una pieza única que une el cuerpo superior con una falda integrada y cubre parte de las piernas. La descripción prevalece sobre la etiqueta automática errónea.",,,
JUEZ-345,POL-023,directa,"¿A cuál de las categorías vestido, polo, blusa o jeans pertenece la prenda descrita? Es una prenda superior casual de punto jersey de algodón, de la familia de las camisetas. Color: terracota. Detalles: Manga corta; cuello redondo; bolsillo de parche en el pecho.",polo,polo|polos|camiseta|camisetas|t-shirt,"CORRECTO si la respuesta identifica únicamente la categoría esperada o un sinónimo aceptado; INCORRECTO si elige otra categoría, mezcla categorías incompatibles o se abstiene. SIN_RESPUESTA si está vacía. Ignore mayúsculas, tildes y singular/plural. No penalice una explicación adicional coherente. No use el color ni la talla como criterio decisivo. Evidencia decisiva en este caso: Es una prenda superior casual de punto jersey de algodón, de la familia de las camisetas.",,,
JUEZ-346,BLU-001,directa,"¿A cuál de las categorías vestido, polo, blusa o jeans pertenece la prenda descrita? Es una prenda superior de vestir en tejido plano de popelina; no incorpora falda ni perneras. Color: verde esmeralda. Detalles: Manga larga; cuello camisero; botones frontales; puños abotonados.",blusa,blusa|blusas|blouse,"CORRECTO si la respuesta identifica únicamente la categoría esperada o un sinónimo aceptado; INCORRECTO si elige otra categoría, mezcla categorías incompatibles o se abstiene. SIN_RESPUESTA si está vacía. Ignore mayúsculas, tildes y singular/plural. No penalice una explicación adicional coherente. No use el color ni la talla como criterio decisivo. Evidencia decisiva en este caso: Es una prenda superior de vestir en tejido plano de popelina; no incorpora falda ni perneras.",,,
JUEZ-347,BLU-021,distractor,"En una foto aparece un bolso junto a esta prenda. ¿Cómo clasificarías únicamente la prenda entre vestido, polo, blusa y jeans, sin clasificar el bolso? Es una prenda superior de vestir en tejido plano de popelina; no incorpora falda ni perneras. Color: verde esmeralda. Detalles: Manga tres cuartos; escote en V; corte recto; sin botones.",blusa,blusa|blusas|blouse,"CORRECTO si la respuesta identifica únicamente la categoría esperada o un sinónimo aceptado; INCORRECTO si elige otra categoría, mezcla categorías incompatibles o se abstiene. SIN_RESPUESTA si está vacía. Ignore mayúsculas, tildes y singular/plural. No penalice una explicación adicional coherente. No use el color ni la talla como criterio decisivo. Evidencia decisiva en este caso: Es una prenda superior de vestir en tejido plano de popelina; no incorpora falda ni perneras. El bolso no es el objeto de clasificación.",,,
JUEZ-348,JEA-002,etiqueta_incorrecta,"Una etiqueta automática posiblemente equivocada dice «blusa». ¿Qué categoría corresponde realmente según la descripción: vestido, polo, blusa o jeans? Es un pantalón confeccionado en denim, con dos perneras y bolsillos característicos. Color: azul medio. Detalles: Tiro medio; pernera recta; cinco bolsillos; cierre frontal con botón y cremallera.",jeans,jeans|jean|vaquero|vaqueros|pantalón vaquero|pantalón de mezclilla,"CORRECTO si la respuesta identifica únicamente la categoría esperada o un sinónimo aceptado; INCORRECTO si elige otra categoría, mezcla categorías incompatibles o se abstiene. SIN_RESPUESTA si está vacía. Ignore mayúsculas, tildes y singular/plural. No penalice una explicación adicional coherente. No use el color ni la talla como criterio decisivo. Evidencia decisiva en este caso: Es un pantalón confeccionado en denim, con dos perneras y bolsillos característicos. La descripción prevalece sobre la etiqueta automática errónea.",,,
JUEZ-349,BLU-005,coloquial,"¿Me ayudas a ubicar esta prenda en vestido, polo, blusa o jeans? Te cuento cómo es: Es una prenda superior de vestir en tejido plano de popelina; no incorpora falda ni perneras. Color: borgoña. Detalles: Manga larga; cuello camisero; botones frontales; puños abotonados.",blusa,blusa|blusas|blouse,"CORRECTO si la respuesta identifica únicamente la categoría esperada o un sinónimo aceptado; INCORRECTO si elige otra categoría, mezcla categorías incompatibles o se abstiene. SIN_RESPUESTA si está vacía. Ignore mayúsculas, tildes y singular/plural. No penalice una explicación adicional coherente. No use el color ni la talla como criterio decisivo. Evidencia decisiva en este caso: Es una prenda superior de vestir en tejido plano de popelina; no incorpora falda ni perneras.",,,
JUEZ-350,VES-003,directa,"¿A cuál de las categorías vestido, polo, blusa o jeans pertenece la prenda descrita? Es una pieza única que une el cuerpo superior con una falda integrada y cubre parte de las piernas. Color: terracota. Detalles: Sin mangas; escote redondo; cintura entallada; falda en línea A hasta la rodilla.",vestido,vestido|vestidos|dress,"CORRECTO si la respuesta identifica únicamente la categoría esperada o un sinónimo aceptado; INCORRECTO si elige otra categoría, mezcla categorías incompatibles o se abstiene. SIN_RESPUESTA si está vacía. Ignore mayúsculas, tildes y singular/plural. No penalice una explicación adicional coherente. No use el color ni la talla como criterio decisivo. Evidencia decisiva en este caso: Es una pieza única que une el cuerpo superior con una falda integrada y cubre parte de las piernas.",,,
JUEZ-351,BLU-018,distractor,"En una foto aparece un bolso junto a esta prenda. ¿Cómo clasificarías únicamente la prenda entre vestido, polo, blusa y jeans, sin clasificar el bolso? Es una prenda superior de vestir en tejido plano de popelina; no incorpora falda ni perneras. Color: terracota. Detalles: Sin mangas; escote redondo; cintura marcada; volante inferior.",blusa,blusa|blusas|blouse,"CORRECTO si la respuesta identifica únicamente la categoría esperada o un sinónimo aceptado; INCORRECTO si elige otra categoría, mezcla categorías incompatibles o se abstiene. SIN_RESPUESTA si está vacía. Ignore mayúsculas, tildes y singular/plural. No penalice una explicación adicional coherente. No use el color ni la talla como criterio decisivo. Evidencia decisiva en este caso: Es una prenda superior de vestir en tejido plano de popelina; no incorpora falda ni perneras. El bolso no es el objeto de clasificación.",,,
JUEZ-352,POL-015,distractor,"En una foto aparece un bolso junto a esta prenda. ¿Cómo clasificarías únicamente la prenda entre vestido, polo, blusa y jeans, sin clasificar el bolso? Es una prenda superior casual de punto jersey de algodón, de la familia de las camisetas. Color: borgoña. Detalles: Manga corta amplia; hombros caídos; cuello redondo; corte holgado.",polo,polo|polos|camiseta|camisetas|t-shirt,"CORRECTO si la respuesta identifica únicamente la categoría esperada o un sinónimo aceptado; INCORRECTO si elige otra categoría, mezcla categorías incompatibles o se abstiene. SIN_RESPUESTA si está vacía. Ignore mayúsculas, tildes y singular/plural. No penalice una explicación adicional coherente. No use el color ni la talla como criterio decisivo. Evidencia decisiva en este caso: Es una prenda superior casual de punto jersey de algodón, de la familia de las camisetas. El bolso no es el objeto de clasificación.",,,
JUEZ-353,POL-011,coloquial,"¿Me ayudas a ubicar esta prenda en vestido, polo, blusa o jeans? Te cuento cómo es: Es una prenda superior casual de punto jersey de algodón, de la familia de las camisetas. Color: verde esmeralda. Detalles: Manga corta amplia; hombros caídos; cuello redondo; corte holgado.",polo,polo|polos|camiseta|camisetas|t-shirt,"CORRECTO si la respuesta identifica únicamente la categoría esperada o un sinónimo aceptado; INCORRECTO si elige otra categoría, mezcla categorías incompatibles o se abstiene. SIN_RESPUESTA si está vacía. Ignore mayúsculas, tildes y singular/plural. No penalice una explicación adicional coherente. No use el color ni la talla como criterio decisivo. Evidencia decisiva en este caso: Es una prenda superior casual de punto jersey de algodón, de la familia de las camisetas.",,,
JUEZ-354,BLU-002,errores_ortograficos,"Que categoria coresponde a esta prendaa: vestido, polo, blusa o jeans Es una prendaa superior de vestir en tejido plano de popelina; no incorpora falda ni perneras. Color: azul marino. Detayes: Manga larga; cuello camisero; botones frontales; punos abotonados.?",blusa,blusa|blusas|blouse,"CORRECTO si la respuesta identifica únicamente la categoría esperada o un sinónimo aceptado; INCORRECTO si elige otra categoría, mezcla categorías incompatibles o se abstiene. SIN_RESPUESTA si está vacía. Ignore mayúsculas, tildes y singular/plural. No penalice una explicación adicional coherente. No use el color ni la talla como criterio decisivo. Evidencia decisiva en este caso: Es una prenda superior de vestir en tejido plano de popelina; no incorpora falda ni perneras.",,,
JUEZ-355,POL-017,distractor,"En una foto aparece un bolso junto a esta prenda. ¿Cómo clasificarías únicamente la prenda entre vestido, polo, blusa y jeans, sin clasificar el bolso? Es una prenda superior casual de punto jersey de algodón, de la familia de las camisetas. Color: azul marino. Detalles: Manga larga; cuello redondo; puños acanalados; corte regular.",polo,polo|polos|camiseta|camisetas|t-shirt,"CORRECTO si la respuesta identifica únicamente la categoría esperada o un sinónimo aceptado; INCORRECTO si elige otra categoría, mezcla categorías incompatibles o se abstiene. SIN_RESPUESTA si está vacía. Ignore mayúsculas, tildes y singular/plural. No penalice una explicación adicional coherente. No use el color ni la talla como criterio decisivo. Evidencia decisiva en este caso: Es una prenda superior casual de punto jersey de algodón, de la familia de las camisetas. El bolso no es el objeto de clasificación.",,,
JUEZ-356,JEA-016,etiqueta_incorrecta,"Una etiqueta automática posiblemente equivocada dice «blusa». ¿Qué categoría corresponde realmente según la descripción: vestido, polo, blusa o jeans? Es un pantalón confeccionado en denim, con dos perneras y bolsillos característicos. Color: azul índigo. Detalles: Tiro alto; holgura en cadera; pernera que se estrecha al tobillo.",jeans,jeans|jean|vaquero|vaqueros|pantalón vaquero|pantalón de mezclilla,"CORRECTO si la respuesta identifica únicamente la categoría esperada o un sinónimo aceptado; INCORRECTO si elige otra categoría, mezcla categorías incompatibles o se abstiene. SIN_RESPUESTA si está vacía. Ignore mayúsculas, tildes y singular/plural. No penalice una explicación adicional coherente. No use el color ni la talla como criterio decisivo. Evidencia decisiva en este caso: Es un pantalón confeccionado en denim, con dos perneras y bolsillos característicos. La descripción prevalece sobre la etiqueta automática errónea.",,,
JUEZ-357,POL-019,etiqueta_incorrecta,"Una etiqueta automática posiblemente equivocada dice «vestido». ¿Qué categoría corresponde realmente según la descripción: vestido, polo, blusa o jeans? Es una prenda superior casual de punto jersey de algodón, de la familia de las camisetas. Color: marfil. Detalles: Manga larga; cuello redondo; puños acanalados; corte regular.",polo,polo|polos|camiseta|camisetas|t-shirt,"CORRECTO si la respuesta identifica únicamente la categoría esperada o un sinónimo aceptado; INCORRECTO si elige otra categoría, mezcla categorías incompatibles o se abstiene. SIN_RESPUESTA si está vacía. Ignore mayúsculas, tildes y singular/plural. No penalice una explicación adicional coherente. No use el color ni la talla como criterio decisivo. Evidencia decisiva en este caso: Es una prenda superior casual de punto jersey de algodón, de la familia de las camisetas. La descripción prevalece sobre la etiqueta automática errónea.",,,
JUEZ-358,BLU-022,etiqueta_incorrecta,"Una etiqueta automática posiblemente equivocada dice «jeans». ¿Qué categoría corresponde realmente según la descripción: vestido, polo, blusa o jeans? Es una prenda superior de vestir en tejido plano de popelina; no incorpora falda ni perneras. Color: azul marino. Detalles: Manga tres cuartos; escote en V; corte recto; sin botones.",blusa,blusa|blusas|blouse,"CORRECTO si la respuesta identifica únicamente la categoría esperada o un sinónimo aceptado; INCORRECTO si elige otra categoría, mezcla categorías incompatibles o se abstiene. SIN_RESPUESTA si está vacía. Ignore mayúsculas, tildes y singular/plural. No penalice una explicación adicional coherente. No use el color ni la talla como criterio decisivo. Evidencia decisiva en este caso: Es una prenda superior de vestir en tejido plano de popelina; no incorpora falda ni perneras. La descripción prevalece sobre la etiqueta automática errónea.",,,
JUEZ-359,POL-014,etiqueta_incorrecta,"Una etiqueta automática posiblemente equivocada dice «vestido». ¿Qué categoría corresponde realmente según la descripción: vestido, polo, blusa o jeans? Es una prenda superior casual de punto jersey de algodón, de la familia de las camisetas. Color: marfil. Detalles: Manga corta amplia; hombros caídos; cuello redondo; corte holgado.",polo,polo|polos|camiseta|camisetas|t-shirt,"CORRECTO si la respuesta identifica únicamente la categoría esperada o un sinónimo aceptado; INCORRECTO si elige otra categoría, mezcla categorías incompatibles o se abstiene. SIN_RESPUESTA si está vacía. Ignore mayúsculas, tildes y singular/plural. No penalice una explicación adicional coherente. No use el color ni la talla como criterio decisivo. Evidencia decisiva en este caso: Es una prenda superior casual de punto jersey de algodón, de la familia de las camisetas. La descripción prevalece sobre la etiqueta automática errónea.",,,
JUEZ-360,POL-002,errores_ortograficos,"Que categoria coresponde a esta prendaa: vestido, polo, blusa o jeans Es una prendaa superior casual de punto jersey de algodon, de la familia de las camisetas. Color: azul marino. Detayes: Manga corta; cuello redondo; corte regular; acabado liso.?",polo,polo|polos|camiseta|camisetas|t-shirt,"CORRECTO si la respuesta identifica únicamente la categoría esperada o un sinónimo aceptado; INCORRECTO si elige otra categoría, mezcla categorías incompatibles o se abstiene. SIN_RESPUESTA si está vacía. Ignore mayúsculas, tildes y singular/plural. No penalice una explicación adicional coherente. No use el color ni la talla como criterio decisivo. Evidencia decisiva en este caso: Es una prenda superior casual de punto jersey de algodón, de la familia de las camisetas.",,,
JUEZ-361,POL-016,coloquial,"¿Me ayudas a ubicar esta prenda en vestido, polo, blusa o jeans? Te cuento cómo es: Es una prenda superior casual de punto jersey de algodón, de la familia de las camisetas. Color: verde esmeralda. Detalles: Manga larga; cuello redondo; puños acanalados; corte regular.",polo,polo|polos|camiseta|camisetas|t-shirt,"CORRECTO si la respuesta identifica únicamente la categoría esperada o un sinónimo aceptado; INCORRECTO si elige otra categoría, mezcla categorías incompatibles o se abstiene. SIN_RESPUESTA si está vacía. Ignore mayúsculas, tildes y singular/plural. No penalice una explicación adicional coherente. No use el color ni la talla como criterio decisivo. Evidencia decisiva en este caso: Es una prenda superior casual de punto jersey de algodón, de la familia de las camisetas.",,,
JUEZ-362,JEA-025,directa,"¿A cuál de las categorías vestido, polo, blusa o jeans pertenece la prenda descrita? Es un pantalón confeccionado en denim, con dos perneras y bolsillos característicos. Color: gris. Detalles: Tiro medio; ajuste en muslo; campana desde la rodilla; largo completo.",jeans,jeans|jean|vaquero|vaqueros|pantalón vaquero|pantalón de mezclilla,"CORRECTO si la respuesta identifica únicamente la categoría esperada o un sinónimo aceptado; INCORRECTO si elige otra categoría, mezcla categorías incompatibles o se abstiene. SIN_RESPUESTA si está vacía. Ignore mayúsculas, tildes y singular/plural. No penalice una explicación adicional coherente. No use el color ni la talla como criterio decisivo. Evidencia decisiva en este caso: Es un pantalón confeccionado en denim, con dos perneras y bolsillos característicos.",,,
JUEZ-363,VES-018,etiqueta_incorrecta,"Una etiqueta automática posiblemente equivocada dice «jeans». ¿Qué categoría corresponde realmente según la descripción: vestido, polo, blusa o jeans? Es una pieza única que une el cuerpo superior con una falda integrada y cubre parte de las piernas. Color: terracota. Detalles: Tirantes anchos; escote cuadrado; falda larga y amplia.",vestido,vestido|vestidos|dress,"CORRECTO si la respuesta identifica únicamente la categoría esperada o un sinónimo aceptado; INCORRECTO si elige otra categoría, mezcla categorías incompatibles o se abstiene. SIN_RESPUESTA si está vacía. Ignore mayúsculas, tildes y singular/plural. No penalice una explicación adicional coherente. No use el color ni la talla como criterio decisivo. Evidencia decisiva en este caso: Es una pieza única que une el cuerpo superior con una falda integrada y cubre parte de las piernas. La descripción prevalece sobre la etiqueta automática errónea.",,,
JUEZ-364,BLU-007,errores_ortograficos,"Que categoria coresponde a esta prendaa: vestido, polo, blusa o jeans Es una prendaa superior de vestir en tejido plano de popelina; no incorpora falda ni perneras. Color: azul marino. Detayes: Manga larga; lazo al cuello; silueta ligeramente holgada.?",blusa,blusa|blusas|blouse,"CORRECTO si la respuesta identifica únicamente la categoría esperada o un sinónimo aceptado; INCORRECTO si elige otra categoría, mezcla categorías incompatibles o se abstiene. SIN_RESPUESTA si está vacía. Ignore mayúsculas, tildes y singular/plural. No penalice una explicación adicional coherente. No use el color ni la talla como criterio decisivo. Evidencia decisiva en este caso: Es una prenda superior de vestir en tejido plano de popelina; no incorpora falda ni perneras.",,,
JUEZ-365,BLU-024,directa,"¿A cuál de las categorías vestido, polo, blusa o jeans pertenece la prenda descrita? Es una prenda superior de vestir en tejido plano de popelina; no incorpora falda ni perneras. Color: marfil. Detalles: Manga tres cuartos; escote en V; corte recto; sin botones.",blusa,blusa|blusas|blouse,"CORRECTO si la respuesta identifica únicamente la categoría esperada o un sinónimo aceptado; INCORRECTO si elige otra categoría, mezcla categorías incompatibles o se abstiene. SIN_RESPUESTA si está vacía. Ignore mayúsculas, tildes y singular/plural. No penalice una explicación adicional coherente. No use el color ni la talla como criterio decisivo. Evidencia decisiva en este caso: Es una prenda superior de vestir en tejido plano de popelina; no incorpora falda ni perneras.",,,
JUEZ-366,BLU-014,distractor,"En una foto aparece un bolso junto a esta prenda. ¿Cómo clasificarías únicamente la prenda entre vestido, polo, blusa y jeans, sin clasificar el bolso? Es una prenda superior de vestir en tejido plano de popelina; no incorpora falda ni perneras. Color: marfil. Detalles: Manga corta abullonada; escote cuadrado; cuerpo entallado.",blusa,blusa|blusas|blouse,"CORRECTO si la respuesta identifica únicamente la categoría esperada o un sinónimo aceptado; INCORRECTO si elige otra categoría, mezcla categorías incompatibles o se abstiene. SIN_RESPUESTA si está vacía. Ignore mayúsculas, tildes y singular/plural. No penalice una explicación adicional coherente. No use el color ni la talla como criterio decisivo. Evidencia decisiva en este caso: Es una prenda superior de vestir en tejido plano de popelina; no incorpora falda ni perneras. El bolso no es el objeto de clasificación.",,,
JUEZ-367,VES-018,coloquial,"¿Me ayudas a ubicar esta prenda en vestido, polo, blusa o jeans? Te cuento cómo es: Es una pieza única que une el cuerpo superior con una falda integrada y cubre parte de las piernas. Color: terracota. Detalles: Tirantes anchos; escote cuadrado; falda larga y amplia.",vestido,vestido|vestidos|dress,"CORRECTO si la respuesta identifica únicamente la categoría esperada o un sinónimo aceptado; INCORRECTO si elige otra categoría, mezcla categorías incompatibles o se abstiene. SIN_RESPUESTA si está vacía. Ignore mayúsculas, tildes y singular/plural. No penalice una explicación adicional coherente. No use el color ni la talla como criterio decisivo. Evidencia decisiva en este caso: Es una pieza única que une el cuerpo superior con una falda integrada y cubre parte de las piernas.",,,
JUEZ-368,POL-020,etiqueta_incorrecta,"Una etiqueta automática posiblemente equivocada dice «vestido». ¿Qué categoría corresponde realmente según la descripción: vestido, polo, blusa o jeans? Es una prenda superior casual de punto jersey de algodón, de la familia de las camisetas. Color: borgoña. Detalles: Manga larga; cuello redondo; puños acanalados; corte regular.",polo,polo|polos|camiseta|camisetas|t-shirt,"CORRECTO si la respuesta identifica únicamente la categoría esperada o un sinónimo aceptado; INCORRECTO si elige otra categoría, mezcla categorías incompatibles o se abstiene. SIN_RESPUESTA si está vacía. Ignore mayúsculas, tildes y singular/plural. No penalice una explicación adicional coherente. No use el color ni la talla como criterio decisivo. Evidencia decisiva en este caso: Es una prenda superior casual de punto jersey de algodón, de la familia de las camisetas. La descripción prevalece sobre la etiqueta automática errónea.",,,
JUEZ-369,POL-015,etiqueta_incorrecta,"Una etiqueta automática posiblemente equivocada dice «vestido». ¿Qué categoría corresponde realmente según la descripción: vestido, polo, blusa o jeans? Es una prenda superior casual de punto jersey de algodón, de la familia de las camisetas. Color: borgoña. Detalles: Manga corta amplia; hombros caídos; cuello redondo; corte holgado.",polo,polo|polos|camiseta|camisetas|t-shirt,"CORRECTO si la respuesta identifica únicamente la categoría esperada o un sinónimo aceptado; INCORRECTO si elige otra categoría, mezcla categorías incompatibles o se abstiene. SIN_RESPUESTA si está vacía. Ignore mayúsculas, tildes y singular/plural. No penalice una explicación adicional coherente. No use el color ni la talla como criterio decisivo. Evidencia decisiva en este caso: Es una prenda superior casual de punto jersey de algodón, de la familia de las camisetas. La descripción prevalece sobre la etiqueta automática errónea.",,,
JUEZ-370,JEA-003,errores_ortograficos,"Que categoria coresponde a esta prendaa: vestido, polo, blusa o jeans Es un pantalon confeccionado en denim, con dos perneras y bolsillos caracteristicos. Color: azul claro. Detayes: Tiro medio; pernera recta; cinco bolsillos; cierre frontal con boton y cremallera.?",jeans,jeans|jean|vaquero|vaqueros|pantalón vaquero|pantalón de mezclilla,"CORRECTO si la respuesta identifica únicamente la categoría esperada o un sinónimo aceptado; INCORRECTO si elige otra categoría, mezcla categorías incompatibles o se abstiene. SIN_RESPUESTA si está vacía. Ignore mayúsculas, tildes y singular/plural. No penalice una explicación adicional coherente. No use el color ni la talla como criterio decisivo. Evidencia decisiva en este caso: Es un pantalón confeccionado en denim, con dos perneras y bolsillos característicos.",,,
JUEZ-371,POL-006,coloquial,"¿Me ayudas a ubicar esta prenda en vestido, polo, blusa o jeans? Te cuento cómo es: Es una prenda superior casual de punto jersey de algodón, de la familia de las camisetas. Color: verde esmeralda. Detalles: Manga corta; escote en V; corte regular; acabado liso.",polo,polo|polos|camiseta|camisetas|t-shirt,"CORRECTO si la respuesta identifica únicamente la categoría esperada o un sinónimo aceptado; INCORRECTO si elige otra categoría, mezcla categorías incompatibles o se abstiene. SIN_RESPUESTA si está vacía. Ignore mayúsculas, tildes y singular/plural. No penalice una explicación adicional coherente. No use el color ni la talla como criterio decisivo. Evidencia decisiva en este caso: Es una prenda superior casual de punto jersey de algodón, de la familia de las camisetas.",,,
JUEZ-372,POL-023,etiqueta_incorrecta,"Una etiqueta automática posiblemente equivocada dice «vestido». ¿Qué categoría corresponde realmente según la descripción: vestido, polo, blusa o jeans? Es una prenda superior casual de punto jersey de algodón, de la familia de las camisetas. Color: terracota. Detalles: Manga corta; cuello redondo; bolsillo de parche en el pecho.",polo,polo|polos|camiseta|camisetas|t-shirt,"CORRECTO si la respuesta identifica únicamente la categoría esperada o un sinónimo aceptado; INCORRECTO si elige otra categoría, mezcla categorías incompatibles o se abstiene. SIN_RESPUESTA si está vacía. Ignore mayúsculas, tildes y singular/plural. No penalice una explicación adicional coherente. No use el color ni la talla como criterio decisivo. Evidencia decisiva en este caso: Es una prenda superior casual de punto jersey de algodón, de la familia de las camisetas. La descripción prevalece sobre la etiqueta automática errónea.",,,
JUEZ-373,POL-016,errores_ortograficos,"Que categoria coresponde a esta prendaa: vestido, polo, blusa o jeans Es una prendaa superior casual de punto jersey de algodon, de la familia de las camisetas. Color: verde esmeralda. Detayes: Manga larga; cuello redondo; punos acanalados; corte regular.?",polo,polo|polos|camiseta|camisetas|t-shirt,"CORRECTO si la respuesta identifica únicamente la categoría esperada o un sinónimo aceptado; INCORRECTO si elige otra categoría, mezcla categorías incompatibles o se abstiene. SIN_RESPUESTA si está vacía. Ignore mayúsculas, tildes y singular/plural. No penalice una explicación adicional coherente. No use el color ni la talla como criterio decisivo. Evidencia decisiva en este caso: Es una prenda superior casual de punto jersey de algodón, de la familia de las camisetas.",,,
JUEZ-374,POL-009,errores_ortograficos,"Que categoria coresponde a esta prendaa: vestido, polo, blusa o jeans Es una prendaa superior casual de punto jersey de algodon, de la familia de las camisetas. Color: marfil. Detayes: Manga corta; escote en V; corte regular; acabado liso.?",polo,polo|polos|camiseta|camisetas|t-shirt,"CORRECTO si la respuesta identifica únicamente la categoría esperada o un sinónimo aceptado; INCORRECTO si elige otra categoría, mezcla categorías incompatibles o se abstiene. SIN_RESPUESTA si está vacía. Ignore mayúsculas, tildes y singular/plural. No penalice una explicación adicional coherente. No use el color ni la talla como criterio decisivo. Evidencia decisiva en este caso: Es una prenda superior casual de punto jersey de algodón, de la familia de las camisetas.",,,
JUEZ-375,VES-011,errores_ortograficos,"Que categoria coresponde a esta prendaa: vestido, polo, blusa o jeans Es una pieza unica que une el cuerpo superior con una falda integrada y cubre parte de las piernas. Color: verde esmeralda. Detayes: Manga tres cuartos; escote en V; cierre cruzado con lazo lateral; largo midi.?",vestido,vestido|vestidos|dress,"CORRECTO si la respuesta identifica únicamente la categoría esperada o un sinónimo aceptado; INCORRECTO si elige otra categoría, mezcla categorías incompatibles o se abstiene. SIN_RESPUESTA si está vacía. Ignore mayúsculas, tildes y singular/plural. No penalice una explicación adicional coherente. No use el color ni la talla como criterio decisivo. Evidencia decisiva en este caso: Es una pieza única que une el cuerpo superior con una falda integrada y cubre parte de las piernas.",,,
JUEZ-376,JEA-024,errores_ortograficos,"Que categoria coresponde a esta prendaa: vestido, polo, blusa o jeans Es un pantalon confeccionado en denim, con dos perneras y bolsillos caracteristicos. Color: negro. Detayes: Tiro medio; ajuste en muslo; campana desde la rodilla; largo completo.?",jeans,jeans|jean|vaquero|vaqueros|pantalón vaquero|pantalón de mezclilla,"CORRECTO si la respuesta identifica únicamente la categoría esperada o un sinónimo aceptado; INCORRECTO si elige otra categoría, mezcla categorías incompatibles o se abstiene. SIN_RESPUESTA si está vacía. Ignore mayúsculas, tildes y singular/plural. No penalice una explicación adicional coherente. No use el color ni la talla como criterio decisivo. Evidencia decisiva en este caso: Es un pantalón confeccionado en denim, con dos perneras y bolsillos característicos.",,,
JUEZ-377,VES-015,etiqueta_incorrecta,"Una etiqueta automática posiblemente equivocada dice «jeans». ¿Qué categoría corresponde realmente según la descripción: vestido, polo, blusa o jeans? Es una pieza única que une el cuerpo superior con una falda integrada y cubre parte de las piernas. Color: borgoña. Detalles: Manga tres cuartos; escote en V; cierre cruzado con lazo lateral; largo midi.",vestido,vestido|vestidos|dress,"CORRECTO si la respuesta identifica únicamente la categoría esperada o un sinónimo aceptado; INCORRECTO si elige otra categoría, mezcla categorías incompatibles o se abstiene. SIN_RESPUESTA si está vacía. Ignore mayúsculas, tildes y singular/plural. No penalice una explicación adicional coherente. No use el color ni la talla como criterio decisivo. Evidencia decisiva en este caso: Es una pieza única que une el cuerpo superior con una falda integrada y cubre parte de las piernas. La descripción prevalece sobre la etiqueta automática errónea.",,,
JUEZ-378,BLU-001,etiqueta_incorrecta,"Una etiqueta automática posiblemente equivocada dice «jeans». ¿Qué categoría corresponde realmente según la descripción: vestido, polo, blusa o jeans? Es una prenda superior de vestir en tejido plano de popelina; no incorpora falda ni perneras. Color: verde esmeralda. Detalles: Manga larga; cuello camisero; botones frontales; puños abotonados.",blusa,blusa|blusas|blouse,"CORRECTO si la respuesta identifica únicamente la categoría esperada o un sinónimo aceptado; INCORRECTO si elige otra categoría, mezcla categorías incompatibles o se abstiene. SIN_RESPUESTA si está vacía. Ignore mayúsculas, tildes y singular/plural. No penalice una explicación adicional coherente. No use el color ni la talla como criterio decisivo. Evidencia decisiva en este caso: Es una prenda superior de vestir en tejido plano de popelina; no incorpora falda ni perneras. La descripción prevalece sobre la etiqueta automática errónea.",,,
JUEZ-379,JEA-015,errores_ortograficos,"Que categoria coresponde a esta prendaa: vestido, polo, blusa o jeans Es un pantalon confeccionado en denim, con dos perneras y bolsillos caracteristicos. Color: gris. Detayes: Tiro alto; pernera ancha desde la cadera; cinco bolsillos.?",jeans,jeans|jean|vaquero|vaqueros|pantalón vaquero|pantalón de mezclilla,"CORRECTO si la respuesta identifica únicamente la categoría esperada o un sinónimo aceptado; INCORRECTO si elige otra categoría, mezcla categorías incompatibles o se abstiene. SIN_RESPUESTA si está vacía. Ignore mayúsculas, tildes y singular/plural. No penalice una explicación adicional coherente. No use el color ni la talla como criterio decisivo. Evidencia decisiva en este caso: Es un pantalón confeccionado en denim, con dos perneras y bolsillos característicos.",,,
JUEZ-380,BLU-003,coloquial,"¿Me ayudas a ubicar esta prenda en vestido, polo, blusa o jeans? Te cuento cómo es: Es una prenda superior de vestir en tejido plano de popelina; no incorpora falda ni perneras. Color: terracota. Detalles: Manga larga; cuello camisero; botones frontales; puños abotonados.",blusa,blusa|blusas|blouse,"CORRECTO si la respuesta identifica únicamente la categoría esperada o un sinónimo aceptado; INCORRECTO si elige otra categoría, mezcla categorías incompatibles o se abstiene. SIN_RESPUESTA si está vacía. Ignore mayúsculas, tildes y singular/plural. No penalice una explicación adicional coherente. No use el color ni la talla como criterio decisivo. Evidencia decisiva en este caso: Es una prenda superior de vestir en tejido plano de popelina; no incorpora falda ni perneras.",,,
JUEZ-381,VES-006,etiqueta_incorrecta,"Una etiqueta automática posiblemente equivocada dice «jeans». ¿Qué categoría corresponde realmente según la descripción: vestido, polo, blusa o jeans? Es una pieza única que une el cuerpo superior con una falda integrada y cubre parte de las piernas. Color: verde esmeralda. Detalles: Manga corta; cuello camisero; botones frontales; cinturón; largo midi.",vestido,vestido|vestidos|dress,"CORRECTO si la respuesta identifica únicamente la categoría esperada o un sinónimo aceptado; INCORRECTO si elige otra categoría, mezcla categorías incompatibles o se abstiene. SIN_RESPUESTA si está vacía. Ignore mayúsculas, tildes y singular/plural. No penalice una explicación adicional coherente. No use el color ni la talla como criterio decisivo. Evidencia decisiva en este caso: Es una pieza única que une el cuerpo superior con una falda integrada y cubre parte de las piernas. La descripción prevalece sobre la etiqueta automática errónea.",,,
JUEZ-382,POL-001,errores_ortograficos,"Que categoria coresponde a esta prendaa: vestido, polo, blusa o jeans Es una prendaa superior casual de punto jersey de algodon, de la familia de las camisetas. Color: verde esmeralda. Detayes: Manga corta; cuello redondo; corte regular; acabado liso.?",polo,polo|polos|camiseta|camisetas|t-shirt,"CORRECTO si la respuesta identifica únicamente la categoría esperada o un sinónimo aceptado; INCORRECTO si elige otra categoría, mezcla categorías incompatibles o se abstiene. SIN_RESPUESTA si está vacía. Ignore mayúsculas, tildes y singular/plural. No penalice una explicación adicional coherente. No use el color ni la talla como criterio decisivo. Evidencia decisiva en este caso: Es una prenda superior casual de punto jersey de algodón, de la familia de las camisetas.",,,
JUEZ-383,JEA-016,errores_ortograficos,"Que categoria coresponde a esta prendaa: vestido, polo, blusa o jeans Es un pantalon confeccionado en denim, con dos perneras y bolsillos caracteristicos. Color: azul indigo. Detayes: Tiro alto; holgura en cadera; pernera que se estrecha al tobillo.?",jeans,jeans|jean|vaquero|vaqueros|pantalón vaquero|pantalón de mezclilla,"CORRECTO si la respuesta identifica únicamente la categoría esperada o un sinónimo aceptado; INCORRECTO si elige otra categoría, mezcla categorías incompatibles o se abstiene. SIN_RESPUESTA si está vacía. Ignore mayúsculas, tildes y singular/plural. No penalice una explicación adicional coherente. No use el color ni la talla como criterio decisivo. Evidencia decisiva en este caso: Es un pantalón confeccionado en denim, con dos perneras y bolsillos característicos.",,,
JUEZ-384,VES-007,coloquial,"¿Me ayudas a ubicar esta prenda en vestido, polo, blusa o jeans? Te cuento cómo es: Es una pieza única que une el cuerpo superior con una falda integrada y cubre parte de las piernas. Color: azul marino. Detalles: Manga corta; cuello camisero; botones frontales; cinturón; largo midi.",vestido,vestido|vestidos|dress,"CORRECTO si la respuesta identifica únicamente la categoría esperada o un sinónimo aceptado; INCORRECTO si elige otra categoría, mezcla categorías incompatibles o se abstiene. SIN_RESPUESTA si está vacía. Ignore mayúsculas, tildes y singular/plural. No penalice una explicación adicional coherente. No use el color ni la talla como criterio decisivo. Evidencia decisiva en este caso: Es una pieza única que une el cuerpo superior con una falda integrada y cubre parte de las piernas.",,,
JUEZ-385,BLU-024,coloquial,"¿Me ayudas a ubicar esta prenda en vestido, polo, blusa o jeans? Te cuento cómo es: Es una prenda superior de vestir en tejido plano de popelina; no incorpora falda ni perneras. Color: marfil. Detalles: Manga tres cuartos; escote en V; corte recto; sin botones.",blusa,blusa|blusas|blouse,"CORRECTO si la respuesta identifica únicamente la categoría esperada o un sinónimo aceptado; INCORRECTO si elige otra categoría, mezcla categorías incompatibles o se abstiene. SIN_RESPUESTA si está vacía. Ignore mayúsculas, tildes y singular/plural. No penalice una explicación adicional coherente. No use el color ni la talla como criterio decisivo. Evidencia decisiva en este caso: Es una prenda superior de vestir en tejido plano de popelina; no incorpora falda ni perneras.",,,
JUEZ-386,BLU-006,directa,"¿A cuál de las categorías vestido, polo, blusa o jeans pertenece la prenda descrita? Es una prenda superior de vestir en tejido plano de popelina; no incorpora falda ni perneras. Color: verde esmeralda. Detalles: Manga larga; lazo al cuello; silueta ligeramente holgada.",blusa,blusa|blusas|blouse,"CORRECTO si la respuesta identifica únicamente la categoría esperada o un sinónimo aceptado; INCORRECTO si elige otra categoría, mezcla categorías incompatibles o se abstiene. SIN_RESPUESTA si está vacía. Ignore mayúsculas, tildes y singular/plural. No penalice una explicación adicional coherente. No use el color ni la talla como criterio decisivo. Evidencia decisiva en este caso: Es una prenda superior de vestir en tejido plano de popelina; no incorpora falda ni perneras.",,,
JUEZ-387,BLU-022,errores_ortograficos,"Que categoria coresponde a esta prendaa: vestido, polo, blusa o jeans Es una prendaa superior de vestir en tejido plano de popelina; no incorpora falda ni perneras. Color: azul marino. Detayes: Manga tres cuartos; escote en V; corte recto; sin botones.?",blusa,blusa|blusas|blouse,"CORRECTO si la respuesta identifica únicamente la categoría esperada o un sinónimo aceptado; INCORRECTO si elige otra categoría, mezcla categorías incompatibles o se abstiene. SIN_RESPUESTA si está vacía. Ignore mayúsculas, tildes y singular/plural. No penalice una explicación adicional coherente. No use el color ni la talla como criterio decisivo. Evidencia decisiva en este caso: Es una prenda superior de vestir en tejido plano de popelina; no incorpora falda ni perneras.",,,
JUEZ-388,VES-004,etiqueta_incorrecta,"Una etiqueta automática posiblemente equivocada dice «jeans». ¿Qué categoría corresponde realmente según la descripción: vestido, polo, blusa o jeans? Es una pieza única que une el cuerpo superior con una falda integrada y cubre parte de las piernas. Color: marfil. Detalles: Sin mangas; escote redondo; cintura entallada; falda en línea A hasta la rodilla.",vestido,vestido|vestidos|dress,"CORRECTO si la respuesta identifica únicamente la categoría esperada o un sinónimo aceptado; INCORRECTO si elige otra categoría, mezcla categorías incompatibles o se abstiene. SIN_RESPUESTA si está vacía. Ignore mayúsculas, tildes y singular/plural. No penalice una explicación adicional coherente. No use el color ni la talla como criterio decisivo. Evidencia decisiva en este caso: Es una pieza única que une el cuerpo superior con una falda integrada y cubre parte de las piernas. La descripción prevalece sobre la etiqueta automática errónea.",,,
JUEZ-389,VES-014,etiqueta_incorrecta,"Una etiqueta automática posiblemente equivocada dice «jeans». ¿Qué categoría corresponde realmente según la descripción: vestido, polo, blusa o jeans? Es una pieza única que une el cuerpo superior con una falda integrada y cubre parte de las piernas. Color: marfil. Detalles: Manga tres cuartos; escote en V; cierre cruzado con lazo lateral; largo midi.",vestido,vestido|vestidos|dress,"CORRECTO si la respuesta identifica únicamente la categoría esperada o un sinónimo aceptado; INCORRECTO si elige otra categoría, mezcla categorías incompatibles o se abstiene. SIN_RESPUESTA si está vacía. Ignore mayúsculas, tildes y singular/plural. No penalice una explicación adicional coherente. No use el color ni la talla como criterio decisivo. Evidencia decisiva en este caso: Es una pieza única que une el cuerpo superior con una falda integrada y cubre parte de las piernas. La descripción prevalece sobre la etiqueta automática errónea.",,,
JUEZ-390,JEA-018,distractor,"En una foto aparece un bolso junto a esta prenda. ¿Cómo clasificarías únicamente la prenda entre vestido, polo, blusa y jeans, sin clasificar el bolso? Es un pantalón confeccionado en denim, con dos perneras y bolsillos característicos. Color: azul claro. Detalles: Tiro alto; holgura en cadera; pernera que se estrecha al tobillo.",jeans,jeans|jean|vaquero|vaqueros|pantalón vaquero|pantalón de mezclilla,"CORRECTO si la respuesta identifica únicamente la categoría esperada o un sinónimo aceptado; INCORRECTO si elige otra categoría, mezcla categorías incompatibles o se abstiene. SIN_RESPUESTA si está vacía. Ignore mayúsculas, tildes y singular/plural. No penalice una explicación adicional coherente. No use el color ni la talla como criterio decisivo. Evidencia decisiva en este caso: Es un pantalón confeccionado en denim, con dos perneras y bolsillos característicos. El bolso no es el objeto de clasificación.",,,
JUEZ-391,VES-008,etiqueta_incorrecta,"Una etiqueta automática posiblemente equivocada dice «jeans». ¿Qué categoría corresponde realmente según la descripción: vestido, polo, blusa o jeans? Es una pieza única que une el cuerpo superior con una falda integrada y cubre parte de las piernas. Color: terracota. Detalles: Manga corta; cuello camisero; botones frontales; cinturón; largo midi.",vestido,vestido|vestidos|dress,"CORRECTO si la respuesta identifica únicamente la categoría esperada o un sinónimo aceptado; INCORRECTO si elige otra categoría, mezcla categorías incompatibles o se abstiene. SIN_RESPUESTA si está vacía. Ignore mayúsculas, tildes y singular/plural. No penalice una explicación adicional coherente. No use el color ni la talla como criterio decisivo. Evidencia decisiva en este caso: Es una pieza única que une el cuerpo superior con una falda integrada y cubre parte de las piernas. La descripción prevalece sobre la etiqueta automática errónea.",,,
JUEZ-392,BLU-016,directa,"¿A cuál de las categorías vestido, polo, blusa o jeans pertenece la prenda descrita? Es una prenda superior de vestir en tejido plano de popelina; no incorpora falda ni perneras. Color: verde esmeralda. Detalles: Sin mangas; escote redondo; cintura marcada; volante inferior.",blusa,blusa|blusas|blouse,"CORRECTO si la respuesta identifica únicamente la categoría esperada o un sinónimo aceptado; INCORRECTO si elige otra categoría, mezcla categorías incompatibles o se abstiene. SIN_RESPUESTA si está vacía. Ignore mayúsculas, tildes y singular/plural. No penalice una explicación adicional coherente. No use el color ni la talla como criterio decisivo. Evidencia decisiva en este caso: Es una prenda superior de vestir en tejido plano de popelina; no incorpora falda ni perneras.",,,
JUEZ-393,VES-014,distractor,"En una foto aparece un bolso junto a esta prenda. ¿Cómo clasificarías únicamente la prenda entre vestido, polo, blusa y jeans, sin clasificar el bolso? Es una pieza única que une el cuerpo superior con una falda integrada y cubre parte de las piernas. Color: marfil. Detalles: Manga tres cuartos; escote en V; cierre cruzado con lazo lateral; largo midi.",vestido,vestido|vestidos|dress,"CORRECTO si la respuesta identifica únicamente la categoría esperada o un sinónimo aceptado; INCORRECTO si elige otra categoría, mezcla categorías incompatibles o se abstiene. SIN_RESPUESTA si está vacía. Ignore mayúsculas, tildes y singular/plural. No penalice una explicación adicional coherente. No use el color ni la talla como criterio decisivo. Evidencia decisiva en este caso: Es una pieza única que une el cuerpo superior con una falda integrada y cubre parte de las piernas. El bolso no es el objeto de clasificación.",,,
JUEZ-394,VES-007,errores_ortograficos,"Que categoria coresponde a esta prendaa: vestido, polo, blusa o jeans Es una pieza unica que une el cuerpo superior con una falda integrada y cubre parte de las piernas. Color: azul marino. Detayes: Manga corta; cuello camisero; botones frontales; cinturon; largo midi.?",vestido,vestido|vestidos|dress,"CORRECTO si la respuesta identifica únicamente la categoría esperada o un sinónimo aceptado; INCORRECTO si elige otra categoría, mezcla categorías incompatibles o se abstiene. SIN_RESPUESTA si está vacía. Ignore mayúsculas, tildes y singular/plural. No penalice una explicación adicional coherente. No use el color ni la talla como criterio decisivo. Evidencia decisiva en este caso: Es una pieza única que une el cuerpo superior con una falda integrada y cubre parte de las piernas.",,,
JUEZ-395,JEA-010,coloquial,"¿Me ayudas a ubicar esta prenda en vestido, polo, blusa o jeans? Te cuento cómo es: Es un pantalón confeccionado en denim, con dos perneras y bolsillos característicos. Color: gris. Detalles: Tiro alto; pernera ajustada; cinco bolsillos; largo al tobillo.",jeans,jeans|jean|vaquero|vaqueros|pantalón vaquero|pantalón de mezclilla,"CORRECTO si la respuesta identifica únicamente la categoría esperada o un sinónimo aceptado; INCORRECTO si elige otra categoría, mezcla categorías incompatibles o se abstiene. SIN_RESPUESTA si está vacía. Ignore mayúsculas, tildes y singular/plural. No penalice una explicación adicional coherente. No use el color ni la talla como criterio decisivo. Evidencia decisiva en este caso: Es un pantalón confeccionado en denim, con dos perneras y bolsillos característicos.",,,
JUEZ-396,JEA-014,distractor,"En una foto aparece un bolso junto a esta prenda. ¿Cómo clasificarías únicamente la prenda entre vestido, polo, blusa y jeans, sin clasificar el bolso? Es un pantalón confeccionado en denim, con dos perneras y bolsillos característicos. Color: negro. Detalles: Tiro alto; pernera ancha desde la cadera; cinco bolsillos.",jeans,jeans|jean|vaquero|vaqueros|pantalón vaquero|pantalón de mezclilla,"CORRECTO si la respuesta identifica únicamente la categoría esperada o un sinónimo aceptado; INCORRECTO si elige otra categoría, mezcla categorías incompatibles o se abstiene. SIN_RESPUESTA si está vacía. Ignore mayúsculas, tildes y singular/plural. No penalice una explicación adicional coherente. No use el color ni la talla como criterio decisivo. Evidencia decisiva en este caso: Es un pantalón confeccionado en denim, con dos perneras y bolsillos característicos. El bolso no es el objeto de clasificación.",,,
JUEZ-397,BLU-016,etiqueta_incorrecta,"Una etiqueta automática posiblemente equivocada dice «jeans». ¿Qué categoría corresponde realmente según la descripción: vestido, polo, blusa o jeans? Es una prenda superior de vestir en tejido plano de popelina; no incorpora falda ni perneras. Color: verde esmeralda. Detalles: Sin mangas; escote redondo; cintura marcada; volante inferior.",blusa,blusa|blusas|blouse,"CORRECTO si la respuesta identifica únicamente la categoría esperada o un sinónimo aceptado; INCORRECTO si elige otra categoría, mezcla categorías incompatibles o se abstiene. SIN_RESPUESTA si está vacía. Ignore mayúsculas, tildes y singular/plural. No penalice una explicación adicional coherente. No use el color ni la talla como criterio decisivo. Evidencia decisiva en este caso: Es una prenda superior de vestir en tejido plano de popelina; no incorpora falda ni perneras. La descripción prevalece sobre la etiqueta automática errónea.",,,
JUEZ-398,VES-019,etiqueta_incorrecta,"Una etiqueta automática posiblemente equivocada dice «jeans». ¿Qué categoría corresponde realmente según la descripción: vestido, polo, blusa o jeans? Es una pieza única que une el cuerpo superior con una falda integrada y cubre parte de las piernas. Color: marfil. Detalles: Tirantes anchos; escote cuadrado; falda larga y amplia.",vestido,vestido|vestidos|dress,"CORRECTO si la respuesta identifica únicamente la categoría esperada o un sinónimo aceptado; INCORRECTO si elige otra categoría, mezcla categorías incompatibles o se abstiene. SIN_RESPUESTA si está vacía. Ignore mayúsculas, tildes y singular/plural. No penalice una explicación adicional coherente. No use el color ni la talla como criterio decisivo. Evidencia decisiva en este caso: Es una pieza única que une el cuerpo superior con una falda integrada y cubre parte de las piernas. La descripción prevalece sobre la etiqueta automática errónea.",,,
JUEZ-399,BLU-023,distractor,"En una foto aparece un bolso junto a esta prenda. ¿Cómo clasificarías únicamente la prenda entre vestido, polo, blusa y jeans, sin clasificar el bolso? Es una prenda superior de vestir en tejido plano de popelina; no incorpora falda ni perneras. Color: terracota. Detalles: Manga tres cuartos; escote en V; corte recto; sin botones.",blusa,blusa|blusas|blouse,"CORRECTO si la respuesta identifica únicamente la categoría esperada o un sinónimo aceptado; INCORRECTO si elige otra categoría, mezcla categorías incompatibles o se abstiene. SIN_RESPUESTA si está vacía. Ignore mayúsculas, tildes y singular/plural. No penalice una explicación adicional coherente. No use el color ni la talla como criterio decisivo. Evidencia decisiva en este caso: Es una prenda superior de vestir en tejido plano de popelina; no incorpora falda ni perneras. El bolso no es el objeto de clasificación.",,,
JUEZ-400,POL-021,etiqueta_incorrecta,"Una etiqueta automática posiblemente equivocada dice «vestido». ¿Qué categoría corresponde realmente según la descripción: vestido, polo, blusa o jeans? Es una prenda superior casual de punto jersey de algodón, de la familia de las camisetas. Color: verde esmeralda. Detalles: Manga corta; cuello redondo; bolsillo de parche en el pecho.",polo,polo|polos|camiseta|camisetas|t-shirt,"CORRECTO si la respuesta identifica únicamente la categoría esperada o un sinónimo aceptado; INCORRECTO si elige otra categoría, mezcla categorías incompatibles o se abstiene. SIN_RESPUESTA si está vacía. Ignore mayúsculas, tildes y singular/plural. No penalice una explicación adicional coherente. No use el color ni la talla como criterio decisivo. Evidencia decisiva en este caso: Es una prenda superior casual de punto jersey de algodón, de la familia de las camisetas. La descripción prevalece sobre la etiqueta automática errónea.",,,
JUEZ-401,POL-017,etiqueta_incorrecta,"Una etiqueta automática posiblemente equivocada dice «vestido». ¿Qué categoría corresponde realmente según la descripción: vestido, polo, blusa o jeans? Es una prenda superior casual de punto jersey de algodón, de la familia de las camisetas. Color: azul marino. Detalles: Manga larga; cuello redondo; puños acanalados; corte regular.",polo,polo|polos|camiseta|camisetas|t-shirt,"CORRECTO si la respuesta identifica únicamente la categoría esperada o un sinónimo aceptado; INCORRECTO si elige otra categoría, mezcla categorías incompatibles o se abstiene. SIN_RESPUESTA si está vacía. Ignore mayúsculas, tildes y singular/plural. No penalice una explicación adicional coherente. No use el color ni la talla como criterio decisivo. Evidencia decisiva en este caso: Es una prenda superior casual de punto jersey de algodón, de la familia de las camisetas. La descripción prevalece sobre la etiqueta automática errónea.",,,
JUEZ-402,POL-006,directa,"¿A cuál de las categorías vestido, polo, blusa o jeans pertenece la prenda descrita? Es una prenda superior casual de punto jersey de algodón, de la familia de las camisetas. Color: verde esmeralda. Detalles: Manga corta; escote en V; corte regular; acabado liso.",polo,polo|polos|camiseta|camisetas|t-shirt,"CORRECTO si la respuesta identifica únicamente la categoría esperada o un sinónimo aceptado; INCORRECTO si elige otra categoría, mezcla categorías incompatibles o se abstiene. SIN_RESPUESTA si está vacía. Ignore mayúsculas, tildes y singular/plural. No penalice una explicación adicional coherente. No use el color ni la talla como criterio decisivo. Evidencia decisiva en este caso: Es una prenda superior casual de punto jersey de algodón, de la familia de las camisetas.",,,
JUEZ-403,JEA-005,etiqueta_incorrecta,"Una etiqueta automática posiblemente equivocada dice «blusa». ¿Qué categoría corresponde realmente según la descripción: vestido, polo, blusa o jeans? Es un pantalón confeccionado en denim, con dos perneras y bolsillos característicos. Color: gris. Detalles: Tiro medio; pernera recta; cinco bolsillos; cierre frontal con botón y cremallera.",jeans,jeans|jean|vaquero|vaqueros|pantalón vaquero|pantalón de mezclilla,"CORRECTO si la respuesta identifica únicamente la categoría esperada o un sinónimo aceptado; INCORRECTO si elige otra categoría, mezcla categorías incompatibles o se abstiene. SIN_RESPUESTA si está vacía. Ignore mayúsculas, tildes y singular/plural. No penalice una explicación adicional coherente. No use el color ni la talla como criterio decisivo. Evidencia decisiva en este caso: Es un pantalón confeccionado en denim, con dos perneras y bolsillos característicos. La descripción prevalece sobre la etiqueta automática errónea.",,,
JUEZ-404,BLU-016,errores_ortograficos,"Que categoria coresponde a esta prendaa: vestido, polo, blusa o jeans Es una prendaa superior de vestir en tejido plano de popelina; no incorpora falda ni perneras. Color: verde esmeralda. Detayes: Sin mangas; escote redondo; cintura marcada; volante inferior.?",blusa,blusa|blusas|blouse,"CORRECTO si la respuesta identifica únicamente la categoría esperada o un sinónimo aceptado; INCORRECTO si elige otra categoría, mezcla categorías incompatibles o se abstiene. SIN_RESPUESTA si está vacía. Ignore mayúsculas, tildes y singular/plural. No penalice una explicación adicional coherente. No use el color ni la talla como criterio decisivo. Evidencia decisiva en este caso: Es una prenda superior de vestir en tejido plano de popelina; no incorpora falda ni perneras.",,,
JUEZ-405,BLU-008,directa,"¿A cuál de las categorías vestido, polo, blusa o jeans pertenece la prenda descrita? Es una prenda superior de vestir en tejido plano de popelina; no incorpora falda ni perneras. Color: terracota. Detalles: Manga larga; lazo al cuello; silueta ligeramente holgada.",blusa,blusa|blusas|blouse,"CORRECTO si la respuesta identifica únicamente la categoría esperada o un sinónimo aceptado; INCORRECTO si elige otra categoría, mezcla categorías incompatibles o se abstiene. SIN_RESPUESTA si está vacía. Ignore mayúsculas, tildes y singular/plural. No penalice una explicación adicional coherente. No use el color ni la talla como criterio decisivo. Evidencia decisiva en este caso: Es una prenda superior de vestir en tejido plano de popelina; no incorpora falda ni perneras.",,,
JUEZ-406,POL-010,distractor,"En una foto aparece un bolso junto a esta prenda. ¿Cómo clasificarías únicamente la prenda entre vestido, polo, blusa y jeans, sin clasificar el bolso? Es una prenda superior casual de punto jersey de algodón, de la familia de las camisetas. Color: borgoña. Detalles: Manga corta; escote en V; corte regular; acabado liso.",polo,polo|polos|camiseta|camisetas|t-shirt,"CORRECTO si la respuesta identifica únicamente la categoría esperada o un sinónimo aceptado; INCORRECTO si elige otra categoría, mezcla categorías incompatibles o se abstiene. SIN_RESPUESTA si está vacía. Ignore mayúsculas, tildes y singular/plural. No penalice una explicación adicional coherente. No use el color ni la talla como criterio decisivo. Evidencia decisiva en este caso: Es una prenda superior casual de punto jersey de algodón, de la familia de las camisetas. El bolso no es el objeto de clasificación.",,,
JUEZ-407,JEA-020,etiqueta_incorrecta,"Una etiqueta automática posiblemente equivocada dice «blusa». ¿Qué categoría corresponde realmente según la descripción: vestido, polo, blusa o jeans? Es un pantalón confeccionado en denim, con dos perneras y bolsillos característicos. Color: gris. Detalles: Tiro alto; holgura en cadera; pernera que se estrecha al tobillo.",jeans,jeans|jean|vaquero|vaqueros|pantalón vaquero|pantalón de mezclilla,"CORRECTO si la respuesta identifica únicamente la categoría esperada o un sinónimo aceptado; INCORRECTO si elige otra categoría, mezcla categorías incompatibles o se abstiene. SIN_RESPUESTA si está vacía. Ignore mayúsculas, tildes y singular/plural. No penalice una explicación adicional coherente. No use el color ni la talla como criterio decisivo. Evidencia decisiva en este caso: Es un pantalón confeccionado en denim, con dos perneras y bolsillos característicos. La descripción prevalece sobre la etiqueta automática errónea.",,,
JUEZ-408,VES-025,coloquial,"¿Me ayudas a ubicar esta prenda en vestido, polo, blusa o jeans? Te cuento cómo es: Es una pieza única que une el cuerpo superior con una falda integrada y cubre parte de las piernas. Color: borgoña. Detalles: Manga corta; escote redondo; corte recto; largo sobre la rodilla.",vestido,vestido|vestidos|dress,"CORRECTO si la respuesta identifica únicamente la categoría esperada o un sinónimo aceptado; INCORRECTO si elige otra categoría, mezcla categorías incompatibles o se abstiene. SIN_RESPUESTA si está vacía. Ignore mayúsculas, tildes y singular/plural. No penalice una explicación adicional coherente. No use el color ni la talla como criterio decisivo. Evidencia decisiva en este caso: Es una pieza única que une el cuerpo superior con una falda integrada y cubre parte de las piernas.",,,
JUEZ-409,VES-004,errores_ortograficos,"Que categoria coresponde a esta prendaa: vestido, polo, blusa o jeans Es una pieza unica que une el cuerpo superior con una falda integrada y cubre parte de las piernas. Color: marfil. Detayes: Sin mangas; escote redondo; cintura entallada; falda en linea A hasta la rodilla.?",vestido,vestido|vestidos|dress,"CORRECTO si la respuesta identifica únicamente la categoría esperada o un sinónimo aceptado; INCORRECTO si elige otra categoría, mezcla categorías incompatibles o se abstiene. SIN_RESPUESTA si está vacía. Ignore mayúsculas, tildes y singular/plural. No penalice una explicación adicional coherente. No use el color ni la talla como criterio decisivo. Evidencia decisiva en este caso: Es una pieza única que une el cuerpo superior con una falda integrada y cubre parte de las piernas.",,,
JUEZ-410,VES-021,coloquial,"¿Me ayudas a ubicar esta prenda en vestido, polo, blusa o jeans? Te cuento cómo es: Es una pieza única que une el cuerpo superior con una falda integrada y cubre parte de las piernas. Color: verde esmeralda. Detalles: Manga corta; escote redondo; corte recto; largo sobre la rodilla.",vestido,vestido|vestidos|dress,"CORRECTO si la respuesta identifica únicamente la categoría esperada o un sinónimo aceptado; INCORRECTO si elige otra categoría, mezcla categorías incompatibles o se abstiene. SIN_RESPUESTA si está vacía. Ignore mayúsculas, tildes y singular/plural. No penalice una explicación adicional coherente. No use el color ni la talla como criterio decisivo. Evidencia decisiva en este caso: Es una pieza única que une el cuerpo superior con una falda integrada y cubre parte de las piernas.",,,
JUEZ-411,JEA-024,etiqueta_incorrecta,"Una etiqueta automática posiblemente equivocada dice «blusa». ¿Qué categoría corresponde realmente según la descripción: vestido, polo, blusa o jeans? Es un pantalón confeccionado en denim, con dos perneras y bolsillos característicos. Color: negro. Detalles: Tiro medio; ajuste en muslo; campana desde la rodilla; largo completo.",jeans,jeans|jean|vaquero|vaqueros|pantalón vaquero|pantalón de mezclilla,"CORRECTO si la respuesta identifica únicamente la categoría esperada o un sinónimo aceptado; INCORRECTO si elige otra categoría, mezcla categorías incompatibles o se abstiene. SIN_RESPUESTA si está vacía. Ignore mayúsculas, tildes y singular/plural. No penalice una explicación adicional coherente. No use el color ni la talla como criterio decisivo. Evidencia decisiva en este caso: Es un pantalón confeccionado en denim, con dos perneras y bolsillos característicos. La descripción prevalece sobre la etiqueta automática errónea.",,,
JUEZ-412,BLU-009,distractor,"En una foto aparece un bolso junto a esta prenda. ¿Cómo clasificarías únicamente la prenda entre vestido, polo, blusa y jeans, sin clasificar el bolso? Es una prenda superior de vestir en tejido plano de popelina; no incorpora falda ni perneras. Color: marfil. Detalles: Manga larga; lazo al cuello; silueta ligeramente holgada.",blusa,blusa|blusas|blouse,"CORRECTO si la respuesta identifica únicamente la categoría esperada o un sinónimo aceptado; INCORRECTO si elige otra categoría, mezcla categorías incompatibles o se abstiene. SIN_RESPUESTA si está vacía. Ignore mayúsculas, tildes y singular/plural. No penalice una explicación adicional coherente. No use el color ni la talla como criterio decisivo. Evidencia decisiva en este caso: Es una prenda superior de vestir en tejido plano de popelina; no incorpora falda ni perneras. El bolso no es el objeto de clasificación.",,,
JUEZ-413,POL-011,errores_ortograficos,"Que categoria coresponde a esta prendaa: vestido, polo, blusa o jeans Es una prendaa superior casual de punto jersey de algodon, de la familia de las camisetas. Color: verde esmeralda. Detayes: Manga corta amplia; hombros caidos; cuello redondo; corte holgado.?",polo,polo|polos|camiseta|camisetas|t-shirt,"CORRECTO si la respuesta identifica únicamente la categoría esperada o un sinónimo aceptado; INCORRECTO si elige otra categoría, mezcla categorías incompatibles o se abstiene. SIN_RESPUESTA si está vacía. Ignore mayúsculas, tildes y singular/plural. No penalice una explicación adicional coherente. No use el color ni la talla como criterio decisivo. Evidencia decisiva en este caso: Es una prenda superior casual de punto jersey de algodón, de la familia de las camisetas.",,,
JUEZ-414,VES-005,distractor,"En una foto aparece un bolso junto a esta prenda. ¿Cómo clasificarías únicamente la prenda entre vestido, polo, blusa y jeans, sin clasificar el bolso? Es una pieza única que une el cuerpo superior con una falda integrada y cubre parte de las piernas. Color: borgoña. Detalles: Sin mangas; escote redondo; cintura entallada; falda en línea A hasta la rodilla.",vestido,vestido|vestidos|dress,"CORRECTO si la respuesta identifica únicamente la categoría esperada o un sinónimo aceptado; INCORRECTO si elige otra categoría, mezcla categorías incompatibles o se abstiene. SIN_RESPUESTA si está vacía. Ignore mayúsculas, tildes y singular/plural. No penalice una explicación adicional coherente. No use el color ni la talla como criterio decisivo. Evidencia decisiva en este caso: Es una pieza única que une el cuerpo superior con una falda integrada y cubre parte de las piernas. El bolso no es el objeto de clasificación.",,,
JUEZ-415,POL-017,directa,"¿A cuál de las categorías vestido, polo, blusa o jeans pertenece la prenda descrita? Es una prenda superior casual de punto jersey de algodón, de la familia de las camisetas. Color: azul marino. Detalles: Manga larga; cuello redondo; puños acanalados; corte regular.",polo,polo|polos|camiseta|camisetas|t-shirt,"CORRECTO si la respuesta identifica únicamente la categoría esperada o un sinónimo aceptado; INCORRECTO si elige otra categoría, mezcla categorías incompatibles o se abstiene. SIN_RESPUESTA si está vacía. Ignore mayúsculas, tildes y singular/plural. No penalice una explicación adicional coherente. No use el color ni la talla como criterio decisivo. Evidencia decisiva en este caso: Es una prenda superior casual de punto jersey de algodón, de la familia de las camisetas.",,,
JUEZ-416,BLU-023,etiqueta_incorrecta,"Una etiqueta automática posiblemente equivocada dice «jeans». ¿Qué categoría corresponde realmente según la descripción: vestido, polo, blusa o jeans? Es una prenda superior de vestir en tejido plano de popelina; no incorpora falda ni perneras. Color: terracota. Detalles: Manga tres cuartos; escote en V; corte recto; sin botones.",blusa,blusa|blusas|blouse,"CORRECTO si la respuesta identifica únicamente la categoría esperada o un sinónimo aceptado; INCORRECTO si elige otra categoría, mezcla categorías incompatibles o se abstiene. SIN_RESPUESTA si está vacía. Ignore mayúsculas, tildes y singular/plural. No penalice una explicación adicional coherente. No use el color ni la talla como criterio decisivo. Evidencia decisiva en este caso: Es una prenda superior de vestir en tejido plano de popelina; no incorpora falda ni perneras. La descripción prevalece sobre la etiqueta automática errónea.",,,
JUEZ-417,VES-016,directa,"¿A cuál de las categorías vestido, polo, blusa o jeans pertenece la prenda descrita? Es una pieza única que une el cuerpo superior con una falda integrada y cubre parte de las piernas. Color: verde esmeralda. Detalles: Tirantes anchos; escote cuadrado; falda larga y amplia.",vestido,vestido|vestidos|dress,"CORRECTO si la respuesta identifica únicamente la categoría esperada o un sinónimo aceptado; INCORRECTO si elige otra categoría, mezcla categorías incompatibles o se abstiene. SIN_RESPUESTA si está vacía. Ignore mayúsculas, tildes y singular/plural. No penalice una explicación adicional coherente. No use el color ni la talla como criterio decisivo. Evidencia decisiva en este caso: Es una pieza única que une el cuerpo superior con una falda integrada y cubre parte de las piernas.",,,
JUEZ-418,POL-002,directa,"¿A cuál de las categorías vestido, polo, blusa o jeans pertenece la prenda descrita? Es una prenda superior casual de punto jersey de algodón, de la familia de las camisetas. Color: azul marino. Detalles: Manga corta; cuello redondo; corte regular; acabado liso.",polo,polo|polos|camiseta|camisetas|t-shirt,"CORRECTO si la respuesta identifica únicamente la categoría esperada o un sinónimo aceptado; INCORRECTO si elige otra categoría, mezcla categorías incompatibles o se abstiene. SIN_RESPUESTA si está vacía. Ignore mayúsculas, tildes y singular/plural. No penalice una explicación adicional coherente. No use el color ni la talla como criterio decisivo. Evidencia decisiva en este caso: Es una prenda superior casual de punto jersey de algodón, de la familia de las camisetas.",,,
JUEZ-419,BLU-018,etiqueta_incorrecta,"Una etiqueta automática posiblemente equivocada dice «jeans». ¿Qué categoría corresponde realmente según la descripción: vestido, polo, blusa o jeans? Es una prenda superior de vestir en tejido plano de popelina; no incorpora falda ni perneras. Color: terracota. Detalles: Sin mangas; escote redondo; cintura marcada; volante inferior.",blusa,blusa|blusas|blouse,"CORRECTO si la respuesta identifica únicamente la categoría esperada o un sinónimo aceptado; INCORRECTO si elige otra categoría, mezcla categorías incompatibles o se abstiene. SIN_RESPUESTA si está vacía. Ignore mayúsculas, tildes y singular/plural. No penalice una explicación adicional coherente. No use el color ni la talla como criterio decisivo. Evidencia decisiva en este caso: Es una prenda superior de vestir en tejido plano de popelina; no incorpora falda ni perneras. La descripción prevalece sobre la etiqueta automática errónea.",,,
JUEZ-420,VES-001,etiqueta_incorrecta,"Una etiqueta automática posiblemente equivocada dice «jeans». ¿Qué categoría corresponde realmente según la descripción: vestido, polo, blusa o jeans? Es una pieza única que une el cuerpo superior con una falda integrada y cubre parte de las piernas. Color: verde esmeralda. Detalles: Sin mangas; escote redondo; cintura entallada; falda en línea A hasta la rodilla.",vestido,vestido|vestidos|dress,"CORRECTO si la respuesta identifica únicamente la categoría esperada o un sinónimo aceptado; INCORRECTO si elige otra categoría, mezcla categorías incompatibles o se abstiene. SIN_RESPUESTA si está vacía. Ignore mayúsculas, tildes y singular/plural. No penalice una explicación adicional coherente. No use el color ni la talla como criterio decisivo. Evidencia decisiva en este caso: Es una pieza única que une el cuerpo superior con una falda integrada y cubre parte de las piernas. La descripción prevalece sobre la etiqueta automática errónea.",,,
JUEZ-421,POL-011,distractor,"En una foto aparece un bolso junto a esta prenda. ¿Cómo clasificarías únicamente la prenda entre vestido, polo, blusa y jeans, sin clasificar el bolso? Es una prenda superior casual de punto jersey de algodón, de la familia de las camisetas. Color: verde esmeralda. Detalles: Manga corta amplia; hombros caídos; cuello redondo; corte holgado.",polo,polo|polos|camiseta|camisetas|t-shirt,"CORRECTO si la respuesta identifica únicamente la categoría esperada o un sinónimo aceptado; INCORRECTO si elige otra categoría, mezcla categorías incompatibles o se abstiene. SIN_RESPUESTA si está vacía. Ignore mayúsculas, tildes y singular/plural. No penalice una explicación adicional coherente. No use el color ni la talla como criterio decisivo. Evidencia decisiva en este caso: Es una prenda superior casual de punto jersey de algodón, de la familia de las camisetas. El bolso no es el objeto de clasificación.",,,
JUEZ-422,POL-024,errores_ortograficos,"Que categoria coresponde a esta prendaa: vestido, polo, blusa o jeans Es una prendaa superior casual de punto jersey de algodon, de la familia de las camisetas. Color: marfil. Detayes: Manga corta; cuello redondo; bolsillo de parche en el pecho.?",polo,polo|polos|camiseta|camisetas|t-shirt,"CORRECTO si la respuesta identifica únicamente la categoría esperada o un sinónimo aceptado; INCORRECTO si elige otra categoría, mezcla categorías incompatibles o se abstiene. SIN_RESPUESTA si está vacía. Ignore mayúsculas, tildes y singular/plural. No penalice una explicación adicional coherente. No use el color ni la talla como criterio decisivo. Evidencia decisiva en este caso: Es una prenda superior casual de punto jersey de algodón, de la familia de las camisetas.",,,
JUEZ-423,VES-024,coloquial,"¿Me ayudas a ubicar esta prenda en vestido, polo, blusa o jeans? Te cuento cómo es: Es una pieza única que une el cuerpo superior con una falda integrada y cubre parte de las piernas. Color: marfil. Detalles: Manga corta; escote redondo; corte recto; largo sobre la rodilla.",vestido,vestido|vestidos|dress,"CORRECTO si la respuesta identifica únicamente la categoría esperada o un sinónimo aceptado; INCORRECTO si elige otra categoría, mezcla categorías incompatibles o se abstiene. SIN_RESPUESTA si está vacía. Ignore mayúsculas, tildes y singular/plural. No penalice una explicación adicional coherente. No use el color ni la talla como criterio decisivo. Evidencia decisiva en este caso: Es una pieza única que une el cuerpo superior con una falda integrada y cubre parte de las piernas.",,,
JUEZ-424,JEA-008,etiqueta_incorrecta,"Una etiqueta automática posiblemente equivocada dice «blusa». ¿Qué categoría corresponde realmente según la descripción: vestido, polo, blusa o jeans? Es un pantalón confeccionado en denim, con dos perneras y bolsillos característicos. Color: azul claro. Detalles: Tiro alto; pernera ajustada; cinco bolsillos; largo al tobillo.",jeans,jeans|jean|vaquero|vaqueros|pantalón vaquero|pantalón de mezclilla,"CORRECTO si la respuesta identifica únicamente la categoría esperada o un sinónimo aceptado; INCORRECTO si elige otra categoría, mezcla categorías incompatibles o se abstiene. SIN_RESPUESTA si está vacía. Ignore mayúsculas, tildes y singular/plural. No penalice una explicación adicional coherente. No use el color ni la talla como criterio decisivo. Evidencia decisiva en este caso: Es un pantalón confeccionado en denim, con dos perneras y bolsillos característicos. La descripción prevalece sobre la etiqueta automática errónea.",,,
JUEZ-425,BLU-011,directa,"¿A cuál de las categorías vestido, polo, blusa o jeans pertenece la prenda descrita? Es una prenda superior de vestir en tejido plano de popelina; no incorpora falda ni perneras. Color: verde esmeralda. Detalles: Manga corta abullonada; escote cuadrado; cuerpo entallado.",blusa,blusa|blusas|blouse,"CORRECTO si la respuesta identifica únicamente la categoría esperada o un sinónimo aceptado; INCORRECTO si elige otra categoría, mezcla categorías incompatibles o se abstiene. SIN_RESPUESTA si está vacía. Ignore mayúsculas, tildes y singular/plural. No penalice una explicación adicional coherente. No use el color ni la talla como criterio decisivo. Evidencia decisiva en este caso: Es una prenda superior de vestir en tejido plano de popelina; no incorpora falda ni perneras.",,,
JUEZ-426,JEA-008,distractor,"En una foto aparece un bolso junto a esta prenda. ¿Cómo clasificarías únicamente la prenda entre vestido, polo, blusa y jeans, sin clasificar el bolso? Es un pantalón confeccionado en denim, con dos perneras y bolsillos característicos. Color: azul claro. Detalles: Tiro alto; pernera ajustada; cinco bolsillos; largo al tobillo.",jeans,jeans|jean|vaquero|vaqueros|pantalón vaquero|pantalón de mezclilla,"CORRECTO si la respuesta identifica únicamente la categoría esperada o un sinónimo aceptado; INCORRECTO si elige otra categoría, mezcla categorías incompatibles o se abstiene. SIN_RESPUESTA si está vacía. Ignore mayúsculas, tildes y singular/plural. No penalice una explicación adicional coherente. No use el color ni la talla como criterio decisivo. Evidencia decisiva en este caso: Es un pantalón confeccionado en denim, con dos perneras y bolsillos característicos. El bolso no es el objeto de clasificación.",,,
JUEZ-427,JEA-020,errores_ortograficos,"Que categoria coresponde a esta prendaa: vestido, polo, blusa o jeans Es un pantalon confeccionado en denim, con dos perneras y bolsillos caracteristicos. Color: gris. Detayes: Tiro alto; holgura en cadera; pernera que se estrecha al tobillo.?",jeans,jeans|jean|vaquero|vaqueros|pantalón vaquero|pantalón de mezclilla,"CORRECTO si la respuesta identifica únicamente la categoría esperada o un sinónimo aceptado; INCORRECTO si elige otra categoría, mezcla categorías incompatibles o se abstiene. SIN_RESPUESTA si está vacía. Ignore mayúsculas, tildes y singular/plural. No penalice una explicación adicional coherente. No use el color ni la talla como criterio decisivo. Evidencia decisiva en este caso: Es un pantalón confeccionado en denim, con dos perneras y bolsillos característicos.",,,
JUEZ-428,VES-020,etiqueta_incorrecta,"Una etiqueta automática posiblemente equivocada dice «jeans». ¿Qué categoría corresponde realmente según la descripción: vestido, polo, blusa o jeans? Es una pieza única que une el cuerpo superior con una falda integrada y cubre parte de las piernas. Color: borgoña. Detalles: Tirantes anchos; escote cuadrado; falda larga y amplia.",vestido,vestido|vestidos|dress,"CORRECTO si la respuesta identifica únicamente la categoría esperada o un sinónimo aceptado; INCORRECTO si elige otra categoría, mezcla categorías incompatibles o se abstiene. SIN_RESPUESTA si está vacía. Ignore mayúsculas, tildes y singular/plural. No penalice una explicación adicional coherente. No use el color ni la talla como criterio decisivo. Evidencia decisiva en este caso: Es una pieza única que une el cuerpo superior con una falda integrada y cubre parte de las piernas. La descripción prevalece sobre la etiqueta automática errónea.",,,
JUEZ-429,BLU-021,coloquial,"¿Me ayudas a ubicar esta prenda en vestido, polo, blusa o jeans? Te cuento cómo es: Es una prenda superior de vestir en tejido plano de popelina; no incorpora falda ni perneras. Color: verde esmeralda. Detalles: Manga tres cuartos; escote en V; corte recto; sin botones.",blusa,blusa|blusas|blouse,"CORRECTO si la respuesta identifica únicamente la categoría esperada o un sinónimo aceptado; INCORRECTO si elige otra categoría, mezcla categorías incompatibles o se abstiene. SIN_RESPUESTA si está vacía. Ignore mayúsculas, tildes y singular/plural. No penalice una explicación adicional coherente. No use el color ni la talla como criterio decisivo. Evidencia decisiva en este caso: Es una prenda superior de vestir en tejido plano de popelina; no incorpora falda ni perneras.",,,
JUEZ-430,POL-015,coloquial,"¿Me ayudas a ubicar esta prenda en vestido, polo, blusa o jeans? Te cuento cómo es: Es una prenda superior casual de punto jersey de algodón, de la familia de las camisetas. Color: borgoña. Detalles: Manga corta amplia; hombros caídos; cuello redondo; corte holgado.",polo,polo|polos|camiseta|camisetas|t-shirt,"CORRECTO si la respuesta identifica únicamente la categoría esperada o un sinónimo aceptado; INCORRECTO si elige otra categoría, mezcla categorías incompatibles o se abstiene. SIN_RESPUESTA si está vacía. Ignore mayúsculas, tildes y singular/plural. No penalice una explicación adicional coherente. No use el color ni la talla como criterio decisivo. Evidencia decisiva en este caso: Es una prenda superior casual de punto jersey de algodón, de la familia de las camisetas.",,,
JUEZ-431,VES-020,directa,"¿A cuál de las categorías vestido, polo, blusa o jeans pertenece la prenda descrita? Es una pieza única que une el cuerpo superior con una falda integrada y cubre parte de las piernas. Color: borgoña. Detalles: Tirantes anchos; escote cuadrado; falda larga y amplia.",vestido,vestido|vestidos|dress,"CORRECTO si la respuesta identifica únicamente la categoría esperada o un sinónimo aceptado; INCORRECTO si elige otra categoría, mezcla categorías incompatibles o se abstiene. SIN_RESPUESTA si está vacía. Ignore mayúsculas, tildes y singular/plural. No penalice una explicación adicional coherente. No use el color ni la talla como criterio decisivo. Evidencia decisiva en este caso: Es una pieza única que une el cuerpo superior con una falda integrada y cubre parte de las piernas.",,,
JUEZ-432,POL-016,distractor,"En una foto aparece un bolso junto a esta prenda. ¿Cómo clasificarías únicamente la prenda entre vestido, polo, blusa y jeans, sin clasificar el bolso? Es una prenda superior casual de punto jersey de algodón, de la familia de las camisetas. Color: verde esmeralda. Detalles: Manga larga; cuello redondo; puños acanalados; corte regular.",polo,polo|polos|camiseta|camisetas|t-shirt,"CORRECTO si la respuesta identifica únicamente la categoría esperada o un sinónimo aceptado; INCORRECTO si elige otra categoría, mezcla categorías incompatibles o se abstiene. SIN_RESPUESTA si está vacía. Ignore mayúsculas, tildes y singular/plural. No penalice una explicación adicional coherente. No use el color ni la talla como criterio decisivo. Evidencia decisiva en este caso: Es una prenda superior casual de punto jersey de algodón, de la familia de las camisetas. El bolso no es el objeto de clasificación.",,,
JUEZ-433,POL-016,directa,"¿A cuál de las categorías vestido, polo, blusa o jeans pertenece la prenda descrita? Es una prenda superior casual de punto jersey de algodón, de la familia de las camisetas. Color: verde esmeralda. Detalles: Manga larga; cuello redondo; puños acanalados; corte regular.",polo,polo|polos|camiseta|camisetas|t-shirt,"CORRECTO si la respuesta identifica únicamente la categoría esperada o un sinónimo aceptado; INCORRECTO si elige otra categoría, mezcla categorías incompatibles o se abstiene. SIN_RESPUESTA si está vacía. Ignore mayúsculas, tildes y singular/plural. No penalice una explicación adicional coherente. No use el color ni la talla como criterio decisivo. Evidencia decisiva en este caso: Es una prenda superior casual de punto jersey de algodón, de la familia de las camisetas.",,,
JUEZ-434,BLU-021,errores_ortograficos,"Que categoria coresponde a esta prendaa: vestido, polo, blusa o jeans Es una prendaa superior de vestir en tejido plano de popelina; no incorpora falda ni perneras. Color: verde esmeralda. Detayes: Manga tres cuartos; escote en V; corte recto; sin botones.?",blusa,blusa|blusas|blouse,"CORRECTO si la respuesta identifica únicamente la categoría esperada o un sinónimo aceptado; INCORRECTO si elige otra categoría, mezcla categorías incompatibles o se abstiene. SIN_RESPUESTA si está vacía. Ignore mayúsculas, tildes y singular/plural. No penalice una explicación adicional coherente. No use el color ni la talla como criterio decisivo. Evidencia decisiva en este caso: Es una prenda superior de vestir en tejido plano de popelina; no incorpora falda ni perneras.",,,
JUEZ-435,JEA-009,errores_ortograficos,"Que categoria coresponde a esta prendaa: vestido, polo, blusa o jeans Es un pantalon confeccionado en denim, con dos perneras y bolsillos caracteristicos. Color: negro. Detayes: Tiro alto; pernera ajustada; cinco bolsillos; largo al tobillo.?",jeans,jeans|jean|vaquero|vaqueros|pantalón vaquero|pantalón de mezclilla,"CORRECTO si la respuesta identifica únicamente la categoría esperada o un sinónimo aceptado; INCORRECTO si elige otra categoría, mezcla categorías incompatibles o se abstiene. SIN_RESPUESTA si está vacía. Ignore mayúsculas, tildes y singular/plural. No penalice una explicación adicional coherente. No use el color ni la talla como criterio decisivo. Evidencia decisiva en este caso: Es un pantalón confeccionado en denim, con dos perneras y bolsillos característicos.",,,
JUEZ-436,BLU-001,coloquial,"¿Me ayudas a ubicar esta prenda en vestido, polo, blusa o jeans? Te cuento cómo es: Es una prenda superior de vestir en tejido plano de popelina; no incorpora falda ni perneras. Color: verde esmeralda. Detalles: Manga larga; cuello camisero; botones frontales; puños abotonados.",blusa,blusa|blusas|blouse,"CORRECTO si la respuesta identifica únicamente la categoría esperada o un sinónimo aceptado; INCORRECTO si elige otra categoría, mezcla categorías incompatibles o se abstiene. SIN_RESPUESTA si está vacía. Ignore mayúsculas, tildes y singular/plural. No penalice una explicación adicional coherente. No use el color ni la talla como criterio decisivo. Evidencia decisiva en este caso: Es una prenda superior de vestir en tejido plano de popelina; no incorpora falda ni perneras.",,,
JUEZ-437,VES-025,errores_ortograficos,"Que categoria coresponde a esta prendaa: vestido, polo, blusa o jeans Es una pieza unica que une el cuerpo superior con una falda integrada y cubre parte de las piernas. Color: borgona. Detayes: Manga corta; escote redondo; corte recto; largo sobre la rodilla.?",vestido,vestido|vestidos|dress,"CORRECTO si la respuesta identifica únicamente la categoría esperada o un sinónimo aceptado; INCORRECTO si elige otra categoría, mezcla categorías incompatibles o se abstiene. SIN_RESPUESTA si está vacía. Ignore mayúsculas, tildes y singular/plural. No penalice una explicación adicional coherente. No use el color ni la talla como criterio decisivo. Evidencia decisiva en este caso: Es una pieza única que une el cuerpo superior con una falda integrada y cubre parte de las piernas.",,,
JUEZ-438,JEA-005,directa,"¿A cuál de las categorías vestido, polo, blusa o jeans pertenece la prenda descrita? Es un pantalón confeccionado en denim, con dos perneras y bolsillos característicos. Color: gris. Detalles: Tiro medio; pernera recta; cinco bolsillos; cierre frontal con botón y cremallera.",jeans,jeans|jean|vaquero|vaqueros|pantalón vaquero|pantalón de mezclilla,"CORRECTO si la respuesta identifica únicamente la categoría esperada o un sinónimo aceptado; INCORRECTO si elige otra categoría, mezcla categorías incompatibles o se abstiene. SIN_RESPUESTA si está vacía. Ignore mayúsculas, tildes y singular/plural. No penalice una explicación adicional coherente. No use el color ni la talla como criterio decisivo. Evidencia decisiva en este caso: Es un pantalón confeccionado en denim, con dos perneras y bolsillos característicos.",,,
JUEZ-439,BLU-011,distractor,"En una foto aparece un bolso junto a esta prenda. ¿Cómo clasificarías únicamente la prenda entre vestido, polo, blusa y jeans, sin clasificar el bolso? Es una prenda superior de vestir en tejido plano de popelina; no incorpora falda ni perneras. Color: verde esmeralda. Detalles: Manga corta abullonada; escote cuadrado; cuerpo entallado.",blusa,blusa|blusas|blouse,"CORRECTO si la respuesta identifica únicamente la categoría esperada o un sinónimo aceptado; INCORRECTO si elige otra categoría, mezcla categorías incompatibles o se abstiene. SIN_RESPUESTA si está vacía. Ignore mayúsculas, tildes y singular/plural. No penalice una explicación adicional coherente. No use el color ni la talla como criterio decisivo. Evidencia decisiva en este caso: Es una prenda superior de vestir en tejido plano de popelina; no incorpora falda ni perneras. El bolso no es el objeto de clasificación.",,,
JUEZ-440,POL-025,errores_ortograficos,"Que categoria coresponde a esta prendaa: vestido, polo, blusa o jeans Es una prendaa superior casual de punto jersey de algodon, de la familia de las camisetas. Color: borgona. Detayes: Manga corta; cuello redondo; bolsillo de parche en el pecho.?",polo,polo|polos|camiseta|camisetas|t-shirt,"CORRECTO si la respuesta identifica únicamente la categoría esperada o un sinónimo aceptado; INCORRECTO si elige otra categoría, mezcla categorías incompatibles o se abstiene. SIN_RESPUESTA si está vacía. Ignore mayúsculas, tildes y singular/plural. No penalice una explicación adicional coherente. No use el color ni la talla como criterio decisivo. Evidencia decisiva en este caso: Es una prenda superior casual de punto jersey de algodón, de la familia de las camisetas.",,,
JUEZ-441,POL-009,coloquial,"¿Me ayudas a ubicar esta prenda en vestido, polo, blusa o jeans? Te cuento cómo es: Es una prenda superior casual de punto jersey de algodón, de la familia de las camisetas. Color: marfil. Detalles: Manga corta; escote en V; corte regular; acabado liso.",polo,polo|polos|camiseta|camisetas|t-shirt,"CORRECTO si la respuesta identifica únicamente la categoría esperada o un sinónimo aceptado; INCORRECTO si elige otra categoría, mezcla categorías incompatibles o se abstiene. SIN_RESPUESTA si está vacía. Ignore mayúsculas, tildes y singular/plural. No penalice una explicación adicional coherente. No use el color ni la talla como criterio decisivo. Evidencia decisiva en este caso: Es una prenda superior casual de punto jersey de algodón, de la familia de las camisetas.",,,
JUEZ-442,JEA-007,directa,"¿A cuál de las categorías vestido, polo, blusa o jeans pertenece la prenda descrita? Es un pantalón confeccionado en denim, con dos perneras y bolsillos característicos. Color: azul medio. Detalles: Tiro alto; pernera ajustada; cinco bolsillos; largo al tobillo.",jeans,jeans|jean|vaquero|vaqueros|pantalón vaquero|pantalón de mezclilla,"CORRECTO si la respuesta identifica únicamente la categoría esperada o un sinónimo aceptado; INCORRECTO si elige otra categoría, mezcla categorías incompatibles o se abstiene. SIN_RESPUESTA si está vacía. Ignore mayúsculas, tildes y singular/plural. No penalice una explicación adicional coherente. No use el color ni la talla como criterio decisivo. Evidencia decisiva en este caso: Es un pantalón confeccionado en denim, con dos perneras y bolsillos característicos.",,,
JUEZ-443,POL-002,distractor,"En una foto aparece un bolso junto a esta prenda. ¿Cómo clasificarías únicamente la prenda entre vestido, polo, blusa y jeans, sin clasificar el bolso? Es una prenda superior casual de punto jersey de algodón, de la familia de las camisetas. Color: azul marino. Detalles: Manga corta; cuello redondo; corte regular; acabado liso.",polo,polo|polos|camiseta|camisetas|t-shirt,"CORRECTO si la respuesta identifica únicamente la categoría esperada o un sinónimo aceptado; INCORRECTO si elige otra categoría, mezcla categorías incompatibles o se abstiene. SIN_RESPUESTA si está vacía. Ignore mayúsculas, tildes y singular/plural. No penalice una explicación adicional coherente. No use el color ni la talla como criterio decisivo. Evidencia decisiva en este caso: Es una prenda superior casual de punto jersey de algodón, de la familia de las camisetas. El bolso no es el objeto de clasificación.",,,
JUEZ-444,POL-019,errores_ortograficos,"Que categoria coresponde a esta prendaa: vestido, polo, blusa o jeans Es una prendaa superior casual de punto jersey de algodon, de la familia de las camisetas. Color: marfil. Detayes: Manga larga; cuello redondo; punos acanalados; corte regular.?",polo,polo|polos|camiseta|camisetas|t-shirt,"CORRECTO si la respuesta identifica únicamente la categoría esperada o un sinónimo aceptado; INCORRECTO si elige otra categoría, mezcla categorías incompatibles o se abstiene. SIN_RESPUESTA si está vacía. Ignore mayúsculas, tildes y singular/plural. No penalice una explicación adicional coherente. No use el color ni la talla como criterio decisivo. Evidencia decisiva en este caso: Es una prenda superior casual de punto jersey de algodón, de la familia de las camisetas.",,,
JUEZ-445,POL-022,errores_ortograficos,"Que categoria coresponde a esta prendaa: vestido, polo, blusa o jeans Es una prendaa superior casual de punto jersey de algodon, de la familia de las camisetas. Color: azul marino. Detayes: Manga corta; cuello redondo; bolsillo de parche en el pecho.?",polo,polo|polos|camiseta|camisetas|t-shirt,"CORRECTO si la respuesta identifica únicamente la categoría esperada o un sinónimo aceptado; INCORRECTO si elige otra categoría, mezcla categorías incompatibles o se abstiene. SIN_RESPUESTA si está vacía. Ignore mayúsculas, tildes y singular/plural. No penalice una explicación adicional coherente. No use el color ni la talla como criterio decisivo. Evidencia decisiva en este caso: Es una prenda superior casual de punto jersey de algodón, de la familia de las camisetas.",,,
JUEZ-446,BLU-014,etiqueta_incorrecta,"Una etiqueta automática posiblemente equivocada dice «jeans». ¿Qué categoría corresponde realmente según la descripción: vestido, polo, blusa o jeans? Es una prenda superior de vestir en tejido plano de popelina; no incorpora falda ni perneras. Color: marfil. Detalles: Manga corta abullonada; escote cuadrado; cuerpo entallado.",blusa,blusa|blusas|blouse,"CORRECTO si la respuesta identifica únicamente la categoría esperada o un sinónimo aceptado; INCORRECTO si elige otra categoría, mezcla categorías incompatibles o se abstiene. SIN_RESPUESTA si está vacía. Ignore mayúsculas, tildes y singular/plural. No penalice una explicación adicional coherente. No use el color ni la talla como criterio decisivo. Evidencia decisiva en este caso: Es una prenda superior de vestir en tejido plano de popelina; no incorpora falda ni perneras. La descripción prevalece sobre la etiqueta automática errónea.",,,
JUEZ-447,VES-015,distractor,"En una foto aparece un bolso junto a esta prenda. ¿Cómo clasificarías únicamente la prenda entre vestido, polo, blusa y jeans, sin clasificar el bolso? Es una pieza única que une el cuerpo superior con una falda integrada y cubre parte de las piernas. Color: borgoña. Detalles: Manga tres cuartos; escote en V; cierre cruzado con lazo lateral; largo midi.",vestido,vestido|vestidos|dress,"CORRECTO si la respuesta identifica únicamente la categoría esperada o un sinónimo aceptado; INCORRECTO si elige otra categoría, mezcla categorías incompatibles o se abstiene. SIN_RESPUESTA si está vacía. Ignore mayúsculas, tildes y singular/plural. No penalice una explicación adicional coherente. No use el color ni la talla como criterio decisivo. Evidencia decisiva en este caso: Es una pieza única que une el cuerpo superior con una falda integrada y cubre parte de las piernas. El bolso no es el objeto de clasificación.",,,
JUEZ-448,JEA-023,coloquial,"¿Me ayudas a ubicar esta prenda en vestido, polo, blusa o jeans? Te cuento cómo es: Es un pantalón confeccionado en denim, con dos perneras y bolsillos característicos. Color: azul claro. Detalles: Tiro medio; ajuste en muslo; campana desde la rodilla; largo completo.",jeans,jeans|jean|vaquero|vaqueros|pantalón vaquero|pantalón de mezclilla,"CORRECTO si la respuesta identifica únicamente la categoría esperada o un sinónimo aceptado; INCORRECTO si elige otra categoría, mezcla categorías incompatibles o se abstiene. SIN_RESPUESTA si está vacía. Ignore mayúsculas, tildes y singular/plural. No penalice una explicación adicional coherente. No use el color ni la talla como criterio decisivo. Evidencia decisiva en este caso: Es un pantalón confeccionado en denim, con dos perneras y bolsillos característicos.",,,
JUEZ-449,VES-006,coloquial,"¿Me ayudas a ubicar esta prenda en vestido, polo, blusa o jeans? Te cuento cómo es: Es una pieza única que une el cuerpo superior con una falda integrada y cubre parte de las piernas. Color: verde esmeralda. Detalles: Manga corta; cuello camisero; botones frontales; cinturón; largo midi.",vestido,vestido|vestidos|dress,"CORRECTO si la respuesta identifica únicamente la categoría esperada o un sinónimo aceptado; INCORRECTO si elige otra categoría, mezcla categorías incompatibles o se abstiene. SIN_RESPUESTA si está vacía. Ignore mayúsculas, tildes y singular/plural. No penalice una explicación adicional coherente. No use el color ni la talla como criterio decisivo. Evidencia decisiva en este caso: Es una pieza única que une el cuerpo superior con una falda integrada y cubre parte de las piernas.",,,
JUEZ-450,BLU-022,coloquial,"¿Me ayudas a ubicar esta prenda en vestido, polo, blusa o jeans? Te cuento cómo es: Es una prenda superior de vestir en tejido plano de popelina; no incorpora falda ni perneras. Color: azul marino. Detalles: Manga tres cuartos; escote en V; corte recto; sin botones.",blusa,blusa|blusas|blouse,"CORRECTO si la respuesta identifica únicamente la categoría esperada o un sinónimo aceptado; INCORRECTO si elige otra categoría, mezcla categorías incompatibles o se abstiene. SIN_RESPUESTA si está vacía. Ignore mayúsculas, tildes y singular/plural. No penalice una explicación adicional coherente. No use el color ni la talla como criterio decisivo. Evidencia decisiva en este caso: Es una prenda superior de vestir en tejido plano de popelina; no incorpora falda ni perneras.",,,
JUEZ-451,VES-008,distractor,"En una foto aparece un bolso junto a esta prenda. ¿Cómo clasificarías únicamente la prenda entre vestido, polo, blusa y jeans, sin clasificar el bolso? Es una pieza única que une el cuerpo superior con una falda integrada y cubre parte de las piernas. Color: terracota. Detalles: Manga corta; cuello camisero; botones frontales; cinturón; largo midi.",vestido,vestido|vestidos|dress,"CORRECTO si la respuesta identifica únicamente la categoría esperada o un sinónimo aceptado; INCORRECTO si elige otra categoría, mezcla categorías incompatibles o se abstiene. SIN_RESPUESTA si está vacía. Ignore mayúsculas, tildes y singular/plural. No penalice una explicación adicional coherente. No use el color ni la talla como criterio decisivo. Evidencia decisiva en este caso: Es una pieza única que une el cuerpo superior con una falda integrada y cubre parte de las piernas. El bolso no es el objeto de clasificación.",,,
JUEZ-452,POL-010,errores_ortograficos,"Que categoria coresponde a esta prendaa: vestido, polo, blusa o jeans Es una prendaa superior casual de punto jersey de algodon, de la familia de las camisetas. Color: borgona. Detayes: Manga corta; escote en V; corte regular; acabado liso.?",polo,polo|polos|camiseta|camisetas|t-shirt,"CORRECTO si la respuesta identifica únicamente la categoría esperada o un sinónimo aceptado; INCORRECTO si elige otra categoría, mezcla categorías incompatibles o se abstiene. SIN_RESPUESTA si está vacía. Ignore mayúsculas, tildes y singular/plural. No penalice una explicación adicional coherente. No use el color ni la talla como criterio decisivo. Evidencia decisiva en este caso: Es una prenda superior casual de punto jersey de algodón, de la familia de las camisetas.",,,
JUEZ-453,VES-014,directa,"¿A cuál de las categorías vestido, polo, blusa o jeans pertenece la prenda descrita? Es una pieza única que une el cuerpo superior con una falda integrada y cubre parte de las piernas. Color: marfil. Detalles: Manga tres cuartos; escote en V; cierre cruzado con lazo lateral; largo midi.",vestido,vestido|vestidos|dress,"CORRECTO si la respuesta identifica únicamente la categoría esperada o un sinónimo aceptado; INCORRECTO si elige otra categoría, mezcla categorías incompatibles o se abstiene. SIN_RESPUESTA si está vacía. Ignore mayúsculas, tildes y singular/plural. No penalice una explicación adicional coherente. No use el color ni la talla como criterio decisivo. Evidencia decisiva en este caso: Es una pieza única que une el cuerpo superior con una falda integrada y cubre parte de las piernas.",,,
JUEZ-454,JEA-004,coloquial,"¿Me ayudas a ubicar esta prenda en vestido, polo, blusa o jeans? Te cuento cómo es: Es un pantalón confeccionado en denim, con dos perneras y bolsillos característicos. Color: negro. Detalles: Tiro medio; pernera recta; cinco bolsillos; cierre frontal con botón y cremallera.",jeans,jeans|jean|vaquero|vaqueros|pantalón vaquero|pantalón de mezclilla,"CORRECTO si la respuesta identifica únicamente la categoría esperada o un sinónimo aceptado; INCORRECTO si elige otra categoría, mezcla categorías incompatibles o se abstiene. SIN_RESPUESTA si está vacía. Ignore mayúsculas, tildes y singular/plural. No penalice una explicación adicional coherente. No use el color ni la talla como criterio decisivo. Evidencia decisiva en este caso: Es un pantalón confeccionado en denim, con dos perneras y bolsillos característicos.",,,
JUEZ-455,JEA-013,etiqueta_incorrecta,"Una etiqueta automática posiblemente equivocada dice «blusa». ¿Qué categoría corresponde realmente según la descripción: vestido, polo, blusa o jeans? Es un pantalón confeccionado en denim, con dos perneras y bolsillos característicos. Color: azul claro. Detalles: Tiro alto; pernera ancha desde la cadera; cinco bolsillos.",jeans,jeans|jean|vaquero|vaqueros|pantalón vaquero|pantalón de mezclilla,"CORRECTO si la respuesta identifica únicamente la categoría esperada o un sinónimo aceptado; INCORRECTO si elige otra categoría, mezcla categorías incompatibles o se abstiene. SIN_RESPUESTA si está vacía. Ignore mayúsculas, tildes y singular/plural. No penalice una explicación adicional coherente. No use el color ni la talla como criterio decisivo. Evidencia decisiva en este caso: Es un pantalón confeccionado en denim, con dos perneras y bolsillos característicos. La descripción prevalece sobre la etiqueta automática errónea.",,,
JUEZ-456,VES-012,coloquial,"¿Me ayudas a ubicar esta prenda en vestido, polo, blusa o jeans? Te cuento cómo es: Es una pieza única que une el cuerpo superior con una falda integrada y cubre parte de las piernas. Color: azul marino. Detalles: Manga tres cuartos; escote en V; cierre cruzado con lazo lateral; largo midi.",vestido,vestido|vestidos|dress,"CORRECTO si la respuesta identifica únicamente la categoría esperada o un sinónimo aceptado; INCORRECTO si elige otra categoría, mezcla categorías incompatibles o se abstiene. SIN_RESPUESTA si está vacía. Ignore mayúsculas, tildes y singular/plural. No penalice una explicación adicional coherente. No use el color ni la talla como criterio decisivo. Evidencia decisiva en este caso: Es una pieza única que une el cuerpo superior con una falda integrada y cubre parte de las piernas.",,,
JUEZ-457,BLU-016,distractor,"En una foto aparece un bolso junto a esta prenda. ¿Cómo clasificarías únicamente la prenda entre vestido, polo, blusa y jeans, sin clasificar el bolso? Es una prenda superior de vestir en tejido plano de popelina; no incorpora falda ni perneras. Color: verde esmeralda. Detalles: Sin mangas; escote redondo; cintura marcada; volante inferior.",blusa,blusa|blusas|blouse,"CORRECTO si la respuesta identifica únicamente la categoría esperada o un sinónimo aceptado; INCORRECTO si elige otra categoría, mezcla categorías incompatibles o se abstiene. SIN_RESPUESTA si está vacía. Ignore mayúsculas, tildes y singular/plural. No penalice una explicación adicional coherente. No use el color ni la talla como criterio decisivo. Evidencia decisiva en este caso: Es una prenda superior de vestir en tejido plano de popelina; no incorpora falda ni perneras. El bolso no es el objeto de clasificación.",,,
JUEZ-458,VES-022,etiqueta_incorrecta,"Una etiqueta automática posiblemente equivocada dice «jeans». ¿Qué categoría corresponde realmente según la descripción: vestido, polo, blusa o jeans? Es una pieza única que une el cuerpo superior con una falda integrada y cubre parte de las piernas. Color: azul marino. Detalles: Manga corta; escote redondo; corte recto; largo sobre la rodilla.",vestido,vestido|vestidos|dress,"CORRECTO si la respuesta identifica únicamente la categoría esperada o un sinónimo aceptado; INCORRECTO si elige otra categoría, mezcla categorías incompatibles o se abstiene. SIN_RESPUESTA si está vacía. Ignore mayúsculas, tildes y singular/plural. No penalice una explicación adicional coherente. No use el color ni la talla como criterio decisivo. Evidencia decisiva en este caso: Es una pieza única que une el cuerpo superior con una falda integrada y cubre parte de las piernas. La descripción prevalece sobre la etiqueta automática errónea.",,,
JUEZ-459,JEA-003,etiqueta_incorrecta,"Una etiqueta automática posiblemente equivocada dice «blusa». ¿Qué categoría corresponde realmente según la descripción: vestido, polo, blusa o jeans? Es un pantalón confeccionado en denim, con dos perneras y bolsillos característicos. Color: azul claro. Detalles: Tiro medio; pernera recta; cinco bolsillos; cierre frontal con botón y cremallera.",jeans,jeans|jean|vaquero|vaqueros|pantalón vaquero|pantalón de mezclilla,"CORRECTO si la respuesta identifica únicamente la categoría esperada o un sinónimo aceptado; INCORRECTO si elige otra categoría, mezcla categorías incompatibles o se abstiene. SIN_RESPUESTA si está vacía. Ignore mayúsculas, tildes y singular/plural. No penalice una explicación adicional coherente. No use el color ni la talla como criterio decisivo. Evidencia decisiva en este caso: Es un pantalón confeccionado en denim, con dos perneras y bolsillos característicos. La descripción prevalece sobre la etiqueta automática errónea.",,,
JUEZ-460,VES-002,distractor,"En una foto aparece un bolso junto a esta prenda. ¿Cómo clasificarías únicamente la prenda entre vestido, polo, blusa y jeans, sin clasificar el bolso? Es una pieza única que une el cuerpo superior con una falda integrada y cubre parte de las piernas. Color: azul marino. Detalles: Sin mangas; escote redondo; cintura entallada; falda en línea A hasta la rodilla.",vestido,vestido|vestidos|dress,"CORRECTO si la respuesta identifica únicamente la categoría esperada o un sinónimo aceptado; INCORRECTO si elige otra categoría, mezcla categorías incompatibles o se abstiene. SIN_RESPUESTA si está vacía. Ignore mayúsculas, tildes y singular/plural. No penalice una explicación adicional coherente. No use el color ni la talla como criterio decisivo. Evidencia decisiva en este caso: Es una pieza única que une el cuerpo superior con una falda integrada y cubre parte de las piernas. El bolso no es el objeto de clasificación.",,,
JUEZ-461,VES-012,distractor,"En una foto aparece un bolso junto a esta prenda. ¿Cómo clasificarías únicamente la prenda entre vestido, polo, blusa y jeans, sin clasificar el bolso? Es una pieza única que une el cuerpo superior con una falda integrada y cubre parte de las piernas. Color: azul marino. Detalles: Manga tres cuartos; escote en V; cierre cruzado con lazo lateral; largo midi.",vestido,vestido|vestidos|dress,"CORRECTO si la respuesta identifica únicamente la categoría esperada o un sinónimo aceptado; INCORRECTO si elige otra categoría, mezcla categorías incompatibles o se abstiene. SIN_RESPUESTA si está vacía. Ignore mayúsculas, tildes y singular/plural. No penalice una explicación adicional coherente. No use el color ni la talla como criterio decisivo. Evidencia decisiva en este caso: Es una pieza única que une el cuerpo superior con una falda integrada y cubre parte de las piernas. El bolso no es el objeto de clasificación.",,,
JUEZ-462,BLU-015,etiqueta_incorrecta,"Una etiqueta automática posiblemente equivocada dice «jeans». ¿Qué categoría corresponde realmente según la descripción: vestido, polo, blusa o jeans? Es una prenda superior de vestir en tejido plano de popelina; no incorpora falda ni perneras. Color: borgoña. Detalles: Manga corta abullonada; escote cuadrado; cuerpo entallado.",blusa,blusa|blusas|blouse,"CORRECTO si la respuesta identifica únicamente la categoría esperada o un sinónimo aceptado; INCORRECTO si elige otra categoría, mezcla categorías incompatibles o se abstiene. SIN_RESPUESTA si está vacía. Ignore mayúsculas, tildes y singular/plural. No penalice una explicación adicional coherente. No use el color ni la talla como criterio decisivo. Evidencia decisiva en este caso: Es una prenda superior de vestir en tejido plano de popelina; no incorpora falda ni perneras. La descripción prevalece sobre la etiqueta automática errónea.",,,
JUEZ-463,BLU-003,errores_ortograficos,"Que categoria coresponde a esta prendaa: vestido, polo, blusa o jeans Es una prendaa superior de vestir en tejido plano de popelina; no incorpora falda ni perneras. Color: terracota. Detayes: Manga larga; cuello camisero; botones frontales; punos abotonados.?",blusa,blusa|blusas|blouse,"CORRECTO si la respuesta identifica únicamente la categoría esperada o un sinónimo aceptado; INCORRECTO si elige otra categoría, mezcla categorías incompatibles o se abstiene. SIN_RESPUESTA si está vacía. Ignore mayúsculas, tildes y singular/plural. No penalice una explicación adicional coherente. No use el color ni la talla como criterio decisivo. Evidencia decisiva en este caso: Es una prenda superior de vestir en tejido plano de popelina; no incorpora falda ni perneras.",,,
JUEZ-464,VES-009,errores_ortograficos,"Que categoria coresponde a esta prendaa: vestido, polo, blusa o jeans Es una pieza unica que une el cuerpo superior con una falda integrada y cubre parte de las piernas. Color: marfil. Detayes: Manga corta; cuello camisero; botones frontales; cinturon; largo midi.?",vestido,vestido|vestidos|dress,"CORRECTO si la respuesta identifica únicamente la categoría esperada o un sinónimo aceptado; INCORRECTO si elige otra categoría, mezcla categorías incompatibles o se abstiene. SIN_RESPUESTA si está vacía. Ignore mayúsculas, tildes y singular/plural. No penalice una explicación adicional coherente. No use el color ni la talla como criterio decisivo. Evidencia decisiva en este caso: Es una pieza única que une el cuerpo superior con una falda integrada y cubre parte de las piernas.",,,
JUEZ-465,BLU-003,etiqueta_incorrecta,"Una etiqueta automática posiblemente equivocada dice «jeans». ¿Qué categoría corresponde realmente según la descripción: vestido, polo, blusa o jeans? Es una prenda superior de vestir en tejido plano de popelina; no incorpora falda ni perneras. Color: terracota. Detalles: Manga larga; cuello camisero; botones frontales; puños abotonados.",blusa,blusa|blusas|blouse,"CORRECTO si la respuesta identifica únicamente la categoría esperada o un sinónimo aceptado; INCORRECTO si elige otra categoría, mezcla categorías incompatibles o se abstiene. SIN_RESPUESTA si está vacía. Ignore mayúsculas, tildes y singular/plural. No penalice una explicación adicional coherente. No use el color ni la talla como criterio decisivo. Evidencia decisiva en este caso: Es una prenda superior de vestir en tejido plano de popelina; no incorpora falda ni perneras. La descripción prevalece sobre la etiqueta automática errónea.",,,
JUEZ-466,POL-014,distractor,"En una foto aparece un bolso junto a esta prenda. ¿Cómo clasificarías únicamente la prenda entre vestido, polo, blusa y jeans, sin clasificar el bolso? Es una prenda superior casual de punto jersey de algodón, de la familia de las camisetas. Color: marfil. Detalles: Manga corta amplia; hombros caídos; cuello redondo; corte holgado.",polo,polo|polos|camiseta|camisetas|t-shirt,"CORRECTO si la respuesta identifica únicamente la categoría esperada o un sinónimo aceptado; INCORRECTO si elige otra categoría, mezcla categorías incompatibles o se abstiene. SIN_RESPUESTA si está vacía. Ignore mayúsculas, tildes y singular/plural. No penalice una explicación adicional coherente. No use el color ni la talla como criterio decisivo. Evidencia decisiva en este caso: Es una prenda superior casual de punto jersey de algodón, de la familia de las camisetas. El bolso no es el objeto de clasificación.",,,
JUEZ-467,POL-005,coloquial,"¿Me ayudas a ubicar esta prenda en vestido, polo, blusa o jeans? Te cuento cómo es: Es una prenda superior casual de punto jersey de algodón, de la familia de las camisetas. Color: borgoña. Detalles: Manga corta; cuello redondo; corte regular; acabado liso.",polo,polo|polos|camiseta|camisetas|t-shirt,"CORRECTO si la respuesta identifica únicamente la categoría esperada o un sinónimo aceptado; INCORRECTO si elige otra categoría, mezcla categorías incompatibles o se abstiene. SIN_RESPUESTA si está vacía. Ignore mayúsculas, tildes y singular/plural. No penalice una explicación adicional coherente. No use el color ni la talla como criterio decisivo. Evidencia decisiva en este caso: Es una prenda superior casual de punto jersey de algodón, de la familia de las camisetas.",,,
JUEZ-468,VES-022,coloquial,"¿Me ayudas a ubicar esta prenda en vestido, polo, blusa o jeans? Te cuento cómo es: Es una pieza única que une el cuerpo superior con una falda integrada y cubre parte de las piernas. Color: azul marino. Detalles: Manga corta; escote redondo; corte recto; largo sobre la rodilla.",vestido,vestido|vestidos|dress,"CORRECTO si la respuesta identifica únicamente la categoría esperada o un sinónimo aceptado; INCORRECTO si elige otra categoría, mezcla categorías incompatibles o se abstiene. SIN_RESPUESTA si está vacía. Ignore mayúsculas, tildes y singular/plural. No penalice una explicación adicional coherente. No use el color ni la talla como criterio decisivo. Evidencia decisiva en este caso: Es una pieza única que une el cuerpo superior con una falda integrada y cubre parte de las piernas.",,,
JUEZ-469,BLU-024,distractor,"En una foto aparece un bolso junto a esta prenda. ¿Cómo clasificarías únicamente la prenda entre vestido, polo, blusa y jeans, sin clasificar el bolso? Es una prenda superior de vestir en tejido plano de popelina; no incorpora falda ni perneras. Color: marfil. Detalles: Manga tres cuartos; escote en V; corte recto; sin botones.",blusa,blusa|blusas|blouse,"CORRECTO si la respuesta identifica únicamente la categoría esperada o un sinónimo aceptado; INCORRECTO si elige otra categoría, mezcla categorías incompatibles o se abstiene. SIN_RESPUESTA si está vacía. Ignore mayúsculas, tildes y singular/plural. No penalice una explicación adicional coherente. No use el color ni la talla como criterio decisivo. Evidencia decisiva en este caso: Es una prenda superior de vestir en tejido plano de popelina; no incorpora falda ni perneras. El bolso no es el objeto de clasificación.",,,
JUEZ-470,POL-022,directa,"¿A cuál de las categorías vestido, polo, blusa o jeans pertenece la prenda descrita? Es una prenda superior casual de punto jersey de algodón, de la familia de las camisetas. Color: azul marino. Detalles: Manga corta; cuello redondo; bolsillo de parche en el pecho.",polo,polo|polos|camiseta|camisetas|t-shirt,"CORRECTO si la respuesta identifica únicamente la categoría esperada o un sinónimo aceptado; INCORRECTO si elige otra categoría, mezcla categorías incompatibles o se abstiene. SIN_RESPUESTA si está vacía. Ignore mayúsculas, tildes y singular/plural. No penalice una explicación adicional coherente. No use el color ni la talla como criterio decisivo. Evidencia decisiva en este caso: Es una prenda superior casual de punto jersey de algodón, de la familia de las camisetas.",,,
JUEZ-471,BLU-020,distractor,"En una foto aparece un bolso junto a esta prenda. ¿Cómo clasificarías únicamente la prenda entre vestido, polo, blusa y jeans, sin clasificar el bolso? Es una prenda superior de vestir en tejido plano de popelina; no incorpora falda ni perneras. Color: borgoña. Detalles: Sin mangas; escote redondo; cintura marcada; volante inferior.",blusa,blusa|blusas|blouse,"CORRECTO si la respuesta identifica únicamente la categoría esperada o un sinónimo aceptado; INCORRECTO si elige otra categoría, mezcla categorías incompatibles o se abstiene. SIN_RESPUESTA si está vacía. Ignore mayúsculas, tildes y singular/plural. No penalice una explicación adicional coherente. No use el color ni la talla como criterio decisivo. Evidencia decisiva en este caso: Es una prenda superior de vestir en tejido plano de popelina; no incorpora falda ni perneras. El bolso no es el objeto de clasificación.",,,
JUEZ-472,JEA-015,etiqueta_incorrecta,"Una etiqueta automática posiblemente equivocada dice «blusa». ¿Qué categoría corresponde realmente según la descripción: vestido, polo, blusa o jeans? Es un pantalón confeccionado en denim, con dos perneras y bolsillos característicos. Color: gris. Detalles: Tiro alto; pernera ancha desde la cadera; cinco bolsillos.",jeans,jeans|jean|vaquero|vaqueros|pantalón vaquero|pantalón de mezclilla,"CORRECTO si la respuesta identifica únicamente la categoría esperada o un sinónimo aceptado; INCORRECTO si elige otra categoría, mezcla categorías incompatibles o se abstiene. SIN_RESPUESTA si está vacía. Ignore mayúsculas, tildes y singular/plural. No penalice una explicación adicional coherente. No use el color ni la talla como criterio decisivo. Evidencia decisiva en este caso: Es un pantalón confeccionado en denim, con dos perneras y bolsillos característicos. La descripción prevalece sobre la etiqueta automática errónea.",,,
JUEZ-473,JEA-015,distractor,"En una foto aparece un bolso junto a esta prenda. ¿Cómo clasificarías únicamente la prenda entre vestido, polo, blusa y jeans, sin clasificar el bolso? Es un pantalón confeccionado en denim, con dos perneras y bolsillos característicos. Color: gris. Detalles: Tiro alto; pernera ancha desde la cadera; cinco bolsillos.",jeans,jeans|jean|vaquero|vaqueros|pantalón vaquero|pantalón de mezclilla,"CORRECTO si la respuesta identifica únicamente la categoría esperada o un sinónimo aceptado; INCORRECTO si elige otra categoría, mezcla categorías incompatibles o se abstiene. SIN_RESPUESTA si está vacía. Ignore mayúsculas, tildes y singular/plural. No penalice una explicación adicional coherente. No use el color ni la talla como criterio decisivo. Evidencia decisiva en este caso: Es un pantalón confeccionado en denim, con dos perneras y bolsillos característicos. El bolso no es el objeto de clasificación.",,,
JUEZ-474,VES-002,coloquial,"¿Me ayudas a ubicar esta prenda en vestido, polo, blusa o jeans? Te cuento cómo es: Es una pieza única que une el cuerpo superior con una falda integrada y cubre parte de las piernas. Color: azul marino. Detalles: Sin mangas; escote redondo; cintura entallada; falda en línea A hasta la rodilla.",vestido,vestido|vestidos|dress,"CORRECTO si la respuesta identifica únicamente la categoría esperada o un sinónimo aceptado; INCORRECTO si elige otra categoría, mezcla categorías incompatibles o se abstiene. SIN_RESPUESTA si está vacía. Ignore mayúsculas, tildes y singular/plural. No penalice una explicación adicional coherente. No use el color ni la talla como criterio decisivo. Evidencia decisiva en este caso: Es una pieza única que une el cuerpo superior con una falda integrada y cubre parte de las piernas.",,,
JUEZ-475,POL-003,coloquial,"¿Me ayudas a ubicar esta prenda en vestido, polo, blusa o jeans? Te cuento cómo es: Es una prenda superior casual de punto jersey de algodón, de la familia de las camisetas. Color: terracota. Detalles: Manga corta; cuello redondo; corte regular; acabado liso.",polo,polo|polos|camiseta|camisetas|t-shirt,"CORRECTO si la respuesta identifica únicamente la categoría esperada o un sinónimo aceptado; INCORRECTO si elige otra categoría, mezcla categorías incompatibles o se abstiene. SIN_RESPUESTA si está vacía. Ignore mayúsculas, tildes y singular/plural. No penalice una explicación adicional coherente. No use el color ni la talla como criterio decisivo. Evidencia decisiva en este caso: Es una prenda superior casual de punto jersey de algodón, de la familia de las camisetas.",,,
JUEZ-476,JEA-004,directa,"¿A cuál de las categorías vestido, polo, blusa o jeans pertenece la prenda descrita? Es un pantalón confeccionado en denim, con dos perneras y bolsillos característicos. Color: negro. Detalles: Tiro medio; pernera recta; cinco bolsillos; cierre frontal con botón y cremallera.",jeans,jeans|jean|vaquero|vaqueros|pantalón vaquero|pantalón de mezclilla,"CORRECTO si la respuesta identifica únicamente la categoría esperada o un sinónimo aceptado; INCORRECTO si elige otra categoría, mezcla categorías incompatibles o se abstiene. SIN_RESPUESTA si está vacía. Ignore mayúsculas, tildes y singular/plural. No penalice una explicación adicional coherente. No use el color ni la talla como criterio decisivo. Evidencia decisiva en este caso: Es un pantalón confeccionado en denim, con dos perneras y bolsillos característicos.",,,
JUEZ-477,JEA-010,directa,"¿A cuál de las categorías vestido, polo, blusa o jeans pertenece la prenda descrita? Es un pantalón confeccionado en denim, con dos perneras y bolsillos característicos. Color: gris. Detalles: Tiro alto; pernera ajustada; cinco bolsillos; largo al tobillo.",jeans,jeans|jean|vaquero|vaqueros|pantalón vaquero|pantalón de mezclilla,"CORRECTO si la respuesta identifica únicamente la categoría esperada o un sinónimo aceptado; INCORRECTO si elige otra categoría, mezcla categorías incompatibles o se abstiene. SIN_RESPUESTA si está vacía. Ignore mayúsculas, tildes y singular/plural. No penalice una explicación adicional coherente. No use el color ni la talla como criterio decisivo. Evidencia decisiva en este caso: Es un pantalón confeccionado en denim, con dos perneras y bolsillos característicos.",,,
JUEZ-478,JEA-017,etiqueta_incorrecta,"Una etiqueta automática posiblemente equivocada dice «blusa». ¿Qué categoría corresponde realmente según la descripción: vestido, polo, blusa o jeans? Es un pantalón confeccionado en denim, con dos perneras y bolsillos característicos. Color: azul medio. Detalles: Tiro alto; holgura en cadera; pernera que se estrecha al tobillo.",jeans,jeans|jean|vaquero|vaqueros|pantalón vaquero|pantalón de mezclilla,"CORRECTO si la respuesta identifica únicamente la categoría esperada o un sinónimo aceptado; INCORRECTO si elige otra categoría, mezcla categorías incompatibles o se abstiene. SIN_RESPUESTA si está vacía. Ignore mayúsculas, tildes y singular/plural. No penalice una explicación adicional coherente. No use el color ni la talla como criterio decisivo. Evidencia decisiva en este caso: Es un pantalón confeccionado en denim, con dos perneras y bolsillos característicos. La descripción prevalece sobre la etiqueta automática errónea.",,,
JUEZ-479,BLU-013,distractor,"En una foto aparece un bolso junto a esta prenda. ¿Cómo clasificarías únicamente la prenda entre vestido, polo, blusa y jeans, sin clasificar el bolso? Es una prenda superior de vestir en tejido plano de popelina; no incorpora falda ni perneras. Color: terracota. Detalles: Manga corta abullonada; escote cuadrado; cuerpo entallado.",blusa,blusa|blusas|blouse,"CORRECTO si la respuesta identifica únicamente la categoría esperada o un sinónimo aceptado; INCORRECTO si elige otra categoría, mezcla categorías incompatibles o se abstiene. SIN_RESPUESTA si está vacía. Ignore mayúsculas, tildes y singular/plural. No penalice una explicación adicional coherente. No use el color ni la talla como criterio decisivo. Evidencia decisiva en este caso: Es una prenda superior de vestir en tejido plano de popelina; no incorpora falda ni perneras. El bolso no es el objeto de clasificación.",,,
JUEZ-480,JEA-014,errores_ortograficos,"Que categoria coresponde a esta prendaa: vestido, polo, blusa o jeans Es un pantalon confeccionado en denim, con dos perneras y bolsillos caracteristicos. Color: negro. Detayes: Tiro alto; pernera ancha desde la cadera; cinco bolsillos.?",jeans,jeans|jean|vaquero|vaqueros|pantalón vaquero|pantalón de mezclilla,"CORRECTO si la respuesta identifica únicamente la categoría esperada o un sinónimo aceptado; INCORRECTO si elige otra categoría, mezcla categorías incompatibles o se abstiene. SIN_RESPUESTA si está vacía. Ignore mayúsculas, tildes y singular/plural. No penalice una explicación adicional coherente. No use el color ni la talla como criterio decisivo. Evidencia decisiva en este caso: Es un pantalón confeccionado en denim, con dos perneras y bolsillos característicos.",,,
JUEZ-481,JEA-001,coloquial,"¿Me ayudas a ubicar esta prenda en vestido, polo, blusa o jeans? Te cuento cómo es: Es un pantalón confeccionado en denim, con dos perneras y bolsillos característicos. Color: azul índigo. Detalles: Tiro medio; pernera recta; cinco bolsillos; cierre frontal con botón y cremallera.",jeans,jeans|jean|vaquero|vaqueros|pantalón vaquero|pantalón de mezclilla,"CORRECTO si la respuesta identifica únicamente la categoría esperada o un sinónimo aceptado; INCORRECTO si elige otra categoría, mezcla categorías incompatibles o se abstiene. SIN_RESPUESTA si está vacía. Ignore mayúsculas, tildes y singular/plural. No penalice una explicación adicional coherente. No use el color ni la talla como criterio decisivo. Evidencia decisiva en este caso: Es un pantalón confeccionado en denim, con dos perneras y bolsillos característicos.",,,
JUEZ-482,BLU-013,coloquial,"¿Me ayudas a ubicar esta prenda en vestido, polo, blusa o jeans? Te cuento cómo es: Es una prenda superior de vestir en tejido plano de popelina; no incorpora falda ni perneras. Color: terracota. Detalles: Manga corta abullonada; escote cuadrado; cuerpo entallado.",blusa,blusa|blusas|blouse,"CORRECTO si la respuesta identifica únicamente la categoría esperada o un sinónimo aceptado; INCORRECTO si elige otra categoría, mezcla categorías incompatibles o se abstiene. SIN_RESPUESTA si está vacía. Ignore mayúsculas, tildes y singular/plural. No penalice una explicación adicional coherente. No use el color ni la talla como criterio decisivo. Evidencia decisiva en este caso: Es una prenda superior de vestir en tejido plano de popelina; no incorpora falda ni perneras.",,,
JUEZ-483,POL-024,etiqueta_incorrecta,"Una etiqueta automática posiblemente equivocada dice «vestido». ¿Qué categoría corresponde realmente según la descripción: vestido, polo, blusa o jeans? Es una prenda superior casual de punto jersey de algodón, de la familia de las camisetas. Color: marfil. Detalles: Manga corta; cuello redondo; bolsillo de parche en el pecho.",polo,polo|polos|camiseta|camisetas|t-shirt,"CORRECTO si la respuesta identifica únicamente la categoría esperada o un sinónimo aceptado; INCORRECTO si elige otra categoría, mezcla categorías incompatibles o se abstiene. SIN_RESPUESTA si está vacía. Ignore mayúsculas, tildes y singular/plural. No penalice una explicación adicional coherente. No use el color ni la talla como criterio decisivo. Evidencia decisiva en este caso: Es una prenda superior casual de punto jersey de algodón, de la familia de las camisetas. La descripción prevalece sobre la etiqueta automática errónea.",,,
JUEZ-484,POL-003,etiqueta_incorrecta,"Una etiqueta automática posiblemente equivocada dice «vestido». ¿Qué categoría corresponde realmente según la descripción: vestido, polo, blusa o jeans? Es una prenda superior casual de punto jersey de algodón, de la familia de las camisetas. Color: terracota. Detalles: Manga corta; cuello redondo; corte regular; acabado liso.",polo,polo|polos|camiseta|camisetas|t-shirt,"CORRECTO si la respuesta identifica únicamente la categoría esperada o un sinónimo aceptado; INCORRECTO si elige otra categoría, mezcla categorías incompatibles o se abstiene. SIN_RESPUESTA si está vacía. Ignore mayúsculas, tildes y singular/plural. No penalice una explicación adicional coherente. No use el color ni la talla como criterio decisivo. Evidencia decisiva en este caso: Es una prenda superior casual de punto jersey de algodón, de la familia de las camisetas. La descripción prevalece sobre la etiqueta automática errónea.",,,
JUEZ-485,POL-008,errores_ortograficos,"Que categoria coresponde a esta prendaa: vestido, polo, blusa o jeans Es una prendaa superior casual de punto jersey de algodon, de la familia de las camisetas. Color: terracota. Detayes: Manga corta; escote en V; corte regular; acabado liso.?",polo,polo|polos|camiseta|camisetas|t-shirt,"CORRECTO si la respuesta identifica únicamente la categoría esperada o un sinónimo aceptado; INCORRECTO si elige otra categoría, mezcla categorías incompatibles o se abstiene. SIN_RESPUESTA si está vacía. Ignore mayúsculas, tildes y singular/plural. No penalice una explicación adicional coherente. No use el color ni la talla como criterio decisivo. Evidencia decisiva en este caso: Es una prenda superior casual de punto jersey de algodón, de la familia de las camisetas.",,,
JUEZ-486,BLU-002,directa,"¿A cuál de las categorías vestido, polo, blusa o jeans pertenece la prenda descrita? Es una prenda superior de vestir en tejido plano de popelina; no incorpora falda ni perneras. Color: azul marino. Detalles: Manga larga; cuello camisero; botones frontales; puños abotonados.",blusa,blusa|blusas|blouse,"CORRECTO si la respuesta identifica únicamente la categoría esperada o un sinónimo aceptado; INCORRECTO si elige otra categoría, mezcla categorías incompatibles o se abstiene. SIN_RESPUESTA si está vacía. Ignore mayúsculas, tildes y singular/plural. No penalice una explicación adicional coherente. No use el color ni la talla como criterio decisivo. Evidencia decisiva en este caso: Es una prenda superior de vestir en tejido plano de popelina; no incorpora falda ni perneras.",,,
JUEZ-487,JEA-017,distractor,"En una foto aparece un bolso junto a esta prenda. ¿Cómo clasificarías únicamente la prenda entre vestido, polo, blusa y jeans, sin clasificar el bolso? Es un pantalón confeccionado en denim, con dos perneras y bolsillos característicos. Color: azul medio. Detalles: Tiro alto; holgura en cadera; pernera que se estrecha al tobillo.",jeans,jeans|jean|vaquero|vaqueros|pantalón vaquero|pantalón de mezclilla,"CORRECTO si la respuesta identifica únicamente la categoría esperada o un sinónimo aceptado; INCORRECTO si elige otra categoría, mezcla categorías incompatibles o se abstiene. SIN_RESPUESTA si está vacía. Ignore mayúsculas, tildes y singular/plural. No penalice una explicación adicional coherente. No use el color ni la talla como criterio decisivo. Evidencia decisiva en este caso: Es un pantalón confeccionado en denim, con dos perneras y bolsillos característicos. El bolso no es el objeto de clasificación.",,,
JUEZ-488,BLU-017,distractor,"En una foto aparece un bolso junto a esta prenda. ¿Cómo clasificarías únicamente la prenda entre vestido, polo, blusa y jeans, sin clasificar el bolso? Es una prenda superior de vestir en tejido plano de popelina; no incorpora falda ni perneras. Color: azul marino. Detalles: Sin mangas; escote redondo; cintura marcada; volante inferior.",blusa,blusa|blusas|blouse,"CORRECTO si la respuesta identifica únicamente la categoría esperada o un sinónimo aceptado; INCORRECTO si elige otra categoría, mezcla categorías incompatibles o se abstiene. SIN_RESPUESTA si está vacía. Ignore mayúsculas, tildes y singular/plural. No penalice una explicación adicional coherente. No use el color ni la talla como criterio decisivo. Evidencia decisiva en este caso: Es una prenda superior de vestir en tejido plano de popelina; no incorpora falda ni perneras. El bolso no es el objeto de clasificación.",,,
JUEZ-489,VES-010,errores_ortograficos,"Que categoria coresponde a esta prendaa: vestido, polo, blusa o jeans Es una pieza unica que une el cuerpo superior con una falda integrada y cubre parte de las piernas. Color: borgona. Detayes: Manga corta; cuello camisero; botones frontales; cinturon; largo midi.?",vestido,vestido|vestidos|dress,"CORRECTO si la respuesta identifica únicamente la categoría esperada o un sinónimo aceptado; INCORRECTO si elige otra categoría, mezcla categorías incompatibles o se abstiene. SIN_RESPUESTA si está vacía. Ignore mayúsculas, tildes y singular/plural. No penalice una explicación adicional coherente. No use el color ni la talla como criterio decisivo. Evidencia decisiva en este caso: Es una pieza única que une el cuerpo superior con una falda integrada y cubre parte de las piernas.",,,
JUEZ-490,JEA-019,coloquial,"¿Me ayudas a ubicar esta prenda en vestido, polo, blusa o jeans? Te cuento cómo es: Es un pantalón confeccionado en denim, con dos perneras y bolsillos característicos. Color: negro. Detalles: Tiro alto; holgura en cadera; pernera que se estrecha al tobillo.",jeans,jeans|jean|vaquero|vaqueros|pantalón vaquero|pantalón de mezclilla,"CORRECTO si la respuesta identifica únicamente la categoría esperada o un sinónimo aceptado; INCORRECTO si elige otra categoría, mezcla categorías incompatibles o se abstiene. SIN_RESPUESTA si está vacía. Ignore mayúsculas, tildes y singular/plural. No penalice una explicación adicional coherente. No use el color ni la talla como criterio decisivo. Evidencia decisiva en este caso: Es un pantalón confeccionado en denim, con dos perneras y bolsillos característicos.",,,
JUEZ-491,POL-012,directa,"¿A cuál de las categorías vestido, polo, blusa o jeans pertenece la prenda descrita? Es una prenda superior casual de punto jersey de algodón, de la familia de las camisetas. Color: azul marino. Detalles: Manga corta amplia; hombros caídos; cuello redondo; corte holgado.",polo,polo|polos|camiseta|camisetas|t-shirt,"CORRECTO si la respuesta identifica únicamente la categoría esperada o un sinónimo aceptado; INCORRECTO si elige otra categoría, mezcla categorías incompatibles o se abstiene. SIN_RESPUESTA si está vacía. Ignore mayúsculas, tildes y singular/plural. No penalice una explicación adicional coherente. No use el color ni la talla como criterio decisivo. Evidencia decisiva en este caso: Es una prenda superior casual de punto jersey de algodón, de la familia de las camisetas.",,,
JUEZ-492,BLU-022,distractor,"En una foto aparece un bolso junto a esta prenda. ¿Cómo clasificarías únicamente la prenda entre vestido, polo, blusa y jeans, sin clasificar el bolso? Es una prenda superior de vestir en tejido plano de popelina; no incorpora falda ni perneras. Color: azul marino. Detalles: Manga tres cuartos; escote en V; corte recto; sin botones.",blusa,blusa|blusas|blouse,"CORRECTO si la respuesta identifica únicamente la categoría esperada o un sinónimo aceptado; INCORRECTO si elige otra categoría, mezcla categorías incompatibles o se abstiene. SIN_RESPUESTA si está vacía. Ignore mayúsculas, tildes y singular/plural. No penalice una explicación adicional coherente. No use el color ni la talla como criterio decisivo. Evidencia decisiva en este caso: Es una prenda superior de vestir en tejido plano de popelina; no incorpora falda ni perneras. El bolso no es el objeto de clasificación.",,,
JUEZ-493,POL-017,errores_ortograficos,"Que categoria coresponde a esta prendaa: vestido, polo, blusa o jeans Es una prendaa superior casual de punto jersey de algodon, de la familia de las camisetas. Color: azul marino. Detayes: Manga larga; cuello redondo; punos acanalados; corte regular.?",polo,polo|polos|camiseta|camisetas|t-shirt,"CORRECTO si la respuesta identifica únicamente la categoría esperada o un sinónimo aceptado; INCORRECTO si elige otra categoría, mezcla categorías incompatibles o se abstiene. SIN_RESPUESTA si está vacía. Ignore mayúsculas, tildes y singular/plural. No penalice una explicación adicional coherente. No use el color ni la talla como criterio decisivo. Evidencia decisiva en este caso: Es una prenda superior casual de punto jersey de algodón, de la familia de las camisetas.",,,
JUEZ-494,POL-013,etiqueta_incorrecta,"Una etiqueta automática posiblemente equivocada dice «vestido». ¿Qué categoría corresponde realmente según la descripción: vestido, polo, blusa o jeans? Es una prenda superior casual de punto jersey de algodón, de la familia de las camisetas. Color: terracota. Detalles: Manga corta amplia; hombros caídos; cuello redondo; corte holgado.",polo,polo|polos|camiseta|camisetas|t-shirt,"CORRECTO si la respuesta identifica únicamente la categoría esperada o un sinónimo aceptado; INCORRECTO si elige otra categoría, mezcla categorías incompatibles o se abstiene. SIN_RESPUESTA si está vacía. Ignore mayúsculas, tildes y singular/plural. No penalice una explicación adicional coherente. No use el color ni la talla como criterio decisivo. Evidencia decisiva en este caso: Es una prenda superior casual de punto jersey de algodón, de la familia de las camisetas. La descripción prevalece sobre la etiqueta automática errónea.",,,
JUEZ-495,BLU-006,errores_ortograficos,"Que categoria coresponde a esta prendaa: vestido, polo, blusa o jeans Es una prendaa superior de vestir en tejido plano de popelina; no incorpora falda ni perneras. Color: verde esmeralda. Detayes: Manga larga; lazo al cuello; silueta ligeramente holgada.?",blusa,blusa|blusas|blouse,"CORRECTO si la respuesta identifica únicamente la categoría esperada o un sinónimo aceptado; INCORRECTO si elige otra categoría, mezcla categorías incompatibles o se abstiene. SIN_RESPUESTA si está vacía. Ignore mayúsculas, tildes y singular/plural. No penalice una explicación adicional coherente. No use el color ni la talla como criterio decisivo. Evidencia decisiva en este caso: Es una prenda superior de vestir en tejido plano de popelina; no incorpora falda ni perneras.",,,
JUEZ-496,JEA-019,distractor,"En una foto aparece un bolso junto a esta prenda. ¿Cómo clasificarías únicamente la prenda entre vestido, polo, blusa y jeans, sin clasificar el bolso? Es un pantalón confeccionado en denim, con dos perneras y bolsillos característicos. Color: negro. Detalles: Tiro alto; holgura en cadera; pernera que se estrecha al tobillo.",jeans,jeans|jean|vaquero|vaqueros|pantalón vaquero|pantalón de mezclilla,"CORRECTO si la respuesta identifica únicamente la categoría esperada o un sinónimo aceptado; INCORRECTO si elige otra categoría, mezcla categorías incompatibles o se abstiene. SIN_RESPUESTA si está vacía. Ignore mayúsculas, tildes y singular/plural. No penalice una explicación adicional coherente. No use el color ni la talla como criterio decisivo. Evidencia decisiva en este caso: Es un pantalón confeccionado en denim, con dos perneras y bolsillos característicos. El bolso no es el objeto de clasificación.",,,
JUEZ-497,JEA-014,coloquial,"¿Me ayudas a ubicar esta prenda en vestido, polo, blusa o jeans? Te cuento cómo es: Es un pantalón confeccionado en denim, con dos perneras y bolsillos característicos. Color: negro. Detalles: Tiro alto; pernera ancha desde la cadera; cinco bolsillos.",jeans,jeans|jean|vaquero|vaqueros|pantalón vaquero|pantalón de mezclilla,"CORRECTO si la respuesta identifica únicamente la categoría esperada o un sinónimo aceptado; INCORRECTO si elige otra categoría, mezcla categorías incompatibles o se abstiene. SIN_RESPUESTA si está vacía. Ignore mayúsculas, tildes y singular/plural. No penalice una explicación adicional coherente. No use el color ni la talla como criterio decisivo. Evidencia decisiva en este caso: Es un pantalón confeccionado en denim, con dos perneras y bolsillos característicos.",,,
JUEZ-498,VES-015,errores_ortograficos,"Que categoria coresponde a esta prendaa: vestido, polo, blusa o jeans Es una pieza unica que une el cuerpo superior con una falda integrada y cubre parte de las piernas. Color: borgona. Detayes: Manga tres cuartos; escote en V; cierre cruzado con lazo lateral; largo midi.?",vestido,vestido|vestidos|dress,"CORRECTO si la respuesta identifica únicamente la categoría esperada o un sinónimo aceptado; INCORRECTO si elige otra categoría, mezcla categorías incompatibles o se abstiene. SIN_RESPUESTA si está vacía. Ignore mayúsculas, tildes y singular/plural. No penalice una explicación adicional coherente. No use el color ni la talla como criterio decisivo. Evidencia decisiva en este caso: Es una pieza única que une el cuerpo superior con una falda integrada y cubre parte de las piernas.",,,
JUEZ-499,BLU-020,coloquial,"¿Me ayudas a ubicar esta prenda en vestido, polo, blusa o jeans? Te cuento cómo es: Es una prenda superior de vestir en tejido plano de popelina; no incorpora falda ni perneras. Color: borgoña. Detalles: Sin mangas; escote redondo; cintura marcada; volante inferior.",blusa,blusa|blusas|blouse,"CORRECTO si la respuesta identifica únicamente la categoría esperada o un sinónimo aceptado; INCORRECTO si elige otra categoría, mezcla categorías incompatibles o se abstiene. SIN_RESPUESTA si está vacía. Ignore mayúsculas, tildes y singular/plural. No penalice una explicación adicional coherente. No use el color ni la talla como criterio decisivo. Evidencia decisiva en este caso: Es una prenda superior de vestir en tejido plano de popelina; no incorpora falda ni perneras.",,,
JUEZ-500,VES-017,errores_ortograficos,"Que categoria coresponde a esta prendaa: vestido, polo, blusa o jeans Es una pieza unica que une el cuerpo superior con una falda integrada y cubre parte de las piernas. Color: azul marino. Detayes: Tirantes anchos; escote cuadrado; falda larga y amplia.?",vestido,vestido|vestidos|dress,"CORRECTO si la respuesta identifica únicamente la categoría esperada o un sinónimo aceptado; INCORRECTO si elige otra categoría, mezcla categorías incompatibles o se abstiene. SIN_RESPUESTA si está vacía. Ignore mayúsculas, tildes y singular/plural. No penalice una explicación adicional coherente. No use el color ni la talla como criterio decisivo. Evidencia decisiva en este caso: Es una pieza única que une el cuerpo superior con una falda integrada y cubre parte de las piernas.",,,
